t_s,ch,vbus_V,current_A,power_W
3551.135859,0,6.001758,0.0001660,0.0009963
3551.136975,0,6.000586,0.0000620,0.0003720
3551.138032,0,5.995508,-0.0002080,-0.0012471
3551.139090,0,5.998438,-0.0001660,-0.0009957
3551.140206,0,5.995508,-0.0000200,-0.0001199
3551.141263,0,5.997461,0.0000200,0.0001199
3551.142321,0,5.997266,-0.0001860,-0.0011155
3551.143436,0,6.002734,-0.0004780,-0.0028693
3551.144494,0,5.996484,-0.0002280,-0.0013672
3551.145610,0,5.997656,-0.0000620,-0.0003719
3551.146668,0,5.997070,-0.0002080,-0.0012474
3551.147725,0,6.001367,0.0001240,0.0007442
3551.148841,0,6.000977,-0.0001860,-0.0011162
3551.149899,0,6.000586,0.0000400,0.0002400
3551.151014,0,5.999414,0.0000400,0.0002400
3551.152072,0,5.999414,-0.0000200,-0.0001200
3551.153130,0,5.998242,0.0001660,0.0009957
3551.154247,0,5.999219,0.0000620,0.0003720
3551.155305,0,5.997852,0.0004780,0.0028670
3551.156363,0,5.998633,-0.0000200,-0.0001200
3551.157478,0,5.996875,-0.0003540,-0.0021229
3551.158536,0,5.996289,0.0000200,0.0001199
3551.159651,0,6.000781,0.0000820,0.0004921
3551.160709,0,5.997852,-0.0000200,-0.0001200
3551.161767,0,5.997266,-0.0000620,-0.0003718
3551.162882,0,5.997070,-0.0001660,-0.0009955
3551.163941,0,5.997852,-0.0001240,-0.0007437
3551.165000,0,5.997070,-0.0002700,-0.0016192
3551.166116,0,5.998633,-0.0001860,-0.0011157
3551.167174,0,5.999609,0.0000620,0.0003720
3551.168289,0,5.998438,0.0000200,0.0001200
3551.169347,0,5.995898,0.0000620,0.0003717
3551.170405,0,6.002930,0.0003740,0.0022451
3551.171520,0,5.998047,-0.0001860,-0.0011156
3551.172578,0,5.997852,-0.0000200,-0.0001200
3551.173693,0,5.998633,-0.0006040,-0.0036232
3551.174752,0,6.001758,0.0002500,0.0015004
3551.175809,0,5.999414,0.0001660,0.0009959
3551.176924,0,5.995313,-0.0002280,-0.0013669
3551.177982,0,5.997070,-0.0003120,-0.0018711
3551.179040,0,5.999219,0.0000820,0.0004919
3551.180155,0,6.001953,0.0002280,0.0013684
3551.181213,0,5.997070,-0.0001860,-0.0011155
3551.182328,0,5.998828,-0.0002700,-0.0016197
3551.183386,0,5.996875,-0.0002700,-0.0016192
3551.184446,0,6.001953,-0.0002280,-0.0013684
3551.185563,0,5.994531,0.0000620,0.0003717
3551.186620,0,5.998828,-0.0002280,-0.0013677
3551.187678,0,5.998438,-0.0000820,-0.0004919
3551.188793,0,5.995898,0.0002280,0.0013671
3551.189851,0,5.998438,-0.0000620,-0.0003719
3551.190967,0,5.998242,0.0002080,0.0012476
3551.192024,0,5.999023,-0.0001460,-0.0008759
3551.193082,0,6.000977,0.0000620,0.0003721
3551.194198,0,5.997070,0.0000200,0.0001199
3551.195257,0,5.996875,0.0000820,0.0004917
3551.196372,0,5.998242,-0.0000620,-0.0003719
3551.197430,0,5.997656,-0.0001860,-0.0011156
3551.198488,0,5.997852,-0.0000620,-0.0003719
3551.199603,0,6.000195,-0.0003740,-0.0022441
3551.200661,0,5.997852,0.0000400,0.0002399
3551.201719,0,5.998828,0.0002280,0.0013677
3551.202834,0,6.001367,0.0000400,0.0002401
3551.203892,0,5.997070,-0.0003120,-0.0018711
3551.205008,0,6.000195,-0.0001660,-0.0009960
3551.206066,0,5.998633,0.0000200,0.0001200
3551.207124,0,5.997070,0.0000820,0.0004918
3551.208240,0,6.000586,0.0000620,0.0003720
3551.209297,0,5.999414,0.0003120,0.0018718
3551.210355,0,5.998242,0.0001660,0.0009957
3551.211470,0,5.998047,-0.0001040,-0.0006238
3551.212528,0,5.999414,0.0000400,0.0002400
3551.213644,0,5.999219,0.0001240,0.0007439
3551.214703,0,5.998633,-0.0001240,-0.0007438
3551.215762,0,5.997852,0.0003960,0.0023751
3551.216877,0,5.998047,-0.0002500,-0.0014995
3551.217935,0,5.999219,-0.0002700,-0.0016198
3551.218993,0,6.002344,0.0003320,0.0019928
3551.220108,0,5.998633,-0.0002280,-0.0013677
3551.221166,0,5.996484,-0.0000820,-0.0004917
3551.222281,0,5.997266,0.0001040,0.0006237
3551.223339,0,6.000391,-0.0000400,-0.0002400
3551.224398,0,5.997266,0.0001040,0.0006237
3551.225515,0,5.995508,-0.0000620,-0.0003717
3551.226572,0,5.996875,-0.0002280,-0.0013673
3551.227688,0,5.997656,-0.0003320,-0.0019912
3551.228746,0,5.999023,-0.0002500,-0.0014998
3551.229803,0,5.996680,-0.0000200,-0.0001199
3551.230919,0,5.999609,0.0002280,0.0013679
3551.231976,0,5.997461,-0.0001240,-0.0007437
3551.233034,0,5.996875,-0.0002500,-0.0014992
3551.234150,0,5.996875,-0.0001040,-0.0006237
3551.235208,0,5.995703,-0.0001860,-0.0011152
3551.236324,0,5.998438,-0.0000620,-0.0003719
3551.237382,0,5.998438,0.0002080,0.0012477
3551.238439,0,5.994141,-0.0002280,-0.0013667
3551.239555,0,5.998438,-0.0001240,-0.0007438
3551.240612,0,6.002344,0.0000200,0.0001200
3551.241728,0,5.997461,-0.0002280,-0.0013674
3551.242786,0,5.998047,-0.0001460,-0.0008757
3551.243844,0,5.999414,0.0001240,0.0007439
3551.244961,0,5.998828,-0.0002500,-0.0014997
3551.246020,0,5.998242,0.0000200,0.0001200
3551.247078,0,6.000586,-0.0002280,-0.0013681
3551.248193,0,5.999609,0.0000000,0.0000000
3551.249251,0,5.997656,-0.0003540,-0.0021232
3551.250366,0,5.997852,-0.0003320,-0.0019913
3551.251424,0,5.998828,0.0002920,0.0017517
3551.252482,0,6.000391,-0.0002920,-0.0017521
3551.253597,0,5.998828,-0.0001660,-0.0009958
3551.254656,0,5.995898,-0.0001860,-0.0011152
3551.255715,0,5.996680,-0.0000620,-0.0003718
3551.256830,0,6.000781,-0.0002280,-0.0013682
3551.257888,0,5.998438,-0.0001240,-0.0007438
3551.259003,0,5.996094,-0.0001040,-0.0006236
3551.260061,0,5.994922,-0.0000400,-0.0002398
3551.261119,0,5.998242,-0.0001040,-0.0006238
3551.262234,0,5.998828,-0.0003120,-0.0018716
3551.263292,0,5.996484,-0.0001040,-0.0006236
3551.264350,0,5.998438,-0.0000820,-0.0004919
3551.265467,0,6.000195,-0.0003120,-0.0018721
3551.266525,0,5.999023,0.0001660,0.0009958
3551.267640,0,5.999609,0.0003120,0.0018719
3551.268698,0,6.000781,-0.0001240,-0.0007441
3551.269756,0,5.998047,-0.0001040,-0.0006238
3551.270871,0,5.999219,0.0001660,0.0009959
3551.271929,0,5.997070,0.0000400,0.0002399
3551.273044,0,5.998828,0.0000400,0.0002400
3551.274102,0,6.000391,0.0001040,0.0006240
3551.275160,0,6.000195,-0.0001460,-0.0008760
3551.276275,0,5.997070,0.0001460,0.0008756
3551.277333,0,5.995703,-0.0001660,-0.0009953
3551.278391,0,5.999219,0.0000200,0.0001200
3551.279506,0,5.996875,-0.0000820,-0.0004917
3551.280564,0,5.996680,-0.0004780,-0.0028664
3551.281679,0,6.000000,0.0001460,0.0008760
3551.282737,0,5.999219,-0.0003540,-0.0021237
3551.283795,0,6.000000,-0.0000200,-0.0001200
3551.284912,0,5.998828,0.0001240,0.0007439
3551.285970,0,5.996289,-0.0000820,-0.0004917
3551.287028,0,5.999609,-0.0004160,-0.0024958
3551.288144,0,5.999609,0.0001460,0.0008759
3551.289202,0,5.998047,-0.0000400,-0.0002399
3551.290317,0,6.002734,0.0002080,0.0012486
3551.291375,0,5.999805,-0.0000620,-0.0003720
3551.292433,0,6.001367,0.0001240,0.0007442
3551.293548,0,5.996094,-0.0002500,-0.0014990
3551.294606,0,5.997852,-0.0000620,-0.0003719
3551.295723,0,5.997461,0.0001040,0.0006237
3551.296780,0,5.997656,0.0000620,0.0003719
3551.297838,0,5.997461,-0.0003740,-0.0022431
3551.298954,0,5.997852,0.0000620,0.0003719
3551.300011,0,5.999219,-0.0000820,-0.0004919
3551.301127,0,5.999023,0.0001860,0.0011158
3551.302184,0,5.998828,-0.0000400,-0.0002400
3551.303242,0,5.997266,-0.0002700,-0.0016193
3551.304358,0,5.997656,0.0000400,0.0002399
3551.305416,0,5.997461,0.0000200,0.0001199
3551.306531,0,5.999805,-0.0000200,-0.0001200
3551.307589,0,5.996680,0.0000200,0.0001199
3551.308647,0,5.996484,0.0000620,0.0003718
3551.309762,0,5.998047,0.0002920,0.0017514
3551.310820,0,5.998828,-0.0000820,-0.0004919
3551.311878,0,6.001367,-0.0001240,-0.0007442
3551.313997,0,5.997852,0.0000400,0.0002399
3551.315766,0,5.996289,-0.0002280,-0.0013672
3551.317525,0,5.998828,0.0001460,0.0008758
3551.319282,0,5.997266,-0.0002920,-0.0017512
3551.321040,0,5.997461,-0.0001040,-0.0006237
3551.322797,0,6.001953,-0.0002500,-0.0015005
3551.324555,0,5.997266,0.0002080,0.0012474
3551.326313,0,5.999414,0.0002280,0.0013679
3551.327026,0,6.000195,0.0000200,0.0001200
3551.328084,0,5.997461,0.0000000,0.0000000
3551.329199,0,5.997656,-0.0001460,-0.0008757
3551.330257,0,6.000586,-0.0003740,-0.0022442
3551.331314,0,5.997852,-0.0002500,-0.0014995
3551.332430,0,6.001953,0.0001460,0.0008763
3551.333488,0,5.995703,-0.0001660,-0.0009953
3551.334603,0,5.999219,-0.0000820,-0.0004919
3551.335662,0,6.003516,-0.0001240,-0.0007444
3551.336720,0,5.998633,0.0000000,0.0000000
3551.337835,0,5.999414,0.0000400,0.0002400
3551.338893,0,5.997461,-0.0001660,-0.0009956
3551.339951,0,5.998047,0.0000820,0.0004918
3551.341066,0,5.998828,-0.0001040,-0.0006239
3551.342124,0,5.997266,0.0000620,0.0003718
3551.343239,0,5.995703,-0.0002280,-0.0013670
3551.344297,0,5.998242,0.0000400,0.0002399
3551.345356,0,6.001563,-0.0005000,-0.0030008
3551.346473,0,5.995703,-0.0000400,-0.0002398
3551.347530,0,6.001758,-0.0000400,-0.0002401
3551.348646,0,5.994336,-0.0002700,-0.0016185
3551.349704,0,5.995898,-0.0003120,-0.0018707
3551.350761,0,6.001172,-0.0001660,-0.0009962
3551.351877,0,5.996094,0.0002280,0.0013671
3551.352934,0,5.995313,0.0002080,0.0012470
3551.353992,0,5.996484,-0.0001660,-0.0009954
3551.355109,0,5.996484,-0.0001240,-0.0007436
3551.356167,0,5.998438,-0.0002500,-0.0014996
3551.357283,0,5.998047,-0.0001040,-0.0006238
3551.358340,0,6.000781,-0.0000620,-0.0003720
3551.359398,0,6.001953,-0.0001240,-0.0007442
3551.360513,0,5.999023,0.0000000,0.0000000
3551.361571,0,5.998828,0.0000400,0.0002400
3551.362629,0,5.997656,0.0000400,0.0002399
3551.363744,0,5.999414,-0.0003320,-0.0019918
3551.364802,0,5.996484,0.0000620,0.0003718
3551.365918,0,5.998828,-0.0003960,-0.0023755
3551.366976,0,6.002148,0.0001040,0.0006242
3551.368034,0,5.997266,-0.0001040,-0.0006237
3551.369149,0,5.999414,-0.0002700,-0.0016198
3551.370207,0,5.999414,0.0001040,0.0006239
3551.371322,0,5.999414,-0.0002080,-0.0012479
3551.372380,0,5.999414,-0.0002080,-0.0012479
3551.373438,0,5.997461,0.0002700,0.0016193
3551.374553,0,5.998828,0.0000620,0.0003719
3551.375613,0,5.996680,-0.0001660,-0.0009954
3551.376672,0,5.995508,-0.0002500,-0.0014989
3551.377787,0,5.998633,0.0001860,0.0011157
3551.378845,0,6.003516,-0.0000620,-0.0003722
3551.379960,0,5.999414,-0.0002080,-0.0012479
3551.381018,0,5.995703,-0.0003120,-0.0018707
3551.382076,0,5.999023,-0.0001460,-0.0008759
3551.383191,0,5.999805,-0.0002500,-0.0015000
3551.384249,0,5.997266,-0.0002080,-0.0012474
3551.385308,0,5.999414,0.0001040,0.0006239
3551.386424,0,5.997656,0.0000620,0.0003719
3551.387482,0,6.000391,-0.0002700,-0.0016201
3551.388597,0,5.996289,-0.0002280,-0.0013672
3551.389655,0,5.998438,-0.0002080,-0.0012477
3551.390713,0,5.999609,0.0001040,0.0006240
3551.391828,0,5.998438,0.0000200,0.0001200
3551.392885,0,5.997266,-0.0002700,-0.0016193
3551.394001,0,5.998242,-0.0001040,-0.0006238
3551.395059,0,5.999414,0.0001240,0.0007439
3551.396118,0,5.999023,-0.0001860,-0.0011158
3551.397233,0,5.997852,-0.0001860,-0.0011156
3551.398291,0,5.998242,-0.0001660,-0.0009957
3551.399349,0,6.000781,-0.0004160,-0.0024963
3551.400464,0,5.998828,-0.0001240,-0.0007439
3551.401522,0,5.999219,-0.0000400,-0.0002400
3551.402638,0,5.996680,-0.0001660,-0.0009954
3551.403695,0,5.998242,0.0000820,0.0004919
3551.404753,0,5.999414,-0.0000200,-0.0001200
3551.405871,0,5.997461,0.0000820,0.0004918
3551.406930,0,5.999219,-0.0002080,-0.0012478
3551.407988,0,5.997852,0.0003540,0.0021232
3551.409103,0,5.997461,-0.0000400,-0.0002399
3551.410161,0,5.998633,-0.0002280,-0.0013677
3551.411276,0,5.994531,-0.0002280,-0.0013668
3551.412334,0,5.998633,0.0002700,0.0016196
3551.413392,0,5.999609,-0.0001240,-0.0007440
3551.414507,0,5.999805,0.0005620,0.0033719
3551.415566,0,5.996484,-0.0001040,-0.0006236
3551.416625,0,5.996680,0.0003320,0.0019909
3551.417740,0,6.000586,-0.0001040,-0.0006241
3551.418798,0,5.997852,0.0000820,0.0004918
3551.419913,0,6.000781,-0.0000200,-0.0001200
3551.420971,0,5.998242,-0.0000620,-0.0003719
3551.422029,0,5.998633,-0.0001860,-0.0011157
3551.423144,0,5.996484,0.0002080,0.0012473
3551.424202,0,5.998242,-0.0001660,-0.0009957
3551.425318,0,5.994141,-0.0000620,-0.0003716
3551.426377,0,6.000195,-0.0002920,-0.0017521
3551.427434,0,6.000586,-0.0001860,-0.0011161
3551.428550,0,5.998047,0.0000400,0.0002399
3551.429607,0,5.995898,0.0002700,0.0016189
3551.430665,0,5.998438,-0.0003960,-0.0023754
3551.431781,0,6.001758,-0.0002700,-0.0016205
3551.432838,0,5.998438,-0.0004160,-0.0024953
3551.433954,0,6.000000,0.0000820,0.0004920
3551.435011,0,6.001563,-0.0003320,-0.0019925
3551.436069,0,6.001563,0.0000000,0.0000000
3551.437185,0,5.998047,0.0000200,0.0001200
3551.438242,0,5.996875,-0.0004160,-0.0024947
3551.439358,0,6.001758,-0.0001460,-0.0008763
3551.440416,0,5.998438,-0.0002500,-0.0014996
3551.441473,0,5.997461,-0.0000200,-0.0001199
3551.442589,0,5.999219,0.0000000,0.0000000
3551.443646,0,5.998047,-0.0001040,-0.0006238
3551.444704,0,5.999219,0.0000000,0.0000000
3551.445821,0,5.999219,0.0000400,0.0002400
3551.446880,0,5.996484,-0.0003740,-0.0022427
3551.447995,0,5.998828,0.0000000,0.0000000
3551.449053,0,5.997852,0.0003120,0.0018713
3551.450111,0,5.998828,0.0001460,0.0008758
3551.451226,0,5.997461,0.0000620,0.0003718
3551.452284,0,5.997266,-0.0002920,-0.0017512
3551.453342,0,5.999023,-0.0000400,-0.0002400
3551.454457,0,5.999219,0.0000400,0.0002400
3551.455515,0,6.000781,-0.0000620,-0.0003720
3551.456632,0,5.997656,-0.0001040,-0.0006238
3551.457689,0,5.999609,0.0001240,0.0007440
3551.458747,0,5.996484,0.0000820,0.0004917
3551.459863,0,5.997266,-0.0003320,-0.0019911
3551.460920,0,5.999609,-0.0002700,-0.0016199
3551.461978,0,6.001367,-0.0005840,-0.0035048
3551.463094,0,5.996875,-0.0001240,-0.0007436
3551.464151,0,5.995703,-0.0003740,-0.0022424
3551.465267,0,5.995898,0.0001240,0.0007435
3551.466325,0,5.999805,-0.0003740,-0.0022439
3551.467383,0,5.999023,0.0000200,0.0001200
3551.468498,0,6.000781,-0.0000620,-0.0003720
3551.469556,0,6.000391,0.0001040,0.0006240
3551.470671,0,6.000586,-0.0001040,-0.0006241
3551.471729,0,5.999609,-0.0001860,-0.0011159
3551.472787,0,5.997070,-0.0001040,-0.0006237
3551.473902,0,5.997461,0.0024400,0.0146338
3551.474960,0,5.997461,0.0026680,0.0160012
3551.476019,0,5.996875,0.0040460,0.0242634
3551.477135,0,5.997656,0.0013760,0.0082528
3551.478193,0,5.998242,-0.0003540,-0.0021234
3551.479308,0,6.000195,-0.0002280,-0.0013680
3551.480366,0,5.997070,-0.0002700,-0.0016192
3551.481424,0,5.996484,-0.0001460,-0.0008755
3551.482539,0,6.000391,-0.0005000,-0.0030002
3551.483597,0,6.001563,-0.0000400,-0.0002401
3551.484712,0,5.997461,0.0000620,0.0003718
3551.485771,0,5.996680,-0.0003320,-0.0019909
3551.486829,0,5.995703,-0.0002920,-0.0017507
3551.487945,0,6.001367,-0.0000820,-0.0004921
3551.489003,0,5.999414,-0.0004780,-0.0028677
3551.490060,0,5.999805,-0.0002280,-0.0013680
3551.491176,0,6.000781,-0.0002920,-0.0017522
3551.492233,0,6.000586,0.0000400,0.0002400
3551.493349,0,5.998438,-0.0002280,-0.0013676
3551.494407,0,6.000000,-0.0002500,-0.0015000
3551.495464,0,5.999805,0.0001240,0.0007440
3551.496581,0,5.997852,0.0001240,0.0007437
3551.497639,0,5.996289,0.0002920,0.0017509
3551.498697,0,5.996680,-0.0003540,-0.0021228
3551.499812,0,5.998242,-0.0001040,-0.0006238
3551.500870,0,5.997852,0.0000200,0.0001200
3551.501985,0,5.999609,0.0000620,0.0003720
3551.503043,0,5.998828,0.0002080,0.0012478
3551.504101,0,5.998242,-0.0002080,-0.0012476
3551.505216,0,6.001758,-0.0001240,-0.0007442
3551.506276,0,5.998242,0.0000620,0.0003719
3551.507334,0,6.000195,-0.0002080,-0.0012480
3551.508450,0,5.997852,-0.0004380,-0.0026271
3551.509508,0,5.997461,-0.0001040,-0.0006237
3551.510623,0,6.000195,0.0001460,0.0008760
3551.511681,0,5.997461,-0.0000620,-0.0003718
3551.512738,0,5.998438,0.0000000,0.0000000
3551.513854,0,5.997852,-0.0000200,-0.0001200
3551.514911,0,6.001367,-0.0000200,-0.0001200
3551.516028,0,5.997656,0.0002920,0.0017513
3551.517086,0,5.996289,-0.0000200,-0.0001199
3551.518144,0,5.999023,-0.0002280,-0.0013678
3551.519259,0,6.001758,-0.0001240,-0.0007442
3551.520317,0,5.999023,-0.0000400,-0.0002400
3551.521375,0,6.000195,-0.0002920,-0.0017521
3551.522490,0,6.001563,0.0002700,0.0016204
3551.523548,0,6.000000,0.0001660,0.0009960
3551.524664,0,5.997852,-0.0000400,-0.0002399
3551.525722,0,5.999609,-0.0000200,-0.0001200
3551.526780,0,5.999414,-0.0002500,-0.0014999
3551.527895,0,5.999023,0.0000820,0.0004919
3551.528953,0,5.999023,-0.0002700,-0.0016197
3551.530068,0,6.000195,-0.0001460,-0.0008760
3551.531126,0,6.001563,-0.0001240,-0.0007442
3551.532184,0,5.998438,0.0001040,0.0006238
3551.533299,0,6.000586,-0.0001460,-0.0008761
3551.534357,0,5.997461,0.0000200,0.0001199
3551.535415,0,5.994922,-0.0002080,-0.0012469
3551.536533,0,6.000781,-0.0001040,-0.0006241
3551.537592,0,5.998828,-0.0001240,-0.0007439
3551.538707,0,5.999023,-0.0002080,-0.0012478
3551.539765,0,5.998828,0.0002920,0.0017517
3551.540823,0,6.000781,-0.0002920,-0.0017522
3551.541938,0,5.999023,0.0002280,0.0013678
3551.542996,0,6.001563,0.0001660,0.0009963
3551.544053,0,6.000586,-0.0001860,-0.0011161
3551.545169,0,5.996875,0.0002280,0.0013673
3551.546228,0,5.997266,-0.0001860,-0.0011155
3551.547344,0,5.998633,0.0000400,0.0002399
3551.548402,0,6.002734,-0.0003120,-0.0018729
3551.549460,0,6.000586,0.0000200,0.0001200
3551.550575,0,5.997656,-0.0002700,-0.0016194
3551.551633,0,5.998828,-0.0002500,-0.0014997
3551.552691,0,5.998633,-0.0001240,-0.0007438
3551.553806,0,5.998828,0.0000200,0.0001200
3551.554864,0,5.996094,0.0002280,0.0013671
3551.555980,0,5.997461,-0.0000200,-0.0001199
3551.557038,0,5.999023,-0.0001460,-0.0008759
3551.558096,0,5.998828,0.0002500,0.0014997
3551.559212,0,5.998633,0.0001240,0.0007438
3551.560270,0,5.998438,-0.0002500,-0.0014996
3551.561385,0,6.000586,0.0000400,0.0002400
3551.562443,0,6.000195,-0.0003740,-0.0022441
3551.563501,0,5.997656,0.0001460,0.0008757
3551.564616,0,5.997461,0.0002500,0.0014994
3551.565674,0,6.000977,0.0001460,0.0008761
3551.566733,0,6.000000,-0.0003320,-0.0019920
3551.567849,0,5.997656,0.0001240,0.0007437
3551.568907,0,5.998828,0.0000400,0.0002400
3551.570022,0,5.996875,0.0002500,0.0014992
3551.571080,0,5.995508,-0.0003540,-0.0021224
3551.572138,0,5.999414,0.0002280,0.0013679
3551.573253,0,6.000000,0.0001860,0.0011160
3551.574311,0,6.001172,-0.0001240,-0.0007441
3551.575369,0,5.996680,0.0000200,0.0001199
3551.576485,0,5.997656,-0.0004580,-0.0027469
3551.577544,0,6.000195,0.0000200,0.0001200
3551.578659,0,5.998828,-0.0001240,-0.0007439
3551.579717,0,6.000000,-0.0000400,-0.0002400
3551.580775,0,5.999609,-0.0001240,-0.0007440
3551.581890,0,6.000781,0.0000400,0.0002400
3551.582948,0,5.999023,-0.0000200,-0.0001200
3551.584063,0,6.000000,-0.0001860,-0.0011160
3551.585121,0,5.998438,-0.0003740,-0.0022434
3551.586180,0,5.999609,0.0003540,0.0021239
3551.587296,0,6.001758,-0.0003540,-0.0021246
3551.588354,0,5.997461,0.0000000,0.0000000
3551.589412,0,5.998438,-0.0001040,-0.0006238
3551.590527,0,5.995313,0.0002280,0.0013669
3551.591585,0,6.000781,-0.0001660,-0.0009961
3551.592701,0,6.000000,-0.0002080,-0.0012480
3551.593758,0,5.997852,0.0002500,0.0014995
3551.594816,0,5.995703,0.0000200,0.0001199
3551.595931,0,5.999023,0.0000620,0.0003719
3551.596989,0,5.998633,0.0003320,0.0019915
3551.598047,0,5.998828,-0.0001460,-0.0008758
3551.599162,0,6.000000,-0.0000620,-0.0003720
3551.600220,0,5.998633,0.0000400,0.0002399
3551.601335,0,5.998828,-0.0002080,-0.0012478
3551.602393,0,5.996484,-0.0001460,-0.0008755
3551.603451,0,5.998242,-0.0004780,-0.0028672
3551.604567,0,5.998438,-0.0001040,-0.0006238
3551.605624,0,6.001758,0.0001660,0.0009963
3551.606741,0,5.996094,-0.0001660,-0.0009954
3551.607800,0,5.999609,-0.0001660,-0.0009959
3551.608858,0,6.000391,-0.0002080,-0.0012481
3551.609973,0,6.000391,0.0001860,0.0011161
3551.611031,0,5.998828,0.0005200,0.0031194
3551.614005,0,5.998828,0.0006460,0.0038752
3551.615769,0,5.997266,0.0001460,0.0008756
3551.617529,0,6.000000,-0.0003120,-0.0018720
3551.619288,0,5.999414,0.0000820,0.0004920
3551.621045,0,5.996094,-0.0004160,-0.0024944
3551.622803,0,6.000195,0.0000200,0.0001200
3551.624560,0,5.999023,-0.0000820,-0.0004919
3551.626318,0,5.998047,0.0000620,0.0003719
3551.627204,0,5.995898,0.0002280,0.0013671
3551.628319,0,6.000000,-0.0001040,-0.0006240
3551.629377,0,5.995703,0.0000000,0.0000000
3551.630492,0,6.000977,-0.0000400,-0.0002400
3551.631550,0,5.997266,-0.0001240,-0.0007437
3551.632608,0,5.998242,-0.0000820,-0.0004919
3551.633723,0,5.997070,-0.0001240,-0.0007436
3551.634781,0,5.999609,-0.0001660,-0.0009959
3551.635896,0,5.998438,0.0001460,0.0008758
3551.636956,0,5.995898,0.0000200,0.0001199
3551.638015,0,5.996484,0.0000200,0.0001199
3551.639130,0,5.997461,0.0001660,0.0009956
3551.640188,0,5.998047,-0.0001860,-0.0011156
3551.641246,0,5.998633,-0.0000400,-0.0002399
3551.642361,0,5.997070,0.0002700,0.0016192
3551.643418,0,5.996289,0.0000200,0.0001199
3551.644534,0,5.996875,-0.0001660,-0.0009955
3551.645592,0,6.000195,-0.0001460,-0.0008760
3551.646650,0,5.998438,-0.0001660,-0.0009957
3551.647767,0,6.000391,0.0001040,0.0006240
3551.648824,0,5.998438,0.0002080,0.0012477
3551.649882,0,5.999023,0.0000820,0.0004919
3551.650998,0,5.997852,-0.0001660,-0.0009956
3551.652055,0,5.999414,0.0002280,0.0013679
3551.653171,0,6.000195,-0.0003120,-0.0018721
3551.654228,0,6.000391,0.0000400,0.0002400
3551.655286,0,5.998633,0.0000000,0.0000000
3551.656402,0,6.002344,0.0000200,0.0001200
3551.657460,0,6.001367,-0.0004160,-0.0024966
3551.658576,0,5.995508,0.0000200,0.0001199
3551.659633,0,5.998242,-0.0002500,-0.0014996
3551.660691,0,5.999805,0.0000400,0.0002400
3551.661806,0,5.998242,-0.0002700,-0.0016195
3551.662864,0,5.995703,-0.0002500,-0.0014989
3551.663922,0,5.999219,-0.0002500,-0.0014998
3551.665037,0,5.998242,-0.0004580,-0.0027472
3551.666095,0,5.997461,-0.0000820,-0.0004918
3551.667213,0,5.996289,-0.0001460,-0.0008755
3551.668272,0,5.997266,-0.0001240,-0.0007437
3551.669329,0,5.996875,0.0000200,0.0001199
3551.670445,0,5.998828,0.0000400,0.0002400
3551.671502,0,5.998633,-0.0002080,-0.0012477
3551.672560,0,5.999219,-0.0002080,-0.0012478
3551.673675,0,5.996094,-0.0000620,-0.0003718
3551.674733,0,5.995313,-0.0002080,-0.0012470
3551.675849,0,6.000000,0.0000620,0.0003720
3551.676907,0,5.998242,0.0000000,0.0000000
3551.677965,0,5.999414,-0.0003540,-0.0021238
3551.679081,0,5.996094,-0.0001040,-0.0006236
3551.680139,0,5.998438,-0.0000620,-0.0003719
3551.681196,0,6.001563,-0.0006040,-0.0036249
3551.682312,0,6.000781,0.0001040,0.0006241
3551.683369,0,6.000391,0.0000620,0.0003720
3551.684485,0,5.998633,-0.0001040,-0.0006239
3551.685543,0,5.999414,0.0003120,0.0018718
3551.686601,0,6.001367,0.0000820,0.0004921
3551.687717,0,6.000195,0.0001240,0.0007440
3551.688775,0,5.996875,0.0000400,0.0002399
3551.689890,0,5.999414,0.0002280,0.0013679
3551.690948,0,6.000586,0.0002280,0.0013681
3551.692006,0,5.998633,-0.0000820,-0.0004919
3551.693121,0,5.998242,0.0000620,0.0003719
3551.694179,0,5.999023,-0.0001240,-0.0007439
3551.695237,0,6.001172,-0.0001860,-0.0011162
3551.696352,0,5.998828,-0.0000820,-0.0004919
3551.697413,0,5.998047,-0.0004160,-0.0024952
3551.698529,0,5.994727,0.0001240,0.0007433
3551.699587,0,6.002148,-0.0000200,-0.0001200
3551.700645,0,5.997461,0.0000000,0.0000000
3551.701760,0,5.999609,-0.0000820,-0.0004920
3551.702818,0,6.000977,-0.0001040,-0.0006241
3551.703875,0,5.997070,0.0000400,0.0002399
3551.704991,0,5.999023,0.0001460,0.0008759
3551.706048,0,5.997656,-0.0002280,-0.0013675
3551.707165,0,5.997852,-0.0003740,-0.0022432
3551.708224,0,6.000586,0.0002280,0.0013681
3551.709282,0,6.000781,0.0001860,0.0011161
3551.710397,0,5.997266,0.0001660,0.0009955
3551.711455,0,5.995898,-0.0005000,-0.0029979
3551.712570,0,6.000000,-0.0000200,-0.0001200
3551.713628,0,5.999023,-0.0001460,-0.0008759
3551.714686,0,6.000000,-0.0001460,-0.0008760
3551.715801,0,5.997656,0.0004380,0.0026270
3551.716859,0,5.997852,-0.0000200,-0.0001200
3551.717917,0,6.000781,0.0005620,0.0033724
3551.719033,0,5.997656,-0.0000820,-0.0004918
3551.720091,0,5.998438,-0.0004780,-0.0028673
3551.721206,0,5.997461,0.0001660,0.0009956
3551.722264,0,6.001367,-0.0000820,-0.0004921
3551.723321,0,5.999805,-0.0002280,-0.0013680
3551.724437,0,5.998633,0.0001240,0.0007438
3551.725495,0,5.998633,-0.0001240,-0.0007438
3551.726553,0,5.998242,-0.0001040,-0.0006238
3551.727670,0,5.998047,0.0002920,0.0017514
3551.728729,0,5.996680,0.0001860,0.0011154
3551.729845,0,5.998633,-0.0001660,-0.0009958
3551.730902,0,5.998828,-0.0001460,-0.0008758
3551.731960,0,5.996680,-0.0000400,-0.0002399
3551.733075,0,5.997461,-0.0002700,-0.0016193
3551.734133,0,5.997461,-0.0002080,-0.0012475
3551.735191,0,5.997852,0.0001460,0.0008757
3551.736306,0,5.999414,-0.0003740,-0.0022438
3551.737365,0,5.996680,0.0000820,0.0004917
3551.738481,0,6.000000,-0.0001040,-0.0006240
3551.739539,0,6.000781,0.0000200,0.0001200
3551.740597,0,6.002539,-0.0000620,-0.0003722
3551.741712,0,5.996875,-0.0001040,-0.0006237
3551.742770,0,5.996680,0.0003120,0.0018710
3551.743885,0,5.997070,0.0001660,0.0009955
3551.744943,0,6.000781,0.0001040,0.0006241
3551.746001,0,5.998438,-0.0001040,-0.0006238
3551.747116,0,5.998242,-0.0001660,-0.0009957
3551.748175,0,6.001367,0.0001240,0.0007442
3551.749233,0,5.995313,-0.0002500,-0.0014988
3551.750348,0,5.999805,-0.0005000,-0.0029999
3551.751406,0,5.998047,-0.0000400,-0.0002399
3551.752521,0,6.001758,-0.0004160,-0.0024967
3551.753579,0,6.000000,-0.0001460,-0.0008760
3551.754637,0,5.997656,0.0000820,0.0004918
3551.755752,0,5.999023,-0.0001460,-0.0008759
3551.756810,0,5.997656,0.0000620,0.0003719
3551.757870,0,5.997461,-0.0000200,-0.0001199
3551.758986,0,5.998828,0.0001660,0.0009958
3551.760044,0,5.996875,-0.0001860,-0.0011154
3551.761159,0,5.998047,-0.0000620,-0.0003719
3551.762217,0,6.001953,0.0000400,0.0002401
3551.763275,0,5.998828,-0.0001040,-0.0006239
3551.764390,0,6.000195,0.0001240,0.0007440
3551.765448,0,6.000195,-0.0002920,-0.0017521
3551.766563,0,5.997852,-0.0001460,-0.0008757
3551.767623,0,5.998633,-0.0003320,-0.0019915
3551.768681,0,5.999023,0.0000620,0.0003719
3551.769796,0,6.000586,-0.0002700,-0.0016202
3551.770854,0,5.998438,0.0001460,0.0008758
3551.771912,0,5.997266,0.0000000,0.0000000
3551.773027,0,6.000195,0.0001660,0.0009960
3551.774085,0,5.998828,0.0000620,0.0003719
3551.775200,0,6.000391,0.0003740,0.0022441
3551.776258,0,5.998438,0.0005000,0.0029992
3551.777317,0,5.999414,-0.0005620,-0.0033717
3551.778432,0,6.001172,-0.0001040,-0.0006241
3551.779490,0,5.997852,-0.0000400,-0.0002399
3551.780548,0,5.995703,0.0000820,0.0004916
3551.781663,0,5.998438,0.0001040,0.0006238
3551.782721,0,5.999805,-0.0002280,-0.0013680
3551.783836,0,6.002344,0.0000000,0.0000000
3551.784894,0,5.996680,-0.0006040,-0.0036220
3551.785952,0,6.000977,0.0002280,0.0013682
3551.787067,0,5.995508,0.0000000,0.0000000
3551.788126,0,6.001563,-0.0000400,-0.0002401
3551.789241,0,6.000586,-0.0001860,-0.0011161
3551.790299,0,6.000195,0.0000000,0.0000000
3551.791357,0,5.999023,-0.0002080,-0.0012478
3551.792472,0,5.999805,0.0000620,0.0003720
3551.793529,0,5.996289,-0.0001860,-0.0011153
3551.794587,0,5.998438,0.0002920,0.0017515
3551.795703,0,5.996484,0.0000620,0.0003718
3551.796760,0,5.997070,0.0000820,0.0004918
3551.797877,0,5.997070,0.0001860,0.0011155
3551.798936,0,6.000977,-0.0002920,-0.0017523
3551.800051,0,6.001172,-0.0001660,-0.0009962
3551.801109,0,5.996484,-0.0003960,-0.0023746
3551.802167,0,6.000586,0.0000820,0.0004920
3551.803282,0,5.999805,-0.0002500,-0.0015000
3551.804340,0,6.002344,0.0001460,0.0008763
3551.805398,0,5.998438,0.0001240,0.0007438
3551.806513,0,5.999414,-0.0001040,-0.0006239
3551.807571,0,5.999219,-0.0005420,-0.0032516
3551.808688,0,5.999805,0.0002080,0.0012480
3551.809745,0,5.994922,-0.0001660,-0.0009952
3551.810803,0,5.997656,-0.0001660,-0.0009956
3551.811919,0,5.996875,0.0000620,0.0003718
3551.812976,0,6.003906,-0.0001460,-0.0008766
3551.814034,0,5.994336,0.0003120,0.0018702
3551.815149,0,5.998828,-0.0001860,-0.0011158
3551.816207,0,5.996875,-0.0004380,-0.0026266
3551.817323,0,6.001172,-0.0002280,-0.0013683
3551.818381,0,6.000000,-0.0002700,-0.0016200
3551.819439,0,5.999023,0.0002700,0.0016197
3551.820554,0,5.997461,-0.0000200,-0.0001199
3551.821611,0,5.997266,-0.0000820,-0.0004918
3551.822727,0,5.999609,-0.0001660,-0.0009959
3551.823785,0,6.000977,-0.0001040,-0.0006241
3551.824843,0,5.998438,0.0003120,0.0018715
3551.825958,0,6.000781,-0.0003960,-0.0023763
3551.827016,0,5.999609,-0.0001240,-0.0007440
3551.828076,0,5.998633,0.0003540,0.0021235
3551.829192,0,5.998242,0.0001660,0.0009957
3551.830250,0,6.000977,-0.0000820,-0.0004921
3551.831365,0,6.000781,-0.0000620,-0.0003720
3551.832423,0,5.998242,-0.0000200,-0.0001200
3551.833481,0,5.996680,-0.0002500,-0.0014992
3551.834596,0,5.999609,0.0000000,0.0000000
3551.835653,0,6.000781,-0.0002920,-0.0017522
3551.836711,0,5.999414,-0.0001240,-0.0007439
3551.837828,0,6.001367,-0.0003540,-0.0021245
3551.838886,0,5.999023,-0.0002080,-0.0012478
3551.840002,0,5.999805,-0.0000200,-0.0001200
3551.841060,0,5.997656,-0.0000200,-0.0001200
3551.842117,0,6.000195,-0.0001860,-0.0011160
3551.843233,0,6.000391,-0.0001660,-0.0009961
3551.844291,0,6.000781,-0.0000400,-0.0002400
3551.845406,0,5.998242,0.0000000,0.0000000
3551.846464,0,5.998047,-0.0000400,-0.0002399
3551.847521,0,5.997852,-0.0001460,-0.0008757
3551.848637,0,5.998828,-0.0003960,-0.0023755
3551.849695,0,5.998438,0.0001040,0.0006238
3551.850753,0,5.998828,-0.0000200,-0.0001200
3551.851868,0,5.997266,0.0001240,0.0007437
3551.852926,0,5.997266,0.0000200,0.0001199
3551.854042,0,5.998047,-0.0005420,-0.0032509
3551.855099,0,5.998438,0.0003960,0.0023754
3551.856157,0,6.001758,0.0002080,0.0012484
3551.857273,0,5.999023,0.0000000,0.0000000
3551.858333,0,6.000000,-0.0001860,-0.0011160
3551.859391,0,5.994727,0.0001040,0.0006235
3551.860507,0,5.999414,0.0005200,0.0031197
3551.861565,0,5.995703,0.0000820,0.0004916
3551.862680,0,5.996094,-0.0001040,-0.0006236
3551.863738,0,5.998242,0.0000400,0.0002399
3551.864796,0,6.001367,0.0000200,0.0001200
3551.865911,0,5.997070,-0.0003740,-0.0022429
3551.866969,0,5.998242,0.0002080,0.0012476
3551.868085,0,6.002539,0.0002700,0.0016207
3551.869144,0,6.000391,-0.0001040,-0.0006240
3551.870201,0,5.998242,-0.0000400,-0.0002399
3551.871317,0,5.998633,0.0002080,0.0012477
3551.872375,0,5.998242,-0.0001240,-0.0007438
3551.873433,0,6.001563,-0.0002920,-0.0017525
3551.874548,0,5.998828,-0.0001660,-0.0009958
3551.875606,0,6.000195,-0.0000820,-0.0004920
3551.876721,0,5.996094,0.0000400,0.0002398
3551.877779,0,6.000391,-0.0001660,-0.0009961
3551.878837,0,6.002539,-0.0001860,-0.0011165
3551.879953,0,5.995508,0.0000200,0.0001199
3551.881010,0,5.998438,-0.0001040,-0.0006238
3551.882068,0,5.996875,-0.0000820,-0.0004917
3551.883184,0,6.000781,-0.0000820,-0.0004921
3551.884242,0,5.996875,0.0000400,0.0002399
3551.885357,0,5.999023,-0.0000620,-0.0003719
3551.886415,0,5.998242,-0.0002280,-0.0013676
3551.887473,0,5.996680,-0.0001460,-0.0008755
3551.888591,0,5.998438,0.0000200,0.0001200
3551.889650,0,5.997070,-0.0004380,-0.0026267
3551.890708,0,6.000977,0.0001460,0.0008761
3551.891823,0,6.000586,0.0001660,0.0009961
3551.892881,0,5.999805,-0.0001860,-0.0011160
3551.893996,0,5.998242,-0.0000820,-0.0004919
3551.895054,0,5.998828,0.0001860,0.0011158
3551.896112,0,5.999414,-0.0000200,-0.0001200
3551.897227,0,5.997070,0.0000400,0.0002399
3551.898285,0,5.997852,-0.0003120,-0.0018713
3551.899402,0,6.000000,-0.0001860,-0.0011160
3551.900459,0,5.997461,0.0000000,0.0000000
3551.901517,0,5.996484,-0.0001040,-0.0006236
3551.902633,0,5.997656,-0.0001240,-0.0007437
3551.903690,0,6.000195,0.0000000,0.0000000
3551.904748,0,6.003125,-0.0001860,-0.0011166
3551.905863,0,5.996289,-0.0001040,-0.0006236
3551.906921,0,5.997070,-0.0001240,-0.0007436
3551.908037,0,6.000195,-0.0001240,-0.0007440
3551.909095,0,5.998633,-0.0000620,-0.0003719
3551.910153,0,5.997070,-0.0002500,-0.0014993
3551.911269,0,5.998828,0.0003120,0.0018716
3551.914016,0,5.999805,0.0006460,0.0038759
3551.915783,0,5.998438,-0.0001040,-0.0006238
3551.917540,0,5.999219,-0.0003320,-0.0019917
3551.919298,0,5.998828,-0.0000620,-0.0003719
3551.921057,0,5.999609,0.0002920,0.0017519
3551.922814,0,5.999414,0.0004380,0.0026277
3551.924572,0,5.999023,-0.0001040,-0.0006239
3551.926329,0,5.996289,0.0001040,0.0006236
3551.927445,0,5.994531,0.0000200,0.0001199
3551.928504,0,5.999805,-0.0001460,-0.0008760
3551.929620,0,5.996680,-0.0001040,-0.0006237
3551.930678,0,6.000781,-0.0003120,-0.0018722
3551.931794,0,5.999609,-0.0000200,-0.0001200
3551.932851,0,5.995703,0.0002920,0.0017507
3551.933909,0,5.998828,0.0001660,0.0009958
3551.935025,0,5.997852,-0.0001460,-0.0008757
3551.936082,0,5.999805,-0.0003120,-0.0018719
3551.937198,0,5.998633,-0.0000400,-0.0002399
3551.938256,0,5.999609,-0.0002280,-0.0013679
3551.939314,0,5.999609,0.0001460,0.0008759
3551.940430,0,5.997852,-0.0003120,-0.0018713
3551.941488,0,5.997852,0.0003320,0.0019913
3551.942545,0,5.996875,-0.0001860,-0.0011154
3551.943661,0,5.997461,0.0001460,0.0008756
3551.944718,0,5.998242,-0.0002920,-0.0017515
3551.945834,0,5.997070,-0.0001660,-0.0009955
3551.946891,0,5.998633,0.0000000,0.0000000
3551.947949,0,6.000391,0.0002920,0.0017521
3551.949065,0,5.999023,-0.0002700,-0.0016197
3551.950122,0,5.998242,-0.0000620,-0.0003719
3551.951180,0,5.998828,-0.0003120,-0.0018716
3551.952296,0,5.998438,0.0000200,0.0001200
3551.953353,0,5.995703,0.0000820,0.0004916
3551.954469,0,5.997852,-0.0001660,-0.0009956
3551.955526,0,5.999805,0.0002500,0.0015000
3551.956584,0,5.998047,0.0002920,0.0017514
3551.957700,0,5.999023,-0.0001860,-0.0011158
3551.958759,0,5.995313,-0.0001240,-0.0007434
3551.959875,0,5.998633,0.0000620,0.0003719
3551.960933,0,5.996094,-0.0001040,-0.0006236
3551.961991,0,5.999023,0.0001040,0.0006239
3551.963106,0,5.996680,-0.0002700,-0.0016191
3551.964164,0,6.000391,-0.0000820,-0.0004920
3551.965222,0,5.999023,-0.0001460,-0.0008759
3551.966337,0,5.999414,0.0001460,0.0008759
3551.967395,0,5.999609,-0.0003540,-0.0021239
3551.968511,0,6.001172,-0.0004380,-0.0026285
3551.969569,0,5.997852,-0.0001240,-0.0007437
3551.970627,0,5.999414,0.0000200,0.0001200
3551.971742,0,5.997461,-0.0000620,-0.0003718
3551.972800,0,5.998828,0.0003740,0.0022436
3551.973858,0,6.002930,-0.0002920,-0.0017529
3551.974973,0,5.996289,-0.0002080,-0.0012472
3551.976031,0,5.996484,-0.0001860,-0.0011153
3551.977146,0,6.000391,-0.0002700,-0.0016201
3551.978204,0,6.000000,-0.0001040,-0.0006240
3551.979262,0,5.996484,-0.0002080,-0.0012473
3551.980378,0,5.999609,0.0001860,0.0011159
3551.981436,0,5.996484,-0.0001660,-0.0009954
3551.982551,0,5.998438,0.0001040,0.0006238
3551.983609,0,5.999805,0.0001040,0.0006240
3551.984667,0,5.995703,0.0000000,0.0000000
3551.985782,0,5.998242,-0.0003960,-0.0023753
3551.986840,0,5.998242,-0.0000820,-0.0004919
3551.987898,0,6.000391,-0.0002500,-0.0015001
3551.989015,0,5.999219,0.0000820,0.0004919
3551.990074,0,5.999414,-0.0000200,-0.0001200
3551.991189,0,5.999609,0.0001040,0.0006240
3551.992247,0,5.998828,0.0000820,0.0004919
3551.993305,0,5.999805,-0.0001240,-0.0007440
3551.994420,0,5.998047,0.0001460,0.0008757
3551.995477,0,5.998242,-0.0004780,-0.0028672
3551.996535,0,5.997070,-0.0000820,-0.0004918
3551.997651,0,5.997852,0.0002280,0.0013675
3551.998709,0,5.999219,0.0001040,0.0006239
3551.999825,0,5.999609,-0.0000620,-0.0003720
3552.000883,0,5.996289,0.0000000,0.0000000
3552.001941,0,5.998438,0.0000000,0.0000000
3552.003056,0,6.000586,-0.0000200,-0.0001200
3552.004114,0,5.998438,-0.0001040,-0.0006238
3552.005229,0,5.999414,0.0000200,0.0001200
3552.006287,0,5.999609,0.0001040,0.0006240
3552.007344,0,5.995313,-0.0003540,-0.0021223
3552.008460,0,6.000391,-0.0001660,-0.0009961
3552.009518,0,5.998242,0.0001460,0.0008757
3552.010576,0,6.001953,0.0002080,0.0012484
3552.011691,0,5.995703,-0.0002700,-0.0016188
3552.012749,0,5.997070,-0.0002700,-0.0016192
3552.013864,0,5.997070,0.0000000,0.0000000
3552.014922,0,5.996484,-0.0002700,-0.0016191
3552.015980,0,5.998828,-0.0003320,-0.0019916
3552.017095,0,5.999414,0.0001040,0.0006239
3552.018153,0,5.998828,-0.0000820,-0.0004919
3552.019214,0,5.997461,-0.0000400,-0.0002399
3552.020329,0,5.999609,-0.0001240,-0.0007440
3552.021387,0,5.999609,-0.0003320,-0.0019919
3552.022502,0,5.996289,-0.0001240,-0.0007435
3552.023560,0,5.998828,0.0002920,0.0017517
3552.024618,0,5.998047,0.0002920,0.0017514
3552.025733,0,6.004102,-0.0002500,-0.0015010
3552.026791,0,5.996484,-0.0000200,-0.0001199
3552.027907,0,5.997266,0.0001240,0.0007437
3552.028966,0,5.997461,-0.0001040,-0.0006237
3552.030024,0,5.996289,0.0000400,0.0002399
3552.031140,0,5.995898,0.0002500,0.0014990
3552.032198,0,5.998047,0.0000000,0.0000000
3552.033255,0,5.997461,0.0000400,0.0002399
3552.034371,0,5.998438,-0.0004380,-0.0026273
3552.035428,0,6.000586,0.0001040,0.0006241
3552.036544,0,5.999805,0.0000820,0.0004920
3552.037602,0,5.997852,-0.0000400,-0.0002399
3552.038660,0,6.000195,-0.0001660,-0.0009960
3552.039776,0,5.997266,-0.0002920,-0.0017512
3552.040833,0,5.996680,0.0001240,0.0007436
3552.041891,0,6.002344,0.0001660,0.0009964
3552.043007,0,6.000977,-0.0001460,-0.0008761
3552.044064,0,6.000977,-0.0000200,-0.0001200
3552.045180,0,5.998633,0.0003740,0.0022435
3552.046237,0,5.996680,-0.0002080,-0.0012473
3552.047295,0,5.998633,-0.0001460,-0.0008758
3552.048411,0,5.998828,-0.0002280,-0.0013677
3552.049470,0,5.995508,0.0000820,0.0004916
3552.050586,0,6.000195,-0.0000620,-0.0003720
3552.051644,0,5.999023,0.0002080,0.0012478
3552.052702,0,5.999609,-0.0001240,-0.0007440
3552.053817,0,5.998828,-0.0001240,-0.0007439
3552.054875,0,5.998828,-0.0003540,-0.0021236
3552.055933,0,6.001172,-0.0000400,-0.0002400
3552.057048,0,6.000977,0.0000620,0.0003721
3552.058106,0,5.998242,0.0002080,0.0012476
3552.059222,0,5.998633,0.0000620,0.0003719
3552.060281,0,6.000586,-0.0001660,-0.0009961
3552.061339,0,5.996680,-0.0001040,-0.0006237
3552.062454,0,5.998438,-0.0005000,-0.0029992
3552.063512,0,5.994727,0.0001040,0.0006235
3552.064570,0,5.999609,-0.0000820,-0.0004920
3552.065685,0,6.001563,-0.0001460,-0.0008762
3552.066743,0,5.997461,-0.0000620,-0.0003718
3552.067859,0,5.998047,-0.0000400,-0.0002399
3552.068917,0,5.999414,-0.0003320,-0.0019918
3552.069975,0,5.998828,-0.0001240,-0.0007439
3552.071091,0,5.998828,-0.0002280,-0.0013677
3552.072148,0,5.998828,0.0000820,0.0004919
3552.073264,0,5.997461,-0.0001460,-0.0008756
3552.074322,0,6.000195,0.0001460,0.0008760
3552.075379,0,6.000000,-0.0001460,-0.0008760
3552.076495,0,5.997266,-0.0004780,-0.0028667
3552.077553,0,5.999219,0.0000620,0.0003720
3552.078610,0,5.999023,-0.0000400,-0.0002400
3552.079730,0,5.997852,-0.0002080,-0.0012476
3552.080788,0,5.998828,0.0000000,0.0000000
3552.081903,0,6.000781,-0.0002920,-0.0017522
3552.082961,0,5.995703,0.0001860,0.0011152
3552.084019,0,5.995703,-0.0003320,-0.0019906
3552.085134,0,6.001758,0.0000820,0.0004921
3552.086192,0,5.998047,-0.0002920,-0.0017514
3552.087250,0,6.002148,-0.0003740,-0.0022448
3552.088365,0,5.997461,-0.0005000,-0.0029987
3552.089424,0,5.998633,-0.0003960,-0.0023755
3552.090540,0,6.000195,-0.0003540,-0.0021241
3552.091598,0,5.998633,-0.0001460,-0.0008758
3552.092656,0,5.999609,0.0001040,0.0006240
3552.093771,0,5.996094,0.0000400,0.0002398
3552.094829,0,6.000977,0.0001460,0.0008761
3552.095887,0,5.995703,-0.0001240,-0.0007435
3552.097002,0,5.998047,-0.0001460,-0.0008757
3552.098060,0,5.998438,0.0000820,0.0004919
3552.099176,0,5.999414,-0.0001660,-0.0009959
3552.100235,0,5.999805,-0.0001240,-0.0007440
3552.101293,0,5.995898,-0.0002280,-0.0013671
3552.102408,0,5.996875,-0.0001240,-0.0007436
3552.103466,0,5.995508,-0.0000620,-0.0003717
3552.104581,0,5.999414,-0.0002700,-0.0016198
3552.105639,0,5.998242,-0.0003960,-0.0023753
3552.106697,0,5.998828,-0.0002700,-0.0016197
3552.107812,0,6.002930,-0.0003320,-0.0019930
3552.108870,0,6.001563,0.0002080,0.0012483
3552.109928,0,6.000195,-0.0003320,-0.0019921
3552.111043,0,5.998828,0.0000620,0.0003719
3552.112101,0,5.995898,-0.0000620,-0.0003717
3552.113217,0,5.999414,-0.0000400,-0.0002400
3552.114275,0,5.993750,0.0003540,0.0021218
3552.115332,0,5.995508,-0.0001240,-0.0007434
3552.116448,0,6.000391,-0.0001040,-0.0006240
3552.117506,0,5.997656,0.0000000,0.0000000
3552.118563,0,5.998242,0.0002280,0.0013676
3552.119680,0,5.997461,-0.0003540,-0.0021231
3552.120739,0,5.997852,-0.0001040,-0.0006238
3552.121854,0,5.999414,-0.0000820,-0.0004920
3552.122912,0,5.995703,-0.0001040,-0.0006236
3552.123970,0,5.995117,-0.0003740,-0.0022422
3552.125085,0,6.000586,-0.0002280,-0.0013681
3552.126143,0,6.000000,0.0000200,0.0001200
3552.127258,0,5.996289,-0.0002500,-0.0014991
3552.128316,0,5.997070,-0.0004580,-0.0027467
3552.129374,0,5.998633,-0.0001660,-0.0009958
3552.130491,0,5.998633,0.0002500,0.0014997
3552.131548,0,5.999219,-0.0003120,-0.0018718
3552.132606,0,5.999414,0.0000200,0.0001200
3552.133721,0,6.000977,-0.0002500,-0.0015002
3552.134779,0,6.001367,-0.0000820,-0.0004921
3552.135895,0,5.998828,0.0001040,0.0006239
3552.136952,0,5.999414,-0.0001860,-0.0011159
3552.138010,0,5.996094,0.0002280,0.0013671
3552.139125,0,5.997461,-0.0003740,-0.0022431
3552.140183,0,5.999414,-0.0000620,-0.0003720
3552.141241,0,5.999609,-0.0002280,-0.0013679
3552.142357,0,5.999023,-0.0001240,-0.0007439
3552.143414,0,6.000977,0.0002080,0.0012482
3552.144530,0,5.997461,-0.0006040,-0.0036225
3552.145588,0,5.999219,-0.0002280,-0.0013678
3552.146645,0,5.998633,-0.0000200,-0.0001200
3552.147761,0,6.001758,-0.0000820,-0.0004921
3552.148819,0,5.994922,-0.0002500,-0.0014987
3552.149936,0,6.000977,-0.0000200,-0.0001200
3552.150995,0,5.998828,-0.0001460,-0.0008758
3552.152052,0,5.999805,-0.0000820,-0.0004920
3552.153168,0,5.997852,-0.0001860,-0.0011156
3552.154226,0,5.999609,0.0000820,0.0004920
3552.155283,0,6.001953,-0.0002700,-0.0016205
3552.156399,0,6.000586,-0.0001660,-0.0009961
3552.157456,0,5.997461,-0.0000400,-0.0002399
3552.158572,0,5.994531,-0.0001240,-0.0007433
3552.159631,0,5.999609,0.0004380,0.0026278
3552.160689,0,5.998633,0.0003540,0.0021235
3552.161805,0,6.001172,-0.0000820,-0.0004921
3552.162863,0,5.998242,0.0003320,0.0019914
3552.163920,0,6.000391,-0.0002280,-0.0013681
3552.165036,0,6.000977,0.0000200,0.0001200
3552.166094,0,5.999609,0.0001660,0.0009959
3552.167209,0,5.993359,0.0000820,0.0004915
3552.168267,0,5.995703,-0.0001040,-0.0006236
3552.169325,0,5.998633,-0.0002500,-0.0014997
3552.170441,0,5.998047,-0.0001860,-0.0011156
3552.171498,0,5.994922,-0.0002080,-0.0012469
3552.172614,0,5.998633,-0.0001660,-0.0009958
3552.173671,0,6.000391,-0.0001660,-0.0009961
3552.174729,0,5.994336,-0.0000200,-0.0001199
3552.175844,0,5.998828,0.0002080,0.0012478
3552.176902,0,5.996875,-0.0001660,-0.0009955
3552.177960,0,5.995898,-0.0003540,-0.0021225
3552.179075,0,5.996680,0.0000000,0.0000000
3552.180135,0,5.998438,-0.0002080,-0.0012477
3552.181251,0,5.998438,0.0002280,0.0013676
3552.182309,0,5.999414,-0.0001860,-0.0011159
3552.183367,0,5.999219,-0.0001040,-0.0006239
3552.184482,0,5.996875,0.0000000,0.0000000
3552.185540,0,5.998828,-0.0000400,-0.0002400
3552.186598,0,6.000977,-0.0001240,-0.0007441
3552.187713,0,5.993164,-0.0000400,-0.0002397
3552.188771,0,5.999219,-0.0000400,-0.0002400
3552.189887,0,5.996875,-0.0000820,-0.0004917
3552.190946,0,6.000586,0.0002920,0.0017522
3552.192004,0,5.997852,-0.0000820,-0.0004918
3552.193119,0,6.000586,-0.0004580,-0.0027483
3552.194177,0,5.997266,-0.0002080,-0.0012474
3552.195292,0,5.998438,0.0000400,0.0002399
3552.196350,0,5.997656,-0.0004160,-0.0024950
3552.197408,0,5.997656,0.0003540,0.0021232
3552.198523,0,5.994727,0.0001860,0.0011150
3552.199581,0,6.000000,-0.0003540,-0.0021240
3552.200640,0,5.999414,0.0003120,0.0018718
3552.201755,0,5.996484,-0.0000400,-0.0002399
3552.202813,0,5.998242,-0.0001460,-0.0008757
3552.203928,0,5.997656,0.0001460,0.0008757
3552.204986,0,5.999609,-0.0001240,-0.0007440
3552.206044,0,5.996875,0.0003320,0.0019910
3552.207159,0,5.999219,0.0000400,0.0002400
3552.208217,0,6.003516,-0.0001660,-0.0009966
3552.209275,0,5.999023,-0.0001660,-0.0009958
3552.210392,0,5.998438,-0.0004780,-0.0028673
3552.211451,0,5.999023,-0.0001860,-0.0011158
3552.214026,0,5.999609,0.0003120,0.0018719
3552.215792,0,5.996484,-0.0003960,-0.0023746
3552.217551,0,5.996484,-0.0001040,-0.0006236
3552.219308,0,5.996680,0.0001660,0.0009954
3552.221066,0,5.999414,-0.0000400,-0.0002400
3552.222825,0,5.995313,-0.0001460,-0.0008753
3552.224583,0,6.001367,-0.0002700,-0.0016204
3552.226340,0,6.001563,-0.0000400,-0.0002401
3552.226592,0,5.998047,-0.0000400,-0.0002399
3552.227650,0,5.994727,0.0001860,0.0011150
3552.228765,0,6.000000,0.0002280,0.0013680
3552.229823,0,6.000195,0.0001860,0.0011160
3552.230881,0,5.996875,0.0003740,0.0022428
3552.231997,0,5.996875,-0.0001460,-0.0008755
3552.233055,0,5.999414,-0.0002700,-0.0016198
3552.234112,0,5.999414,0.0001860,0.0011159
3552.235228,0,5.998047,-0.0004780,-0.0028671
3552.236285,0,5.998438,-0.0002080,-0.0012477
3552.237401,0,5.997852,-0.0004380,-0.0026271
3552.238459,0,5.999805,0.0000620,0.0003720
3552.239516,0,5.996289,0.0001460,0.0008755
3552.240635,0,5.999023,-0.0002920,-0.0017517
3552.241694,0,5.997266,-0.0001460,-0.0008756
3552.242751,0,6.001563,-0.0002280,-0.0013684
3552.243867,0,6.000586,0.0000820,0.0004920
3552.244925,0,5.999023,0.0001240,0.0007439
3552.246040,0,6.000195,-0.0002080,-0.0012480
3552.247098,0,5.998047,-0.0001660,-0.0009957
3552.248156,0,5.999609,0.0000820,0.0004920
3552.249271,0,5.998438,0.0002280,0.0013676
3552.250330,0,5.999023,0.0000000,0.0000000
3552.251446,0,6.000000,0.0002500,0.0015000
3552.252504,0,5.999023,0.0001860,0.0011158
3552.253562,0,5.997266,0.0002080,0.0012474
3552.254677,0,6.002539,-0.0002500,-0.0015006
3552.255735,0,5.999219,0.0000620,0.0003720
3552.256793,0,5.997852,-0.0000620,-0.0003719
3552.257908,0,5.996680,0.0003320,0.0019909
3552.258966,0,6.001367,-0.0000200,-0.0001200
3552.260082,0,6.000586,0.0000000,0.0000000
3552.261140,0,6.000000,0.0002280,0.0013680
3552.262198,0,5.996484,0.0001240,0.0007436
3552.263314,0,5.996875,0.0001040,0.0006237
3552.264371,0,5.999805,0.0000400,0.0002400
3552.265429,0,5.998047,-0.0000400,-0.0002399
3552.266545,0,6.000586,0.0005620,0.0033723
3552.267602,0,6.000977,-0.0001660,-0.0009962
3552.268718,0,5.998438,-0.0003540,-0.0021234
3552.269776,0,6.000000,0.0000200,0.0001200
3552.270834,0,5.996289,-0.0001240,-0.0007435
3552.271949,0,5.997852,-0.0000620,-0.0003719
3552.273007,0,5.998242,-0.0002280,-0.0013676
3552.274122,0,5.997656,-0.0002920,-0.0017513
3552.275180,0,6.000000,-0.0002280,-0.0013680
3552.276238,0,5.999023,-0.0000620,-0.0003719
3552.277353,0,6.000391,-0.0001660,-0.0009961
3552.278411,0,5.996875,0.0000400,0.0002399
3552.279469,0,5.998047,-0.0003320,-0.0019914
3552.280586,0,5.997461,-0.0005200,-0.0031187
3552.281645,0,6.000000,-0.0003740,-0.0022440
3552.282760,0,5.995703,-0.0000620,-0.0003717
3552.283818,0,5.999219,-0.0002500,-0.0014998
3552.284876,0,5.998438,-0.0000820,-0.0004919
3552.285991,0,5.998242,-0.0002080,-0.0012476
3552.287049,0,5.999414,-0.0003320,-0.0019918
3552.288107,0,5.999023,-0.0002080,-0.0012478
3552.289222,0,6.000000,-0.0001460,-0.0008760
3552.290280,0,5.998828,-0.0001860,-0.0011158
3552.291396,0,6.000977,-0.0001460,-0.0008761
3552.292454,0,5.997852,0.0000820,0.0004918
3552.293512,0,5.996680,-0.0000200,-0.0001199
3552.294627,0,5.998438,0.0002080,0.0012477
3552.295685,0,5.999414,-0.0003740,-0.0022438
3552.296800,0,5.997461,-0.0001460,-0.0008756
3552.297858,0,5.998633,-0.0002700,-0.0016196
3552.298916,0,6.000195,-0.0002700,-0.0016201
3552.300031,0,6.000391,-0.0001460,-0.0008761
3552.301089,0,6.000781,0.0000000,0.0000000
3552.302204,0,5.997852,0.0004380,0.0026271
3552.303262,0,5.999805,-0.0001660,-0.0009960
3552.304320,0,5.996875,-0.0002280,-0.0013673
3552.305435,0,5.998828,-0.0003120,-0.0018716
3552.306493,0,5.999805,0.0000400,0.0002400
3552.307608,0,5.997266,-0.0000620,-0.0003718
3552.308666,0,6.001367,-0.0002080,-0.0012483
3552.309724,0,5.999023,-0.0000620,-0.0003719
3552.310841,0,5.998047,-0.0001040,-0.0006238
3552.311900,0,5.997852,-0.0001660,-0.0009956
3552.312958,0,5.996484,0.0000200,0.0001199
3552.314073,0,5.998438,-0.0002280,-0.0013676
3552.315131,0,5.997461,-0.0000400,-0.0002399
3552.316247,0,6.000195,0.0002080,0.0012480
3552.317304,0,5.997266,-0.0001040,-0.0006237
3552.318362,0,5.995508,0.0001240,0.0007434
3552.319478,0,6.000781,0.0001460,0.0008761
3552.320536,0,6.001367,-0.0001660,-0.0009962
3552.321595,0,5.997852,-0.0000200,-0.0001200
3552.322710,0,5.996484,-0.0004580,-0.0027464
3552.323768,0,5.997656,-0.0000620,-0.0003719
3552.324883,0,5.998242,-0.0000820,-0.0004919
3552.325941,0,5.998828,-0.0000620,-0.0003719
3552.326999,0,5.998242,0.0002700,0.0016195
3552.328114,0,5.999219,-0.0000620,-0.0003720
3552.329172,0,5.996875,0.0000000,0.0000000
3552.330287,0,5.997656,0.0000400,0.0002399
3552.331346,0,6.000000,-0.0005000,-0.0030000
3552.332404,0,5.996680,0.0000000,0.0000000
3552.333519,0,5.999414,-0.0001860,-0.0011159
3552.334577,0,6.001758,-0.0000200,-0.0001200
3552.335635,0,5.994922,-0.0002500,-0.0014987
3552.336751,0,5.995313,-0.0003320,-0.0019904
3552.337808,0,5.999805,-0.0001240,-0.0007440
3552.338924,0,6.001953,-0.0000620,-0.0003721
3552.339981,0,5.996289,-0.0001660,-0.0009954
3552.341041,0,5.996875,0.0000820,0.0004917
3552.342158,0,5.998438,-0.0001660,-0.0009957
3552.343215,0,5.998633,0.0002080,0.0012477
3552.344273,0,6.000391,0.0000400,0.0002400
3552.345389,0,5.998438,-0.0002280,-0.0013676
3552.346446,0,6.000586,-0.0001040,-0.0006241
3552.347562,0,6.000391,0.0001240,0.0007440
3552.348620,0,5.999805,0.0000000,0.0000000
3552.349677,0,5.999805,0.0000200,0.0001200
3552.350793,0,6.000391,0.0001240,0.0007440
3552.351852,0,5.997656,0.0001040,0.0006238
3552.352967,0,6.001563,0.0001660,0.0009963
3552.354025,0,5.998242,-0.0006040,-0.0036229
3552.355083,0,6.001563,-0.0000820,-0.0004921
3552.356198,0,6.001563,-0.0000620,-0.0003721
3552.357256,0,5.999219,-0.0000400,-0.0002400
3552.358314,0,5.999414,0.0002280,0.0013679
3552.359429,0,5.997266,0.0001040,0.0006237
3552.360487,0,6.001172,-0.0000620,-0.0003721
3552.361602,0,5.994336,0.0002280,0.0013667
3552.362660,0,5.998047,-0.0002920,-0.0017514
3552.363718,0,5.998438,-0.0001240,-0.0007438
3552.364833,0,5.999219,0.0006660,0.0039955
3552.365891,0,5.998047,0.0001040,0.0006238
3552.367006,0,5.998438,0.0001240,0.0007438
3552.368064,0,6.000000,0.0002080,0.0012480
3552.369122,0,5.999414,-0.0001460,-0.0008759
3552.370237,0,5.999609,-0.0002280,-0.0013679
3552.371298,0,5.998242,0.0003540,0.0021234
3552.372356,0,5.995117,0.0000820,0.0004916
3552.373472,0,5.997852,0.0003960,0.0023751
3552.374530,0,5.996875,-0.0001860,-0.0011154
3552.375645,0,5.998828,-0.0001460,-0.0008758
3552.376703,0,5.999219,0.0002700,0.0016198
3552.377760,0,5.995313,-0.0003960,-0.0023741
3552.378876,0,5.996680,-0.0001660,-0.0009954
3552.379934,0,5.996289,0.0002080,0.0012472
3552.380993,0,5.997070,-0.0002700,-0.0016192
3552.382109,0,5.997852,0.0000620,0.0003719
3552.383166,0,5.999414,0.0003540,0.0021238
3552.384282,0,5.995703,-0.0000400,-0.0002398
3552.385339,0,5.999609,-0.0002700,-0.0016199
3552.386397,0,6.000977,0.0000820,0.0004921
3552.387512,0,5.996680,0.0002080,0.0012473
3552.388570,0,5.999219,-0.0001040,-0.0006239
3552.389628,0,6.000781,-0.0003740,-0.0022443
3552.390744,0,5.998242,0.0002080,0.0012476
3552.391802,0,5.997070,-0.0000620,-0.0003718
3552.392917,0,5.997656,-0.0000200,-0.0001200
3552.393975,0,5.999219,-0.0003320,-0.0019917
3552.395033,0,6.000586,-0.0000820,-0.0004920
3552.396148,0,5.996875,0.0002280,0.0013673
3552.397206,0,5.998047,0.0001660,0.0009957
3552.398321,0,6.001172,-0.0002700,-0.0016203
3552.399379,0,5.997852,-0.0003320,-0.0019913
3552.400437,0,5.997461,-0.0002080,-0.0012475
3552.401555,0,5.998438,-0.0001040,-0.0006238
3552.402614,0,6.000586,-0.0004580,-0.0027483
3552.403671,0,5.998828,0.0001860,0.0011158
3552.404787,0,5.997070,0.0001460,0.0008756
3552.405844,0,5.997070,-0.0001660,-0.0009955
3552.406960,0,5.999219,-0.0001040,-0.0006239
3552.408018,0,6.001953,-0.0006040,-0.0036252
3552.409075,0,5.997461,-0.0001040,-0.0006237
3552.410191,0,6.000195,0.0000200,0.0001200
3552.411250,0,6.000000,-0.0001240,-0.0007440
3552.412308,0,5.998633,-0.0001040,-0.0006239
3552.413424,0,5.999609,-0.0002700,-0.0016199
3552.414481,0,6.000195,0.0009160,0.0054962
3552.415597,0,5.998633,-0.0005200,-0.0031193
3552.416654,0,6.000000,-0.0001240,-0.0007440
3552.417712,0,5.999023,0.0001660,0.0009958
3552.418828,0,6.000977,0.0000400,0.0002400
3552.419885,0,5.998633,0.0001860,0.0011157
3552.421001,0,5.998828,-0.0003120,-0.0018716
3552.422060,0,6.001172,-0.0002500,-0.0015003
3552.423118,0,5.999219,0.0000400,0.0002400
3552.424233,0,5.996484,-0.0002280,-0.0013672
3552.425291,0,5.999805,-0.0001040,-0.0006240
3552.426348,0,6.001758,0.0004380,0.0026288
3552.427464,0,5.996094,-0.0003320,-0.0019907
3552.428522,0,6.004102,0.0001240,0.0007445
3552.429637,0,5.994336,-0.0001040,-0.0006234
3552.430695,0,5.996680,-0.0003320,-0.0019909
3552.431752,0,5.997852,-0.0001660,-0.0009956
3552.432868,0,5.998828,-0.0000620,-0.0003719
3552.433925,0,5.999805,-0.0000200,-0.0001200
3552.434983,0,6.000977,0.0001240,0.0007441
3552.436098,0,5.996094,0.0001660,0.0009954
3552.437156,0,5.998828,0.0001240,0.0007439
3552.438272,0,5.997656,-0.0001040,-0.0006238
3552.439329,0,5.997656,-0.0000620,-0.0003719
3552.440387,0,5.998438,-0.0001040,-0.0006238
3552.441504,0,5.999805,-0.0003320,-0.0019919
3552.442563,0,5.998828,-0.0000620,-0.0003719
3552.443678,0,6.000586,-0.0003320,-0.0019922
3552.444736,0,5.999609,0.0003120,0.0018719
3552.445794,0,5.998242,0.0000200,0.0001200
3552.446909,0,5.995313,-0.0003960,-0.0023741
3552.447967,0,5.997656,-0.0001860,-0.0011156
3552.449025,0,5.997266,-0.0003960,-0.0023749
3552.450140,0,6.000977,-0.0000820,-0.0004921
3552.451198,0,5.999219,-0.0000400,-0.0002400
3552.452315,0,6.002148,0.0001040,0.0006242
3552.453372,0,5.998242,-0.0000400,-0.0002399
3552.454430,0,5.998828,-0.0000400,-0.0002400
3552.455546,0,6.000977,0.0001040,0.0006241
3552.456603,0,5.994727,-0.0001240,-0.0007433
3552.457661,0,6.000781,0.0000400,0.0002400
3552.458776,0,5.998047,0.0000000,0.0000000
3552.459834,0,5.997852,-0.0000620,-0.0003719
3552.460950,0,5.999609,-0.0003320,-0.0019919
3552.462008,0,5.999414,-0.0000200,-0.0001200
3552.463066,0,6.000000,-0.0005000,-0.0030000
3552.464181,0,5.999805,-0.0001860,-0.0011160
3552.465239,0,5.997266,-0.0001460,-0.0008756
3552.466354,0,5.995703,-0.0004380,-0.0026261
3552.467412,0,5.998828,0.0000000,0.0000000
3552.468470,0,5.998438,0.0000620,0.0003719
3552.469585,0,5.998828,0.0001040,0.0006239
3552.470643,0,6.001172,-0.0000820,-0.0004921
3552.471702,0,5.995703,0.0001040,0.0006236
3552.472818,0,6.000195,0.0003740,0.0022441
3552.473876,0,6.000391,-0.0000820,-0.0004920
3552.474992,0,6.000195,0.0013140,0.0078843
3552.476049,0,5.995117,0.0004380,0.0026259
3552.477107,0,5.996680,0.0050040,0.0300074
3552.478223,0,5.998438,0.0014600,0.0087577
3552.479280,0,5.999219,-0.0001460,-0.0008759
3552.480338,0,6.001172,0.0000400,0.0002400
3552.481454,0,5.997852,-0.0001240,-0.0007437
3552.482513,0,5.995508,0.0001660,0.0009953
3552.483628,0,5.999609,0.0000200,0.0001200
3552.484686,0,5.999414,-0.0001040,-0.0006239
3552.485744,0,6.002734,0.0001460,0.0008764
3552.486859,0,5.998047,-0.0001240,-0.0007438
3552.487917,0,5.997461,0.0000820,0.0004918
3552.489032,0,5.996680,-0.0000200,-0.0001199
3552.490090,0,6.001172,0.0001040,0.0006241
3552.491148,0,5.997070,0.0002280,0.0013673
3552.492264,0,5.998242,-0.0002080,-0.0012476
3552.493322,0,6.001367,-0.0004580,-0.0027486
3552.494380,0,6.000781,0.0001460,0.0008761
3552.495495,0,5.997461,-0.0005200,-0.0031187
3552.496553,0,5.998633,0.0000820,0.0004919
3552.497668,0,5.998242,-0.0001460,-0.0008757
3552.498726,0,5.999219,-0.0001860,-0.0011159
3552.499784,0,5.996484,0.0000000,0.0000000
3552.500899,0,5.998242,0.0002080,0.0012476
3552.501959,0,5.998242,-0.0001240,-0.0007438
3552.503018,0,6.001172,-0.0003740,-0.0022444
3552.504133,0,5.998047,-0.0002920,-0.0017514
3552.505191,0,5.999219,0.0001240,0.0007439
3552.506306,0,5.998242,-0.0001660,-0.0009957
3552.507364,0,5.998242,-0.0001040,-0.0006238
3552.508422,0,5.998242,-0.0001240,-0.0007438
3552.509537,0,5.996484,-0.0001460,-0.0008755
3552.510595,0,5.996289,-0.0001660,-0.0009954
3552.511712,0,5.995313,-0.0000820,-0.0004916
3552.514053,0,5.997852,-0.0000620,-0.0003719
3552.515819,0,5.999219,0.0000000,0.0000000
3552.517580,0,5.998828,0.0002500,0.0014997
3552.519337,0,6.003320,0.0000820,0.0004923
3552.521095,0,5.999219,-0.0000820,-0.0004919
3552.522853,0,5.997070,-0.0001040,-0.0006237
3552.524612,0,5.999219,0.0002500,0.0014998
3552.526370,0,5.998633,0.0000820,0.0004919
3552.526794,0,5.997852,0.0000820,0.0004918
3552.527909,0,6.000000,-0.0000620,-0.0003720
3552.528967,0,5.998828,0.0000000,0.0000000
3552.530025,0,6.001367,-0.0000200,-0.0001200
3552.531140,0,5.997461,-0.0001660,-0.0009956
3552.532201,0,5.997852,0.0003740,0.0022432
3552.533259,0,5.998242,-0.0000400,-0.0002399
3552.534375,0,5.998438,0.0001660,0.0009957
3552.535432,0,5.998633,-0.0000620,-0.0003719
3552.536548,0,5.997656,-0.0000820,-0.0004918
3552.537605,0,5.999414,-0.0002700,-0.0016198
3552.538663,0,6.001367,-0.0002280,-0.0013683
3552.539779,0,5.997656,-0.0002700,-0.0016194
3552.540836,0,5.997852,0.0001040,0.0006238
3552.541896,0,5.999609,-0.0004780,-0.0028678
3552.543012,0,5.998633,0.0001240,0.0007438
3552.544070,0,5.997656,0.0000000,0.0000000
3552.545185,0,5.997852,-0.0003540,-0.0021232
3552.546243,0,5.997852,-0.0001040,-0.0006238
3552.547300,0,6.000586,-0.0002700,-0.0016202
3552.548416,0,5.997070,-0.0002080,-0.0012474
3552.549473,0,5.999414,0.0000000,0.0000000
3552.550531,0,5.998828,-0.0001860,-0.0011158
3552.551647,0,5.998242,-0.0000820,-0.0004919
3552.552705,0,5.998047,-0.0003740,-0.0022433
3552.553821,0,5.999414,-0.0000200,-0.0001200
3552.554879,0,5.997852,0.0001040,0.0006238
3552.555936,0,6.002148,-0.0000400,-0.0002401
3552.557052,0,5.999805,0.0005620,0.0033719
3552.558109,0,5.997852,0.0000400,0.0002399
3552.559225,0,5.996680,0.0000820,0.0004917
3552.560283,0,5.996875,-0.0002700,-0.0016192
3552.561340,0,5.998633,-0.0000400,-0.0002399
3552.562458,0,5.997266,-0.0001460,-0.0008756
3552.563517,0,6.000195,-0.0001660,-0.0009960
3552.564575,0,6.000195,-0.0000400,-0.0002400
3552.565690,0,5.995703,0.0002080,0.0012471
3552.566748,0,5.999609,0.0003120,0.0018719
3552.567864,0,5.999023,0.0001660,0.0009958
3552.568921,0,6.000977,0.0001460,0.0008761
3552.569979,0,5.999023,-0.0001660,-0.0009958
3552.571095,0,5.997070,0.0001040,0.0006237
3552.572156,0,5.997852,-0.0002920,-0.0017514
3552.573215,0,6.000195,0.0005000,0.0030001
3552.574331,0,5.998828,-0.0001460,-0.0008758
3552.575389,0,5.995898,0.0000000,0.0000000
3552.576504,0,5.999023,0.0000000,0.0000000
3552.577562,0,6.000000,-0.0003320,-0.0019920
3552.578619,0,5.995898,0.0000200,0.0001199
3552.579735,0,5.996484,0.0000400,0.0002399
3552.580793,0,5.999219,-0.0004780,-0.0028676
3552.581851,0,5.999414,0.0000820,0.0004920
3552.582967,0,5.998633,-0.0000820,-0.0004919
3552.584025,0,5.998047,-0.0002700,-0.0016195
3552.585140,0,5.998438,0.0000820,0.0004919
3552.586198,0,5.998828,-0.0000820,-0.0004919
3552.587256,0,5.998242,-0.0002500,-0.0014996
3552.588371,0,5.996875,0.0001460,0.0008755
3552.589429,0,5.999219,-0.0000620,-0.0003720
3552.590487,0,6.000391,0.0002700,0.0016201
3552.591602,0,5.994336,-0.0001460,-0.0008752
3552.592662,0,5.997070,0.0000820,0.0004918
3552.593778,0,6.000586,-0.0001040,-0.0006241
3552.594836,0,6.000391,-0.0002500,-0.0015001
3552.595894,0,5.995313,-0.0002080,-0.0012470
3552.597009,0,5.997656,0.0000400,0.0002399
3552.598067,0,6.000781,-0.0002700,-0.0016202
3552.599182,0,5.999805,-0.0001460,-0.0008760
3552.600240,0,5.998828,-0.0001240,-0.0007439
3552.601298,0,5.997070,0.0000200,0.0001199
3552.602415,0,5.998828,0.0001040,0.0006239
3552.603473,0,6.000781,-0.0002920,-0.0017522
3552.604531,0,5.999609,-0.0001240,-0.0007440
3552.605646,0,5.995313,-0.0001040,-0.0006235
3552.606704,0,6.000195,-0.0001240,-0.0007440
3552.607820,0,6.001172,0.0001460,0.0008762
3552.608877,0,5.998438,0.0003320,0.0019915
3552.609935,0,5.999609,-0.0000820,-0.0004920
3552.611051,0,6.000195,0.0001240,0.0007440
3552.612109,0,5.997852,0.0001460,0.0008757
3552.613167,0,5.999414,0.0000400,0.0002400
3552.614283,0,5.995508,0.0007500,0.0044966
3552.615340,0,5.995508,-0.0003120,-0.0018706
3552.616456,0,5.997461,-0.0001660,-0.0009956
3552.617513,0,5.997266,0.0001660,0.0009955
3552.618571,0,6.000391,0.0000820,0.0004920
3552.619687,0,5.999219,-0.0002700,-0.0016198
3552.620744,0,6.000000,-0.0002920,-0.0017520
3552.621860,0,5.999414,-0.0001460,-0.0008759
3552.622918,0,5.998828,-0.0001460,-0.0008758
3552.623976,0,5.998633,-0.0000620,-0.0003719
3552.625091,0,5.997852,0.0001040,0.0006238
3552.626149,0,5.997070,-0.0001460,-0.0008756
3552.627207,0,5.997852,-0.0002700,-0.0016194
3552.628322,0,5.999609,-0.0002500,-0.0014999
3552.629380,0,6.000977,-0.0001460,-0.0008761
3552.630495,0,5.999414,0.0001460,0.0008759
3552.631553,0,6.001758,-0.0000400,-0.0002401
3552.632613,0,6.000391,0.0001460,0.0008761
3552.633729,0,6.001367,0.0001460,0.0008762
3552.634786,0,5.997461,-0.0002920,-0.0017513
3552.635844,0,5.998242,0.0001660,0.0009957
3552.636959,0,5.996680,0.0000820,0.0004917
3552.638017,0,5.999609,-0.0002920,-0.0017519
3552.639133,0,5.996875,0.0002920,0.0017511
3552.640190,0,5.998438,-0.0002700,-0.0016196
3552.641248,0,5.999609,0.0001040,0.0006240
3552.642364,0,6.000391,0.0003320,0.0019921
3552.643423,0,5.999609,-0.0004580,-0.0027478
3552.644538,0,5.997070,-0.0000620,-0.0003718
3552.645596,0,6.000000,-0.0002700,-0.0016200
3552.646654,0,5.999414,-0.0005000,-0.0029997
3552.647769,0,6.000391,-0.0004380,-0.0026282
3552.648827,0,5.998047,-0.0000620,-0.0003719
3552.649885,0,6.001172,0.0004580,0.0027485
3552.651000,0,5.996289,-0.0004380,-0.0026264
3552.652058,0,5.997461,0.0000620,0.0003718
3552.653173,0,5.998828,-0.0000400,-0.0002400
3552.654231,0,5.997656,-0.0003740,-0.0022431
3552.655289,0,5.999609,0.0000200,0.0001200
3552.656404,0,5.996289,0.0000400,0.0002399
3552.657462,0,5.996484,0.0000000,0.0000000
3552.658578,0,5.998047,-0.0002920,-0.0017514
3552.659635,0,6.001367,0.0000000,0.0000000
3552.660693,0,5.997266,0.0002500,0.0014993
3552.661809,0,5.995703,-0.0001040,-0.0006236
3552.662869,0,5.994336,-0.0000620,-0.0003716
3552.663927,0,6.001367,-0.0001040,-0.0006241
3552.665042,0,5.997656,0.0000000,0.0000000
3552.666100,0,6.000000,0.0001040,0.0006240
3552.667215,0,5.999219,0.0000400,0.0002400
3552.668273,0,5.998438,0.0000200,0.0001200
3552.669331,0,5.997070,0.0004160,0.0024948
3552.670446,0,5.998047,0.0000000,0.0000000
3552.671504,0,5.997461,-0.0000820,-0.0004918
3552.672563,0,6.000586,0.0000200,0.0001200
3552.673679,0,5.999414,-0.0003960,-0.0023758
3552.674737,0,5.998828,0.0001460,0.0008758
3552.675852,0,5.997070,-0.0000620,-0.0003718
3552.676910,0,6.000391,-0.0002920,-0.0017521
3552.677968,0,5.996680,0.0000400,0.0002399
3552.679083,0,5.997656,-0.0001040,-0.0006238
3552.680141,0,5.999805,-0.0001240,-0.0007440
3552.681199,0,6.000977,-0.0001460,-0.0008761
3552.682314,0,5.996680,-0.0001240,-0.0007436
3552.683372,0,5.996680,-0.0001240,-0.0007436
3552.684487,0,6.003125,-0.0002080,-0.0012487
3552.685545,0,6.001367,0.0003120,0.0018724
3552.686603,0,5.998828,-0.0000400,-0.0002400
3552.687718,0,5.999023,0.0001040,0.0006239
3552.688776,0,5.998242,-0.0003120,-0.0018715
3552.689891,0,5.998828,-0.0000400,-0.0002400
3552.690949,0,5.997266,-0.0002700,-0.0016193
3552.692007,0,5.995898,-0.0002920,-0.0017508
3552.693124,0,5.998828,-0.0000200,-0.0001200
3552.694183,0,5.997656,-0.0003540,-0.0021232
3552.695241,0,5.999219,0.0000620,0.0003720
3552.696356,0,5.999609,0.0001240,0.0007440
3552.697414,0,5.996875,-0.0003960,-0.0023748
3552.698530,0,6.000391,-0.0001460,-0.0008761
3552.699587,0,6.000000,0.0000000,0.0000000
3552.700645,0,5.998047,-0.0000400,-0.0002399
3552.701761,0,5.997070,0.0000620,0.0003718
3552.702820,0,5.998242,-0.0000820,-0.0004919
3552.703878,0,5.999023,0.0001240,0.0007439
3552.704993,0,5.998242,-0.0003320,-0.0019914
3552.706051,0,5.998633,-0.0002080,-0.0012477
3552.707167,0,5.996289,-0.0001860,-0.0011153
3552.708224,0,5.998047,-0.0000620,-0.0003719
3552.709282,0,5.997656,-0.0000400,-0.0002399
3552.710398,0,5.997461,0.0004160,0.0024949
3552.711455,0,5.999219,-0.0000620,-0.0003720
3552.712571,0,5.999023,-0.0002920,-0.0017517
3552.713629,0,5.998633,0.0002920,0.0017516
3552.714687,0,5.999219,-0.0004380,-0.0026277
3552.715803,0,5.994727,0.0002280,0.0013668
3552.716860,0,5.997461,0.0001460,0.0008756
3552.717918,0,6.000000,-0.0001660,-0.0009960
3552.719034,0,5.999023,-0.0000400,-0.0002400
3552.720091,0,5.999414,-0.0000620,-0.0003720
3552.721207,0,5.998047,0.0000200,0.0001200
3552.722265,0,5.998633,0.0001460,0.0008758
3552.723325,0,5.998242,0.0002080,0.0012476
3552.724441,0,6.000586,0.0003120,0.0018722
3552.725499,0,6.001758,0.0000000,0.0000000
3552.726556,0,5.997656,-0.0000400,-0.0002399
3552.727672,0,6.001367,-0.0000400,-0.0002401
3552.728729,0,5.998438,-0.0001240,-0.0007438
3552.729845,0,6.000781,0.0000200,0.0001200
3552.730903,0,5.998047,-0.0001240,-0.0007438
3552.731960,0,5.996875,0.0000820,0.0004917
3552.733078,0,5.999609,0.0001040,0.0006240
3552.734136,0,5.999805,0.0000200,0.0001200
3552.735194,0,5.995508,0.0003120,0.0018706
3552.736309,0,6.000977,-0.0002700,-0.0016203
3552.737367,0,5.999609,0.0001460,0.0008759
3552.738482,0,5.999414,0.0000620,0.0003720
3552.739540,0,5.996094,-0.0001040,-0.0006236
3552.740598,0,6.000391,0.0000820,0.0004920
3552.741713,0,5.998242,0.0000400,0.0002399
3552.742771,0,5.997461,-0.0001040,-0.0006237
3552.743888,0,5.999805,-0.0000400,-0.0002400
3552.744945,0,5.998438,-0.0001240,-0.0007438
3552.746003,0,5.996484,-0.0002280,-0.0013672
3552.747118,0,5.998828,0.0000400,0.0002400
3552.748176,0,5.999023,-0.0004380,-0.0026276
3552.749234,0,5.996289,-0.0000400,-0.0002399
3552.750349,0,5.999609,-0.0001240,-0.0007440
3552.751407,0,5.997266,-0.0000400,-0.0002399
3552.752522,0,5.998047,0.0000000,0.0000000
3552.753583,0,5.995703,-0.0001660,-0.0009953
3552.754642,0,5.999219,0.0000820,0.0004919
3552.755757,0,5.998633,-0.0000820,-0.0004919
3552.756815,0,6.000781,0.0002280,0.0013682
3552.757872,0,5.998438,-0.0001040,-0.0006238
3552.758988,0,6.000586,0.0000200,0.0001200
3552.760046,0,5.998242,0.0000400,0.0002399
3552.761161,0,5.997852,-0.0001040,-0.0006238
3552.762219,0,5.999609,0.0002500,0.0014999
3552.763278,0,6.001953,-0.0000400,-0.0002401
3552.764394,0,5.998242,0.0002700,0.0016195
3552.765452,0,5.999414,0.0001860,0.0011159
3552.766510,0,5.998828,-0.0000620,-0.0003719
3552.767625,0,5.999219,-0.0003540,-0.0021237
3552.768683,0,5.999219,-0.0000200,-0.0001200
3552.769798,0,5.997266,-0.0003540,-0.0021230
3552.770856,0,5.997461,0.0003120,0.0018712
3552.771914,0,5.998633,-0.0004580,-0.0027474
3552.773030,0,5.999609,-0.0001040,-0.0006240
3552.774089,0,5.998828,0.0000400,0.0002400
3552.775204,0,5.998047,-0.0001460,-0.0008757
3552.776262,0,5.999805,0.0001860,0.0011160
3552.777320,0,5.999219,-0.0000820,-0.0004919
3552.778435,0,5.997266,-0.0000820,-0.0004918
3552.779493,0,5.999023,0.0001860,0.0011158
3552.780551,0,5.999219,-0.0003120,-0.0018718
3552.781666,0,5.998438,0.0002280,0.0013676
3552.782723,0,5.997461,0.0001240,0.0007437
3552.783841,0,5.997656,-0.0001460,-0.0008757
3552.784900,0,5.997461,-0.0001240,-0.0007437
3552.785958,0,5.998828,-0.0001040,-0.0006239
3552.787073,0,5.995898,-0.0002700,-0.0016189
3552.788131,0,5.997266,0.0003320,0.0019911
3552.789188,0,6.000195,0.0000400,0.0002400
3552.790304,0,6.000195,-0.0000620,-0.0003720
3552.791361,0,5.998828,0.0000000,0.0000000
3552.792477,0,5.998242,0.0001240,0.0007438
3552.793537,0,5.997656,0.0000000,0.0000000
3552.794595,0,6.000195,-0.0003540,-0.0021241
3552.795711,0,5.999805,-0.0000620,-0.0003720
3552.796768,0,5.998828,-0.0001040,-0.0006239
3552.797884,0,5.999219,0.0004160,0.0024957
3552.798942,0,6.000586,-0.0000820,-0.0004920
3552.799999,0,5.998242,-0.0000400,-0.0002399
3552.801115,0,6.001563,0.0001460,0.0008762
3552.802173,0,5.997266,-0.0001040,-0.0006237
3552.803289,0,5.997070,-0.0000400,-0.0002399
3552.804347,0,5.999609,-0.0001860,-0.0011159
3552.805405,0,5.997266,-0.0002500,-0.0014993
3552.806520,0,6.000000,-0.0001240,-0.0007440
3552.807578,0,6.000391,-0.0000400,-0.0002400
3552.808636,0,5.999023,-0.0002700,-0.0016197
3552.809751,0,5.998633,-0.0002920,-0.0017516
3552.810809,0,6.002148,-0.0005000,-0.0030011
3552.811924,0,6.000391,-0.0003540,-0.0021241
3552.814092,0,5.997461,-0.0002500,-0.0014994
3552.815857,0,6.000391,-0.0001040,-0.0006240
3552.817618,0,5.996875,0.0000200,0.0001199
3552.819375,0,5.997070,-0.0000200,-0.0001199
3552.821132,0,5.999805,-0.0001460,-0.0008760
3552.822890,0,6.000195,0.0001660,0.0009960
3552.824647,0,6.000195,0.0001660,0.0009960
3552.826407,0,5.996289,-0.0001660,-0.0009954
3552.827004,0,5.996484,-0.0001660,-0.0009954
3552.828119,0,5.995898,0.0002920,0.0017508
3552.829177,0,6.000000,-0.0002920,-0.0017520
3552.830235,0,5.997852,0.0003320,0.0019913
3552.831350,0,5.998828,-0.0000820,-0.0004919
3552.832408,0,5.998828,-0.0002700,-0.0016197
3552.833525,0,6.000586,0.0000820,0.0004920
3552.834583,0,5.996484,0.0003120,0.0018709
3552.835641,0,5.997266,0.0002500,0.0014993
3552.836756,0,5.998438,0.0003120,0.0018715
3552.837814,0,6.002539,-0.0002280,-0.0013686
3552.838929,0,5.999805,-0.0001040,-0.0006240
3552.839987,0,5.994922,0.0001240,0.0007434
3552.841045,0,5.998633,0.0001660,0.0009958
3552.842161,0,5.997266,-0.0000400,-0.0002399
3552.843218,0,5.997266,-0.0002500,-0.0014993
3552.844277,0,5.995898,0.0000000,0.0000000
3552.845392,0,6.000586,0.0000200,0.0001200
3552.846450,0,5.997266,0.0000820,0.0004918
3552.847565,0,5.997266,0.0001460,0.0008756
3552.848623,0,5.999609,-0.0002700,-0.0016199
3552.849681,0,5.992578,0.0000000,0.0000000
3552.850796,0,5.997461,0.0001660,0.0009956
3552.851854,0,5.998438,-0.0003320,-0.0019915
3552.852912,0,5.994922,-0.0000820,-0.0004916
3552.854029,0,5.998633,0.0000000,0.0000000
3552.855088,0,6.001563,-0.0000820,-0.0004921
3552.856203,0,6.001367,-0.0001240,-0.0007442
3552.857261,0,5.999023,-0.0002700,-0.0016197
3552.858318,0,5.999414,0.0002700,0.0016198
3552.859434,0,5.999805,-0.0000620,-0.0003720
3552.860492,0,6.000391,0.0003320,0.0019921
3552.861607,0,6.000000,0.0002500,0.0015000
3552.862665,0,5.997852,-0.0002500,-0.0014995
3552.863724,0,5.998633,-0.0003120,-0.0018716
3552.864840,0,5.996875,-0.0002080,-0.0012473
3552.865898,0,5.997266,0.0001460,0.0008756
3552.866955,0,6.001367,0.0000820,0.0004921
3552.868071,0,6.001953,0.0001660,0.0009963
3552.869128,0,5.999023,0.0000400,0.0002400
3552.870244,0,5.999414,0.0001860,0.0011159
3552.871302,0,6.000195,0.0000400,0.0002400
3552.872359,0,6.000781,0.0003960,0.0023763
3552.873475,0,5.999414,-0.0000200,-0.0001200
3552.874534,0,6.001563,0.0001660,0.0009963
3552.875592,0,5.997266,0.0000200,0.0001199
3552.876707,0,6.001953,0.0001240,0.0007442
3552.877765,0,6.000195,0.0000820,0.0004920
3552.878880,0,5.998633,0.0000200,0.0001200
3552.879938,0,5.997070,-0.0001660,-0.0009955
3552.880996,0,5.999609,-0.0002500,-0.0014999
3552.882111,0,5.998242,-0.0000200,-0.0001200
3552.883169,0,5.995898,0.0002700,0.0016189
3552.884229,0,5.995508,0.0001040,0.0006235
3552.885345,0,5.999609,0.0003740,0.0022439
3552.886403,0,5.999805,0.0002700,0.0016199
3552.887518,0,5.999609,-0.0003320,-0.0019919
3552.888576,0,5.998828,0.0003740,0.0022436
3552.889634,0,5.999414,-0.0002080,-0.0012479
3552.890749,0,5.997266,-0.0001040,-0.0006237
3552.891807,0,5.998242,0.0002500,0.0014996
3552.892922,0,5.997852,-0.0001040,-0.0006238
3552.893981,0,5.998828,0.0005620,0.0033713
3552.895040,0,5.999805,-0.0000820,-0.0004920
3552.896156,0,5.998047,0.0002080,0.0012476
3552.897214,0,5.999023,0.0006880,0.0041273
3552.898271,0,5.998242,0.0000200,0.0001200
3552.899387,0,5.997461,0.0002280,0.0013674
3552.900445,0,5.994727,0.0000620,0.0003717
3552.901560,0,5.999414,0.0000400,0.0002400
3552.902618,0,5.998047,0.0001040,0.0006238
3552.903676,0,5.999414,0.0003120,0.0018718
3552.904791,0,5.995508,-0.0001660,-0.0009953
3552.905849,0,5.997461,0.0004160,0.0024949
3552.906907,0,6.000000,-0.0000400,-0.0002400
3552.908022,0,5.999219,0.0000200,0.0001200
3552.909080,0,5.997070,-0.0002500,-0.0014993
3552.910195,0,5.997266,0.0002080,0.0012474
3552.911253,0,5.997852,0.0000000,0.0000000
3552.912311,0,5.992188,0.0153080,0.0917284
3552.913426,0,5.996094,0.0310560,0.1862147
3552.914486,0,5.999414,-0.0004580,-0.0027477
3552.915602,0,5.996484,0.0000200,0.0001199
3552.916660,0,6.002148,-0.0000820,-0.0004922
3552.917718,0,5.996289,-0.0003540,-0.0021227
3552.918833,0,5.999805,0.0003740,0.0022439
3552.919891,0,5.998242,0.0000200,0.0001200
3552.920949,0,6.000000,-0.0002920,-0.0017520
3552.922064,0,5.997852,-0.0000200,-0.0001200
3552.923122,0,5.999609,-0.0001040,-0.0006240
3552.924239,0,5.996680,0.0001860,0.0011154
3552.925297,0,6.001953,-0.0002500,-0.0015005
3552.926355,0,5.999414,0.0002500,0.0014999
3552.927470,0,5.999219,0.0004580,0.0027476
3552.928528,0,6.000781,-0.0001240,-0.0007441
3552.929586,0,5.998828,-0.0000820,-0.0004919
3552.930701,0,5.995117,-0.0001660,-0.0009952
3552.931759,0,5.999805,-0.0002700,-0.0016199
3552.932875,0,5.998242,0.0000400,0.0002399
3552.933933,0,5.997266,0.0000400,0.0002399
3552.934991,0,5.997656,0.0002280,0.0013675
3552.936107,0,5.999219,-0.0001460,-0.0008759
3552.937164,0,6.001563,0.0001040,0.0006242
3552.938280,0,5.998242,-0.0000820,-0.0004919
3552.939338,0,5.999414,-0.0000820,-0.0004920
3552.940395,0,5.998828,0.0001860,0.0011158
3552.941511,0,6.000781,-0.0002700,-0.0016202
3552.942569,0,5.998438,0.0013760,0.0082539
3552.943626,0,5.998828,0.0003120,0.0018716
3552.944744,0,5.996875,0.0001240,0.0007436
3552.945803,0,6.001172,0.0000620,0.0003721
3552.946918,0,5.997656,0.0002500,0.0014994
3552.947976,0,5.999414,0.0001460,0.0008759
3552.949034,0,6.002539,0.0001040,0.0006243
3552.950149,0,5.997461,0.0003120,0.0018712
3552.951207,0,6.000000,0.0008120,0.0048720
3552.952265,0,5.997852,0.0002700,0.0016194
3552.953381,0,5.998828,0.0004160,0.0024955
3552.954440,0,6.000781,0.0003740,0.0022443
3552.955556,0,6.001758,-0.0001040,-0.0006242
3552.956614,0,5.996875,-0.0000400,-0.0002399
3552.957672,0,5.997656,0.0001660,0.0009956
3552.958787,0,5.995898,0.0002080,0.0012471
3552.959845,0,5.998242,0.0000400,0.0002399
3552.960903,0,5.998438,0.0000200,0.0001200
3552.962018,0,5.999023,0.0002080,0.0012478
3552.963076,0,5.997461,0.0001240,0.0007437
3552.964192,0,5.999219,-0.0002700,-0.0016198
3552.965251,0,5.998438,0.0000400,0.0002399
3552.966309,0,5.996484,-0.0001660,-0.0009954
3552.967424,0,6.001367,-0.0003120,-0.0018724
3552.968481,0,5.997852,0.0002080,0.0012476
3552.969597,0,6.000977,0.0000820,0.0004921
3552.970655,0,5.995508,0.0000400,0.0002398
3552.971713,0,5.998438,0.0004380,0.0026273
3552.972828,0,5.997852,0.0002500,0.0014995
3552.973886,0,6.001367,0.0002280,0.0013683
3552.974944,0,5.998047,0.0004160,0.0024952
3552.976059,0,6.000586,-0.0002080,-0.0012481
3552.977117,0,5.998047,0.0000200,0.0001200
3552.978232,0,6.000391,-0.0001660,-0.0009961
3552.979290,0,6.000195,-0.0001040,-0.0006240
3552.980348,0,6.001367,-0.0000400,-0.0002401
3552.981463,0,5.996875,-0.0003320,-0.0019910
3552.982521,0,5.997656,0.0002280,0.0013675
3552.983579,0,5.997656,0.0000820,0.0004918
3552.984697,0,6.000391,-0.0002700,-0.0016201
3552.985755,0,6.000781,0.0000620,0.0003720
3552.986870,0,5.996875,-0.0002920,-0.0017511
3552.987928,0,5.998242,0.0000200,0.0001200
3552.988986,0,6.001758,0.0002080,0.0012484
3552.990101,0,5.997656,-0.0001660,-0.0009956
3552.991159,0,5.998438,-0.0000820,-0.0004919
3552.992274,0,5.995898,-0.0002280,-0.0013671
3552.993332,0,5.996484,0.0000620,0.0003718
3552.994391,0,5.999023,0.0001460,0.0008759
3552.995507,0,5.996875,0.0000200,0.0001199
3552.996565,0,5.999414,-0.0000820,-0.0004920
3552.997623,0,5.997461,0.0000820,0.0004918
3552.998738,0,5.999805,0.0001660,0.0009960
3552.999796,0,5.999609,0.0002500,0.0014999
3553.000911,0,5.997070,0.0003320,0.0019910
3553.001969,0,6.000586,0.0000820,0.0004920
3553.003027,0,6.000391,0.0020840,0.0125048
3553.004142,0,6.000586,-0.0000400,-0.0002400
3553.005200,0,6.000977,-0.0001240,-0.0007441
3553.006258,0,5.997461,-0.0001240,-0.0007437
3553.007373,0,5.999023,-0.0002280,-0.0013678
3553.008431,0,5.996680,0.0001040,0.0006237
3553.009547,0,5.996094,-0.0002500,-0.0014990
3553.010604,0,5.997656,0.0001040,0.0006238
3553.011662,0,6.000000,0.0000200,0.0001200
3553.012778,0,5.998438,-0.0002700,-0.0016196
3553.013835,0,5.996875,0.0001240,0.0007436
3553.014952,0,5.996875,0.0002500,0.0014992
3553.016011,0,5.999023,-0.0000620,-0.0003719
3553.017069,0,5.997070,0.0001240,0.0007436
3553.018184,0,5.999219,0.0003960,0.0023757
3553.019242,0,6.001563,0.0004380,0.0026287
3553.020300,0,6.002539,-0.0001040,-0.0006243
3553.021415,0,5.998242,0.0002920,0.0017515
3553.022473,0,5.997266,0.0001660,0.0009955
3553.023588,0,5.998828,0.0006240,0.0037433
3553.024647,0,5.997266,0.0014380,0.0086241
3553.025706,0,6.001758,0.0000000,0.0000000
3553.026821,0,5.998633,0.0001040,0.0006239
3553.027879,0,6.000781,0.0000620,0.0003720
3553.028937,0,5.997266,0.0002500,0.0014993
3553.030052,0,5.998438,0.0002280,0.0013676
3553.031109,0,5.996680,0.0000620,0.0003718
3553.032225,0,5.999219,0.0001860,0.0011159
3553.033283,0,5.996680,0.0003540,0.0021228
3553.034341,0,5.998633,0.0004580,0.0027474
3553.035456,0,5.996484,0.0000620,0.0003718
3553.036514,0,5.998828,-0.0000400,-0.0002400
3553.037630,0,6.002148,0.0003320,0.0019927
3553.038688,0,5.996289,0.0003740,0.0022426
3553.039746,0,5.998438,0.0001240,0.0007438
3553.040861,0,5.998633,0.0002280,0.0013677
3553.041919,0,6.000391,-0.0002280,-0.0013681
3553.042977,0,5.996289,0.0001460,0.0008755
3553.044092,0,5.995898,0.0000620,0.0003717
3553.045151,0,5.998047,0.0030440,0.0182581
3553.046267,0,5.997656,0.0001040,0.0006238
3553.047325,0,5.997266,-0.0001460,-0.0008756
3553.048383,0,5.996875,-0.0003320,-0.0019910
3553.049498,0,6.001758,0.0002080,0.0012484
3553.050556,0,6.001563,-0.0002700,-0.0016204
3553.051614,0,5.998633,-0.0000200,-0.0001200
3553.052729,0,5.996875,-0.0001460,-0.0008755
3553.053787,0,5.998242,-0.0000820,-0.0004919
3553.054904,0,5.999609,0.0001040,0.0006240
3553.055963,0,6.000781,0.0003960,0.0023763
3553.057020,0,5.996680,0.0005200,0.0031183
3553.058136,0,5.995508,0.0003540,0.0021224
3553.059194,0,6.001367,0.0004380,0.0026286
3553.060251,0,6.000391,0.0003120,0.0018721
3553.061367,0,5.997461,-0.0004160,-0.0024949
3553.062425,0,5.998438,0.0005200,0.0031192
3553.063540,0,6.000195,0.0007080,0.0042481
3553.064598,0,5.999219,0.0003740,0.0022437
3553.065656,0,5.998047,0.0028980,0.0173823
3553.066772,0,5.999414,0.0002920,0.0017518
3553.067830,0,5.996289,0.0002280,0.0013672
3553.068945,0,5.997070,-0.0001040,-0.0006237
3553.070003,0,5.996484,0.0001860,0.0011153
3553.071061,0,6.000586,0.0000400,0.0002400
3553.072176,0,5.997070,0.0002280,0.0013673
3553.073234,0,5.997461,0.0004580,0.0027468
3553.074292,0,5.995703,0.0004580,0.0027460
3553.075410,0,6.001172,-0.0002280,-0.0013683
3553.076469,0,5.999609,-0.0002920,-0.0017519
3553.077584,0,6.000195,0.0002280,0.0013680
3553.078642,0,5.995313,-0.0001460,-0.0008753
3553.079700,0,6.000000,0.0000400,0.0002400
3553.080815,0,5.998047,0.0000400,0.0002399
3553.081873,0,5.999219,0.0000000,0.0000000
3553.082931,0,5.998828,0.0000000,0.0000000
3553.084046,0,5.997070,-0.0001240,-0.0007436
3553.085105,0,5.997266,-0.0000200,-0.0001199
3553.086221,0,5.997461,0.0017920,0.0107475
3553.087279,0,5.995898,-0.0000400,-0.0002398
3553.088337,0,5.997461,0.0003320,0.0019912
3553.089452,0,6.000781,0.0005000,0.0030004
3553.090510,0,5.999805,0.0005420,0.0032519
3553.091568,0,5.998633,-0.0000820,-0.0004919
3553.092683,0,5.999609,0.0002280,0.0013679
3553.093741,0,6.000781,0.0000620,0.0003720
3553.094856,0,5.999219,0.0000620,0.0003720
3553.095915,0,5.998828,0.0000400,0.0002400
3553.096972,0,5.999414,-0.0001660,-0.0009959
3553.098088,0,5.997852,-0.0000200,-0.0001200
3553.099146,0,5.997656,-0.0001240,-0.0007437
3553.100261,0,5.999609,0.0000400,0.0002400
3553.101319,0,6.000586,-0.0002280,-0.0013681
3553.102377,0,5.998047,-0.0001460,-0.0008757
3553.103492,0,5.999609,0.0000620,0.0003720
3553.104550,0,5.996289,-0.0002700,-0.0016190
3553.105611,0,5.996289,-0.0001040,-0.0006236
3553.106727,0,5.997656,0.0017520,0.0105079
3553.107785,0,5.999609,0.0013340,0.0080035
3553.108900,0,6.001172,0.0000820,0.0004921
3553.109958,0,5.997070,-0.0000620,-0.0003718
3553.111016,0,5.999023,0.0000200,0.0001200
3553.112131,0,5.998828,0.0000000,0.0000000
3553.114239,0,5.996094,0.0011040,0.0066197
3553.116006,0,5.999023,0.0001460,0.0008759
3553.117765,0,5.998633,0.0003120,0.0018716
3553.119522,0,6.001367,0.0003740,0.0022445
3553.121280,0,6.003516,0.0000200,0.0001201
3553.123037,0,5.997852,0.0005000,0.0029989
3553.124795,0,6.000391,0.0003540,0.0021241
3553.126553,0,6.003711,0.0001240,0.0007445
3553.127208,0,5.997852,0.0001240,0.0007437
3553.128323,0,6.000586,0.0032520,0.0195139
3553.129381,0,5.997461,0.0000200,0.0001199
3553.130496,0,5.997266,0.0002280,0.0013674
3553.131554,0,5.999023,0.0004160,0.0024956
3553.132612,0,6.000586,-0.0001040,-0.0006241
3553.133727,0,6.000000,0.0006660,0.0039960
3553.134785,0,5.996680,0.0002700,0.0016191
3553.135843,0,5.997656,-0.0004160,-0.0024950
3553.136958,0,5.998828,0.0001040,0.0006239
3553.138016,0,5.997266,0.0000000,0.0000000
3553.139131,0,5.997852,0.0006240,0.0037427
3553.140189,0,5.999414,0.0001040,0.0006239
3553.141247,0,5.999609,0.0003320,0.0019919
3553.142362,0,5.996484,-0.0001660,-0.0009954
3553.143420,0,5.996875,-0.0000820,-0.0004917
3553.144535,0,5.998438,0.0003960,0.0023754
3553.145595,0,6.000977,0.0004380,0.0026284
3553.146653,0,6.000000,0.0002920,0.0017520
3553.147769,0,6.000391,0.0005620,0.0033722
3553.148826,0,5.996680,0.0022720,0.0136245
3553.149884,0,5.998438,-0.0001460,-0.0008758
3553.150999,0,5.998633,-0.0001660,-0.0009958
3553.152057,0,5.999219,-0.0004780,-0.0028676
3553.153173,0,5.999805,0.0000820,0.0004920
3553.154230,0,5.997461,-0.0002080,-0.0012475
3553.155289,0,6.001367,0.0003120,0.0018724
3553.156405,0,5.994141,0.0002700,0.0016184
3553.157463,0,5.998438,0.0004380,0.0026273
3553.158521,0,6.000391,0.0003960,0.0023762
3553.159636,0,5.999414,0.0002920,0.0017518
3553.160694,0,5.996484,0.0005200,0.0031182
3553.161809,0,5.996289,0.0000000,0.0000000
3553.162867,0,5.999023,-0.0000200,-0.0001200
3553.163925,0,6.002148,0.0003960,0.0023769
3553.165040,0,5.996484,0.0002280,0.0013672
3553.166098,0,5.999609,0.0001860,0.0011159
3553.167214,0,5.997656,0.0001860,0.0011156
3553.168271,0,5.998438,0.0000400,0.0002399
3553.169329,0,5.998242,0.0020440,0.0122604
3553.170444,0,5.997461,0.0000000,0.0000000
3553.171502,0,5.997266,0.0005000,0.0029986
3553.172560,0,6.000977,0.0004160,0.0024964
3553.173675,0,5.996680,0.0001040,0.0006237
3553.174733,0,6.000391,0.0004780,0.0028682
3553.175850,0,5.997070,0.0000400,0.0002399
3553.176909,0,5.996875,0.0001860,0.0011154
3553.177967,0,5.998242,0.0002700,0.0016195
3553.179082,0,6.000000,-0.0005420,-0.0032520
3553.180140,0,5.997461,-0.0001460,-0.0008756
3553.181255,0,6.000195,-0.0001660,-0.0009960
3553.182313,0,6.000781,-0.0001460,-0.0008761
3553.183371,0,5.997852,-0.0002500,-0.0014995
3553.184486,0,5.996680,0.0002700,0.0016191
3553.185545,0,5.998047,0.0000000,0.0000000
3553.186603,0,5.997461,-0.0001040,-0.0006237
3553.187719,0,5.994531,0.0003120,0.0018703
3553.188776,0,6.000977,-0.0002700,-0.0016203
3553.189892,0,5.997461,0.0009800,0.0058775
3553.190950,0,5.995508,0.0012080,0.0072426
3553.192007,0,5.994922,-0.0001240,-0.0007434
3553.193123,0,6.001758,0.0000200,0.0001200
3553.194181,0,6.000781,-0.0001040,-0.0006241
3553.195238,0,6.000195,-0.0003120,-0.0018721
3553.196355,0,5.997852,0.0002500,0.0014995
3553.197412,0,5.998828,-0.0000820,-0.0004919
3553.198528,0,5.999609,0.0000200,0.0001200
3553.199586,0,6.000000,-0.0001460,-0.0008760
3553.200643,0,5.994922,-0.0001460,-0.0008753
3553.201759,0,5.998828,-0.0003960,-0.0023755
3553.202817,0,5.999219,-0.0002500,-0.0014998
3553.203932,0,6.000195,-0.0003320,-0.0019921
3553.204990,0,5.999023,-0.0003740,-0.0022436
3553.206049,0,6.001563,0.0001040,0.0006242
3553.207165,0,5.999609,0.0000000,0.0000000
3553.208223,0,5.998633,0.0004160,0.0024954
3553.209281,0,5.998242,0.0001460,0.0008757
3553.210396,0,5.997461,-0.0001860,-0.0011155
3553.211454,0,5.997852,0.0027740,0.0166380
3553.212569,0,5.999805,0.0001660,0.0009960
3553.213627,0,5.998242,-0.0001660,-0.0009957
3553.214685,0,5.998828,-0.0001460,-0.0008758
3553.215802,0,6.001953,-0.0002700,-0.0016205
3553.216861,0,5.997266,-0.0000200,-0.0001199
3553.217919,0,6.000391,0.0001460,0.0008761
3553.219034,0,5.998828,0.0004780,0.0028674
3553.220092,0,6.001172,0.0000200,0.0001200
3553.221207,0,5.999805,0.0008760,0.0052558
3553.222265,0,5.998438,0.0000200,0.0001200
3553.223323,0,5.999414,0.0002500,0.0014999
3553.224438,0,5.999219,0.0000000,0.0000000
3553.225496,0,5.996094,0.0000000,0.0000000
3553.226554,0,5.997852,-0.0001660,-0.0009956
3553.227669,0,5.998633,-0.0003320,-0.0019915
3553.228727,0,5.997070,0.0003120,0.0018711
3553.229843,0,5.997852,-0.0003120,-0.0018713
3553.230900,0,5.997852,-0.0004780,-0.0028670
3553.231958,0,6.000195,0.0016460,0.0098763
3553.233074,0,5.999805,0.0003740,0.0022439
3553.234131,0,6.000781,0.0000820,0.0004921
3553.235247,0,5.997656,0.0005620,0.0033707
3553.236307,0,6.001953,0.0001040,0.0006242
3553.237365,0,6.001953,0.0001860,0.0011164
3553.238481,0,5.995898,0.0005620,0.0033697
3553.239538,0,5.997070,0.0000820,0.0004918
3553.240596,0,5.999023,0.0001040,0.0006239
3553.241711,0,5.997070,-0.0000200,-0.0001199
3553.242769,0,5.997656,0.0000200,0.0001200
3553.243885,0,6.000586,-0.0003740,-0.0022442
3553.244942,0,5.999805,-0.0003740,-0.0022439
3553.246001,0,5.998633,0.0001040,0.0006239
3553.247118,0,5.997656,-0.0001460,-0.0008757
3553.248175,0,6.000391,-0.0003320,-0.0019921
3553.249233,0,5.997656,0.0000000,0.0000000
3553.250349,0,5.997656,0.0001460,0.0008757
3553.251406,0,6.001172,-0.0003120,-0.0018724
3553.252522,0,5.999414,0.0023360,0.0140146
3553.253580,0,5.996094,0.0000200,0.0001199
3553.254637,0,6.002734,0.0003540,0.0021250
3553.255753,0,5.996094,0.0000620,0.0003718
3553.256812,0,5.997852,0.0003740,0.0022432
3553.257927,0,5.999609,0.0002700,0.0016199
3553.258985,0,5.999219,0.0001040,0.0006239
3553.260043,0,5.994141,0.0004380,0.0026254
3553.261158,0,5.998438,0.0005620,0.0033711
3553.262216,0,5.997266,0.0001240,0.0007437
3553.263274,0,5.999609,0.0000820,0.0004920
3553.264389,0,5.994922,0.0002280,0.0013668
3553.265447,0,5.999023,0.0004160,0.0024956
3553.266565,0,5.999414,0.0002080,0.0012479
3553.267623,0,5.997070,0.0003120,0.0018711
3553.268681,0,6.000977,-0.0001860,-0.0011162
3553.269796,0,5.998242,0.0000200,0.0001200
3553.270854,0,5.997461,0.0001660,0.0009956
3553.271912,0,5.997461,-0.0003320,-0.0019912
3553.273027,0,6.000000,0.0018140,0.0108840
3553.274085,0,5.999219,0.0003120,0.0018718
3553.275200,0,5.999609,0.0005200,0.0031198
3553.276260,0,5.998047,0.0000820,0.0004918
3553.277318,0,5.998242,0.0002920,0.0017515
3553.278434,0,5.997070,0.0003740,0.0022429
3553.279491,0,5.998438,0.0004380,0.0026273
3553.280549,0,5.997656,0.0003320,0.0019912
3553.281665,0,5.998828,0.0001040,0.0006239
3553.282722,0,5.993750,-0.0002700,-0.0016183
3553.283838,0,5.997266,-0.0002280,-0.0013674
3553.284896,0,5.998633,-0.0005840,-0.0035032
3553.285954,0,5.999805,-0.0001660,-0.0009960
3553.287070,0,5.996094,-0.0000400,-0.0002398
3553.288127,0,5.999219,0.0000400,0.0002400
3553.289243,0,5.997070,-0.0001660,-0.0009955
3553.290300,0,5.996484,-0.0002280,-0.0013672
3553.291358,0,5.996875,0.0000820,0.0004917
3553.292474,0,5.996875,-0.0001040,-0.0006237
3553.293531,0,5.999414,-0.0000820,-0.0004920
3553.294589,0,5.994141,0.0021260,0.0127435
3553.295705,0,5.998242,-0.0002920,-0.0017515
3553.296762,0,5.999609,-0.0001660,-0.0009959
3553.297877,0,5.998828,0.0001040,0.0006239
3553.298935,0,6.000000,0.0002280,0.0013680
3553.300050,0,5.997461,-0.0001040,-0.0006237
3553.301108,0,5.998242,0.0003320,0.0019914
3553.302166,0,6.002539,0.0005420,0.0032534
3553.303281,0,5.996875,0.0003540,0.0021229
3553.304339,0,5.998438,0.0005420,0.0032512
3553.305397,0,5.999805,0.0005620,0.0033719
3553.306514,0,5.998047,0.0005620,0.0033709
3553.307573,0,5.999023,0.0000000,0.0000000
3553.308688,0,5.999805,0.0002080,0.0012480
3553.309746,0,5.998242,0.0006040,0.0036229
3553.310804,0,5.997656,0.0001660,0.0009956
3553.311919,0,5.996484,0.0003120,0.0018709
3553.312976,0,5.998438,0.0001460,0.0008758
3553.314092,0,5.999414,0.0004380,0.0026277
3553.315150,0,6.001953,0.0020020,0.0120159
3553.316208,0,5.998242,0.0001240,0.0007438
3553.317324,0,5.997266,0.0004160,0.0024949
3553.318382,0,5.998438,0.0000000,0.0000000
3553.319440,0,5.997656,0.0001240,0.0007437
3553.320555,0,6.000000,0.0002080,0.0012480
3553.321613,0,5.996680,0.0001460,0.0008755
3553.322728,0,5.998633,0.0004380,0.0026274
3553.323786,0,5.996094,0.0005000,0.0029980
3553.324844,0,5.998828,0.0002080,0.0012478
3553.325959,0,6.000195,0.0004160,0.0024961
3553.327017,0,5.996875,0.0002700,0.0016192
3553.328075,0,6.004492,0.0001040,0.0006245
3553.329190,0,6.000391,0.0004380,0.0026282
3553.330248,0,5.997070,0.0002920,0.0017511
3553.331364,0,6.000781,0.0000820,0.0004921
3553.332421,0,5.998828,0.0000820,0.0004919
3553.333479,0,5.999609,0.0000000,0.0000000
3553.334595,0,5.996875,0.0002280,0.0013673
3553.335652,0,5.918164,0.0032520,0.0192459
3553.336769,0,5.914258,0.6490800,3.8388265
3553.337828,0,5.946289,0.6686660,3.9760813
3553.338886,0,5.995703,0.0078620,0.0471382
3553.340001,0,5.995313,0.0288460,0.1729408
3553.341059,0,5.998438,0.0231520,0.1388758
3553.342117,0,5.995898,0.0219200,0.1314301
3553.343232,0,5.996875,0.0208580,0.1250828
3553.344290,0,5.995508,0.0194600,0.1166726
3553.345405,0,5.997266,0.0172480,0.1034408
3553.346464,0,5.997070,0.0162060,0.0971885
3553.347523,0,5.997852,0.0155800,0.0934465
3553.348638,0,5.993750,0.0153080,0.0917523
3553.349696,0,5.996875,0.0153080,0.0918002
3553.350754,0,5.994727,0.0154960,0.0928943
3553.351869,0,5.996289,0.0147880,0.0886731
3553.352927,0,5.995703,0.0152460,0.0914105
3553.354042,0,5.998438,0.0151220,0.0907084
3553.355100,0,5.997852,0.0145380,0.0871968
3553.356158,0,5.996484,0.0153080,0.0917942
3553.357274,0,5.996094,0.0144540,0.0866675
3553.358331,0,5.997266,0.0142660,0.0855570
3553.359447,0,5.998828,0.0149120,0.0894545
3553.360505,0,5.996289,0.0145780,0.0874139
3553.361563,0,5.994922,0.0147460,0.0884011
3553.362678,0,5.994141,0.0142040,0.0851408
3553.363735,0,5.999023,0.0145380,0.0872138
3553.364793,0,5.996094,0.0151620,0.0909128
3553.365909,0,5.995898,0.0135980,0.0815322
3553.366968,0,5.997852,0.0139540,0.0836940
3553.368084,0,5.999023,0.0142040,0.0852101
3553.369142,0,5.994531,0.0138480,0.0830123
3553.370200,0,5.997461,0.0136820,0.0820573
3553.371315,0,5.997461,0.0131820,0.0790585
3553.372373,0,5.999414,0.0135980,0.0815800
3553.373431,0,5.997461,0.0130560,0.0783029
3553.374546,0,5.997266,0.0132860,0.0796797
3553.375604,0,5.999414,0.0133060,0.0798282
3553.376720,0,5.996875,0.0133700,0.0801782
3553.377779,0,5.994531,0.0134740,0.0807703
3553.378836,0,5.998438,0.0130560,0.0783156
3553.379952,0,5.995313,0.0124920,0.0748934
3553.381009,0,6.000000,0.0127840,0.0767040
3553.382125,0,5.995898,0.0127440,0.0764117
3553.383183,0,5.996289,0.0127220,0.0762848
3553.384240,0,5.996289,0.0129720,0.0777839
3553.385356,0,6.000391,0.0123260,0.0739608
3553.386414,0,5.996094,0.0124520,0.0746634
3553.387472,0,5.996875,0.0120340,0.0721664
3553.388587,0,5.992578,0.0119920,0.0718630
3553.389645,0,5.995117,0.0118680,0.0711501
3553.390760,0,5.996875,0.0116160,0.0696597
3553.391818,0,5.997656,0.0123680,0.0741790
3553.392876,0,6.001953,0.0120760,0.0724796
3553.393991,0,5.999609,0.0112840,0.0676996
3553.395049,0,5.997852,0.0115540,0.0692992
3553.396165,0,5.993359,0.0114300,0.0685041
3553.397224,0,5.995117,0.0114920,0.0688959
3553.398283,0,5.998242,0.0110120,0.0660526
3553.399399,0,5.994336,0.0109920,0.0658897
3553.400456,0,5.994531,0.0110960,0.0665153
3553.401514,0,6.000000,0.0110120,0.0660720
3553.402629,0,5.998047,0.0104080,0.0624277
3553.403687,0,5.997461,0.0107400,0.0644127
3553.404803,0,5.997852,0.0110740,0.0664202
3553.405860,0,5.997070,0.0107000,0.0641687
3553.406919,0,6.000195,0.0105120,0.0630741
3553.408035,0,5.996094,0.0107200,0.0642781
3553.409093,0,5.997070,0.0104080,0.0624175
3553.410151,0,5.996289,0.0106360,0.0637765
3553.411266,0,5.997656,0.0105740,0.0634192
3553.412324,0,5.998242,0.0103020,0.0617939
3553.414437,0,5.994336,0.0107620,0.0645110
3553.416201,0,5.998828,0.0109280,0.0655552
3553.417963,0,5.997461,0.0098020,0.0587871
3553.419723,0,5.999609,0.0102820,0.0616880
3553.421481,0,5.996289,0.0100520,0.0602747
3553.423238,0,5.999609,0.0098640,0.0591801
3553.424996,0,6.000391,0.0096980,0.0581918
3553.426753,0,5.998438,0.0098640,0.0591686
3553.427466,0,5.998047,0.0100940,0.0605443
3553.428524,0,5.996680,0.0099060,0.0594031
3553.429640,0,5.998828,0.0096360,0.0578047
3553.430698,0,5.999414,0.0096980,0.0581823
3553.431756,0,5.994727,0.0098640,0.0591320
3553.432871,0,5.999609,0.0096780,0.0580642
3553.433928,0,5.997266,0.0094900,0.0569141
3553.434986,0,5.996484,0.0099280,0.0595331
3553.436102,0,5.999414,0.0098240,0.0589382
3553.437161,0,5.998828,0.0096560,0.0579247
3553.438277,0,5.995898,0.0096780,0.0580283
3553.439334,0,5.998242,0.0093220,0.0559156
3553.440392,0,5.998242,0.0094900,0.0569233
3553.441508,0,5.995898,0.0099480,0.0596472
3553.442565,0,5.997852,0.0098440,0.0590429
3553.443623,0,5.995313,0.0098640,0.0591378
3553.444739,0,5.998047,0.0101160,0.0606762
3553.445796,0,5.997852,0.0095520,0.0572915
3553.446912,0,6.001172,0.0102620,0.0615840
3553.447971,0,5.995898,0.0096980,0.0581482
3553.449028,0,6.000000,0.0096560,0.0579360
3553.450144,0,5.997656,0.0103020,0.0617879
3553.451201,0,5.996094,0.0099280,0.0595292
3553.452317,0,5.994141,0.0097600,0.0585028
3553.453375,0,5.998242,0.0099060,0.0594186
3553.454433,0,5.997461,0.0102620,0.0615459
3553.455548,0,5.999219,0.0100740,0.0604361
3553.456606,0,5.995703,0.0096980,0.0581463
3553.457664,0,5.996289,0.0097400,0.0584039
3553.458779,0,5.998633,0.0095720,0.0574189
3553.459837,0,5.997461,0.0099280,0.0595428
3553.460952,0,5.999805,0.0097820,0.0586901
3553.462010,0,5.998047,0.0089680,0.0537905
3553.463068,0,5.996094,0.0101360,0.0607764
3553.464183,0,5.997461,0.0100940,0.0605384
3553.465241,0,5.996875,0.0095940,0.0575340
3553.466357,0,5.996094,0.0102620,0.0615319
3553.467417,0,6.001953,0.0089880,0.0539456
3553.468475,0,5.997070,0.0097400,0.0584115
3553.469590,0,5.995508,0.0095720,0.0573890
3553.470648,0,5.997070,0.0097400,0.0584115
3553.471706,0,5.999609,0.0098860,0.0593121
3553.472821,0,5.994336,0.0099900,0.0598834
3553.473879,0,5.996289,0.0102200,0.0612821
3553.474994,0,5.998633,0.0105940,0.0635495
3553.476052,0,5.998242,0.0101160,0.0606782
3553.477111,0,5.996094,0.0102400,0.0614000
3553.478226,0,5.999219,0.0107400,0.0644316
3553.479284,0,6.001172,0.0109700,0.0658329
3553.480342,0,6.000977,0.0108460,0.0650866
3553.481457,0,5.998828,0.0159760,0.0958373
3553.482515,0,5.995117,0.0159760,0.0957780
3553.483631,0,5.988281,0.0109700,0.0656914
3553.484688,0,5.997461,0.0393160,0.2357962
3553.485746,0,5.993164,0.0399000,0.2391272
3553.486862,0,5.991016,0.0392120,0.2349197
3553.487920,0,5.992188,0.0394000,0.2360922
3553.489035,0,5.999414,0.0177900,0.1067296
3553.490093,0,5.997266,0.0093640,0.0561584
3553.491151,0,5.996680,0.0106360,0.0637807
3553.492266,0,5.994922,0.0095720,0.0573834
3553.493324,0,5.996680,0.0100520,0.0602786
3553.494382,0,5.995703,0.0391500,0.2347318
3553.495497,0,5.992383,0.0387320,0.2320970
3553.496555,0,5.993945,0.0397760,0.2384152
3553.497672,0,5.995508,0.0394420,0.2364748
3553.498730,0,5.995117,0.0397760,0.2384618
3553.499788,0,5.991406,0.0397760,0.2383142
3553.500903,0,5.992773,0.0391280,0.2344852
3553.501961,0,5.993164,0.0398380,0.2387557
3553.503019,0,5.993359,0.0385020,0.2307563
3553.504134,0,5.991016,0.0391280,0.2344165
3553.505192,0,5.992969,0.0397540,0.2382445
3553.506307,0,5.995703,0.0391080,0.2344800
3553.507366,0,5.991211,0.0402340,0.2410504
3553.508424,0,5.990820,0.0394620,0.2364098
3553.509539,0,5.991602,0.0389820,0.2335646
3553.510597,0,5.993555,0.0400880,0.2402696
3553.511712,0,5.995703,0.0393800,0.2361108
3553.512770,0,5.992578,0.0402560,0.2412372
3553.513828,0,5.993359,0.0397120,0.2380083
3553.514943,0,5.993164,0.0392540,0.2352557
3553.516001,0,5.993750,0.0400260,0.2399058
3553.517059,0,5.994727,0.0394420,0.2364440
3553.518174,0,5.994727,0.0400880,0.2403166
3553.519232,0,5.997461,0.0401500,0.2407981
3553.520348,0,5.996875,0.0395040,0.2369005
3553.521405,0,5.993359,0.0401100,0.2403936
3553.522463,0,5.992773,0.0395040,0.2367385
3553.523579,0,5.996875,0.0397340,0.2382798
3553.524636,0,5.998438,0.0393800,0.2362185
3553.525752,0,5.993164,0.0392320,0.2351238
3553.526809,0,5.993945,0.0401500,0.2406569
3553.527870,0,5.993555,0.0391500,0.2346477
3553.528986,0,5.990039,0.0399840,0.2395057
3553.530044,0,5.993750,0.0407140,0.2440295
3553.531102,0,5.992188,0.0412560,0.2472137
3553.532217,0,5.995703,0.0428620,0.2569878
3553.533275,0,5.999219,0.0404420,0.2426204
3553.534390,0,5.993945,0.0396720,0.2377918
3553.535448,0,5.991211,0.0410480,0.2459272
3553.536506,0,5.993750,0.0416940,0.2499034
3553.537622,0,5.994141,0.0423000,0.2535521
3553.538680,0,5.992188,0.0398800,0.2389684
3553.539738,0,5.992578,0.0394620,0.2364791
3553.540854,0,5.993164,0.0401720,0.2407574
3553.541911,0,5.998242,0.0419240,0.2514703
3553.543027,0,5.991602,0.0423200,0.2535646
3553.544085,0,5.987305,0.0406940,0.2436474
3553.545142,0,5.996094,0.0394420,0.2364979
3553.546258,0,5.992188,0.0419860,0.2515880
3553.547315,0,5.990625,0.0422160,0.2529002
3553.548374,0,5.992383,0.0397760,0.2383530
3553.549489,0,5.999414,0.0401720,0.2410085
3553.550547,0,5.993555,0.0400880,0.2402696
3553.551662,0,5.989063,0.0426740,0.2555773
3553.552720,0,5.994336,0.0424460,0.2544356
3553.553778,0,5.994922,0.0402340,0.2411997
3553.554893,0,5.997852,0.0401300,0.2406938
3553.555951,0,5.993555,0.0402760,0.2413964
3553.557066,0,5.993945,0.0426120,0.2554140
3553.558126,0,5.994336,0.0412560,0.2473023
3553.559185,0,5.991211,0.0402760,0.2413020
3553.560300,0,5.992578,0.0404640,0.2424837
3553.561358,0,5.991992,0.0412780,0.2473375
3553.562416,0,5.996680,0.0420080,0.2519085
3553.563531,0,5.992578,0.0395880,0.2372342
3553.564589,0,5.989258,0.0396500,0.2374741
3553.565704,0,5.991602,0.0409640,0.2454400
3553.566762,0,5.993164,0.0411520,0.2466307
3553.567821,0,5.995117,0.0423000,0.2535935
3553.568937,0,5.994141,0.0398180,0.2386747
3553.569995,0,5.995117,0.0404220,0.2423346
3553.571052,0,5.993750,0.0413600,0.2479015
3553.572168,0,5.993750,0.0419240,0.2512820
3553.573226,0,5.992383,0.0406300,0.2434705
3553.574341,0,5.993164,0.0405680,0.2431307
3553.575399,0,5.995117,0.0397960,0.2385817
3553.576457,0,5.994922,0.0424040,0.2542087
3553.577573,0,5.992969,0.0423400,0.2537423
3553.578631,0,5.992969,0.0395460,0.2369979
3553.579689,0,5.994141,0.0403800,0.2420434
3553.580805,0,5.995703,0.0396720,0.2378615
3553.581862,0,5.993164,0.0423620,0.2538824
3553.582978,0,5.992188,0.0423400,0.2537092
3553.584036,0,5.994922,0.0393160,0.2356963
3553.585093,0,5.994727,0.0404020,0.2421989
3553.586209,0,5.994727,0.0416940,0.2499441
3553.587267,0,5.996289,0.0425500,0.2551421
3553.588385,0,5.992578,0.0399420,0.2393556
3553.589443,0,5.996289,0.0398580,0.2390001
3553.590501,0,5.995703,0.0406940,0.2439891
3553.591616,0,5.993164,0.0420480,0.2520006
3553.592674,0,5.992969,0.0415280,0.2488760
3553.593732,0,5.996094,0.0402140,0.2411269
3553.594847,0,5.994531,0.0398180,0.2386902
3553.595905,0,5.994336,0.0411720,0.2467988
3553.597020,0,5.991602,0.0421740,0.2526898
3553.598079,0,5.994922,0.0412140,0.2470747
3553.599137,0,5.992383,0.0399840,0.2395994
3553.600253,0,5.993945,0.0398580,0.2389067
3553.601310,0,5.994531,0.0417780,0.2504395
3553.602368,0,5.995898,0.0418400,0.2508684
3553.603483,0,5.991406,0.0396920,0.2378109
3553.604541,0,5.992188,0.0404840,0.2425877
3553.605657,0,5.992383,0.0401300,0.2404743
3553.606714,0,5.993945,0.0429040,0.2571642
3553.607772,0,5.995117,0.0423620,0.2539652
3553.608889,0,5.989453,0.0401100,0.2402370
3553.609946,0,5.995703,0.0405060,0.2428620
3553.611062,0,5.996289,0.0404020,0.2422621
3553.612119,0,5.992578,0.0425920,0.2552359
3553.613177,0,5.992578,0.0406720,0.2437301
3553.614293,0,5.993555,0.0403800,0.2420197
3553.615350,0,5.995313,0.0405260,0.2429660
3553.616408,0,5.993164,0.0421120,0.2523841
3553.617523,0,5.992578,0.0423620,0.2538576
3553.618583,0,5.994922,0.0386900,0.2319435
3553.619699,0,5.995313,0.0399840,0.2397166
3553.620757,0,5.995703,0.0405880,0.2433536
3553.621815,0,5.991602,0.0420700,0.2520667
3553.622930,0,5.996875,0.0424460,0.2545434
3553.623988,0,5.991992,0.0405880,0.2432030
3553.625045,0,5.993164,0.0399000,0.2391272
3553.626161,0,5.992383,0.0415700,0.2491034
3553.627218,0,5.991602,0.0422580,0.2531931
3553.628335,0,5.993945,0.0402760,0.2414121
3553.629394,0,5.991602,0.0398380,0.2386934
3553.630452,0,5.990430,0.0399840,0.2395213
3553.631567,0,5.995898,0.0427160,0.2561208
3553.632625,0,5.995703,0.0419860,0.2517356
3553.633741,0,5.993945,0.0401500,0.2406569
3553.634798,0,5.994922,0.0399640,0.2395811
3553.635856,0,5.989453,0.0404840,0.2424770
3553.636972,0,5.995508,0.0446140,0.2674836
3553.638030,0,5.993945,0.0407760,0.2444091
3553.639089,0,5.995117,0.0382520,0.2293252
3553.640204,0,5.993945,0.0383360,0.2297839
3553.641262,0,5.993555,0.0396500,0.2376444
3553.642377,0,5.991602,0.0434880,0.2605628
3553.643435,0,5.992578,0.0404640,0.2424837
3553.644493,0,5.998438,0.0405880,0.2434646
3553.645608,0,5.992773,0.0412560,0.2472379
3553.646666,0,5.992773,0.0429460,0.2573656
3553.647724,0,5.991992,0.0428000,0.2564573
3553.648839,0,5.991797,0.0405060,0.2427037
3553.649897,0,5.993359,0.0404840,0.2426352
3553.651013,0,5.993750,0.0416320,0.2495318
3553.652071,0,5.994141,0.0428420,0.2568010
3553.653129,0,5.995117,0.0421120,0.2524664
3553.654244,0,5.995703,0.0411100,0.2464834
3553.655302,0,5.994727,0.0406520,0.2436976
3553.656417,0,5.992578,0.0434880,0.2606052
3553.657475,0,5.993555,0.0425700,0.2551456
3553.658535,0,5.995898,0.0410680,0.2462396
3553.659651,0,5.992773,0.0404840,0.2426114
3553.660709,0,5.994336,0.0418620,0.2509349
3553.661767,0,5.995313,0.0425500,0.2551005
3553.662882,0,5.995508,0.0428000,0.2566077
3553.663940,0,5.994922,0.0412140,0.2470747
3553.665055,0,5.991406,0.0409440,0.2453121
3553.666113,0,5.998242,0.0416320,0.2497188
3553.667171,0,5.995313,0.0434040,0.2602205
3553.668287,0,5.994141,0.0412780,0.2474261
3553.669345,0,5.992188,0.0404420,0.2423360
3553.670403,0,5.994727,0.0416100,0.2494406
3553.671518,0,5.992773,0.0419440,0.2513609
3553.672576,0,5.991992,0.0431540,0.2585784
3553.673692,0,5.992773,0.0406940,0.2438699
3553.674750,0,5.992969,0.0408600,0.2448727
3553.675807,0,5.992969,0.0402340,0.2411211
3553.676923,0,5.994727,0.0431120,0.2584447
3553.677980,0,5.992773,0.0433420,0.2597388
3553.679095,0,5.993164,0.0410480,0.2460074
3553.680153,0,5.995898,0.0405060,0.2428699
3553.681211,0,5.993945,0.0427780,0.2564090
3553.682326,0,5.991016,0.0426960,0.2557924
3553.683384,0,5.995117,0.0407980,0.2445888
3553.684442,0,5.995508,0.0404020,0.2422305
3553.685557,0,5.990234,0.0410260,0.2457554
3553.686615,0,5.995508,0.0437600,0.2623634
3553.687731,0,5.991406,0.0432580,0.2591763
3553.688791,0,5.995703,0.0405060,0.2428620
3553.689849,0,5.990039,0.0414640,0.2483710
3553.690965,0,5.994531,0.0411520,0.2466870
3553.692022,0,5.993164,0.0434040,0.2601273
3553.693080,0,5.995898,0.0424040,0.2542501
3553.694196,0,5.993555,0.0407340,0.2441415
3553.695253,0,5.994727,0.0410680,0.2461914
3553.696369,0,5.991406,0.0428200,0.2565520
3553.697427,0,5.995117,0.0432580,0.2593368
3553.698485,0,5.996680,0.0407140,0.2441488
3553.699601,0,5.992969,0.0405060,0.2427512
3553.700659,0,5.991992,0.0416100,0.2493268
3553.701717,0,5.995898,0.0424240,0.2543700
3553.702832,0,5.994727,0.0430300,0.2579531
3553.703890,0,5.992773,0.0411520,0.2466146
3553.705005,0,5.996289,0.0404020,0.2422621
3553.706063,0,5.995313,0.0422780,0.2534698
3553.707121,0,5.991211,0.0428420,0.2566755
3553.708236,0,5.994531,0.0419020,0.2511828
3553.709294,0,5.992578,0.0410260,0.2458515
3553.710410,0,5.995508,0.0405880,0.2433457
3553.711467,0,5.993945,0.0437380,0.2621632
3553.714460,0,5.995313,0.0412140,0.2470908
3553.716226,0,5.996289,0.0434680,0.2606467
3553.717984,0,5.994141,0.0430700,0.2581676
3553.719744,0,5.996680,0.0413600,0.2480227
3553.721503,0,5.991602,0.0420480,0.2519349
3553.723260,0,5.997461,0.0412360,0.2473113
3553.725018,0,5.994727,0.0409860,0.2456999
3553.726775,0,5.991992,0.0428420,0.2567089
3553.727660,0,5.996875,0.0429040,0.2572899
3553.728719,0,5.992773,0.0410060,0.2457397
3553.729836,0,5.994727,0.0404840,0.2426905
3553.730893,0,5.991797,0.0415900,0.2491988
3553.732009,0,6.000781,0.0432800,0.2597138
3553.733066,0,5.992188,0.0422580,0.2532179
3553.734124,0,5.995117,0.0404220,0.2423346
3553.735239,0,5.991797,0.0402760,0.2413256
3553.736297,0,5.996680,0.0433220,0.2597882
3553.737355,0,5.994141,0.0431960,0.2589229
3553.738470,0,5.993555,0.0410060,0.2457717
3553.739529,0,5.992383,0.0414440,0.2483483
3553.740644,0,5.994531,0.0409220,0.2453082
3553.741702,0,5.995313,0.0427580,0.2563476
3553.742760,0,5.991602,0.0432380,0.2590649
3553.743875,0,5.993945,0.0406100,0.2434141
3553.744933,0,5.998242,0.0411940,0.2470916
3553.746048,0,5.993359,0.0411320,0.2465189
3553.747106,0,5.991992,0.0426540,0.2555824
3553.748164,0,5.995313,0.0420280,0.2519710
3553.749282,0,5.995508,0.0403600,0.2419787
3553.750340,0,5.995508,0.0415480,0.2491014
3553.751398,0,5.990625,0.0428420,0.2566504
3553.752514,0,5.994922,0.0434880,0.2607072
3553.753572,0,5.992773,0.0407340,0.2441096
3553.754687,0,5.995898,0.0400460,0.2401117
3553.755745,0,5.992773,0.0413180,0.2476094
3553.756803,0,5.991602,0.0428200,0.2565604
3553.757918,0,5.992773,0.0432800,0.2593672
3553.758977,0,5.995508,0.0412980,0.2476025
3553.760036,0,5.991797,0.0405680,0.2430752
3553.761151,0,5.993164,0.0425280,0.2548773
3553.762209,0,5.997461,0.0425700,0.2553119
3553.763324,0,5.992188,0.0408600,0.2448408
3553.764382,0,5.991797,0.0406300,0.2434467
3553.765440,0,5.994922,0.0410260,0.2459477
3553.766555,0,5.994727,0.0429240,0.2573176
3553.767613,0,5.994141,0.0425280,0.2549188
3553.768671,0,5.992969,0.0407560,0.2442494
3553.769787,0,5.994727,0.0408400,0.2448246
3553.770845,0,5.995703,0.0402560,0.2413630
3553.771960,0,5.993945,0.0428840,0.2570444
3553.773018,0,5.991406,0.0426120,0.2553058
3553.774076,0,5.990234,0.0401720,0.2406397
3553.775191,0,5.994336,0.0409440,0.2454321
3553.776249,0,5.995898,0.0423400,0.2538663
3553.777364,0,5.992773,0.0432580,0.2592354
3553.778422,0,5.992969,0.0412560,0.2472459
3553.779482,0,5.995898,0.0394200,0.2363583
3553.780598,0,5.994922,0.0410900,0.2463313
3553.781656,0,5.992969,0.0433420,0.2597473
3553.782714,0,5.993750,0.0427380,0.2561609
3553.783829,0,5.997070,0.0409440,0.2455440
3553.784887,0,5.995703,0.0405680,0.2432337
3553.786002,0,5.987891,0.0413400,0.2475394
3553.787060,0,5.994141,0.0428420,0.2568010
3553.788118,0,5.995508,0.0422780,0.2534781
3553.789235,0,5.994336,0.0400040,0.2397974
3553.790294,0,5.994336,0.0409020,0.2451803
3553.791351,0,5.994336,0.0436760,0.2618086
3553.792467,0,5.996094,0.0433420,0.2598827
3553.793524,0,5.994141,0.0405680,0.2431703
3553.794640,0,5.994531,0.0415700,0.2491927
3553.795698,0,5.994141,0.0405680,0.2431703
3553.796813,0,5.995313,0.0419020,0.2512156
3553.797871,0,5.997852,0.0425280,0.2550766
3553.798929,0,5.991016,0.0399840,0.2395448
3553.800045,0,5.995703,0.0404840,0.2427300
3553.801103,0,5.992188,0.0412140,0.2469620
3553.802160,0,5.995117,0.0430920,0.2583416
3553.803276,0,5.991602,0.0429460,0.2573153
3553.804334,0,5.993555,0.0399840,0.2396463
3553.805449,0,5.994531,0.0414440,0.2484374
3553.806507,0,5.994531,0.0428620,0.2569376
3553.807564,0,5.995313,0.0425920,0.2553524
3553.808680,0,5.993555,0.0415480,0.2490202
3553.809738,0,5.993555,0.0402340,0.2411447
3553.810796,0,5.993555,0.0408800,0.2450165
3553.811911,0,5.991797,0.0423200,0.2535728
3553.812969,0,5.996094,0.0424460,0.2545102
3553.814084,0,5.997070,0.0388160,0.2327823
3553.815142,0,5.993945,0.0402960,0.2415320
3553.816199,0,5.991016,0.0421940,0.2527849
3553.817315,0,5.995703,0.0427780,0.2564842
3553.818372,0,5.995703,0.0412560,0.2473587
3553.819490,0,5.993359,0.0409440,0.2453921
3553.820548,0,5.994727,0.0406300,0.2435657
3553.821606,0,5.995313,0.0430080,0.2578464
3553.822721,0,5.992578,0.0430500,0.2579805
3553.823779,0,5.995508,0.0400680,0.2402280
3553.824837,0,5.997266,0.0402960,0.2416658
3553.825952,0,5.990430,0.0409220,0.2451404
3553.827010,0,5.993750,0.0428000,0.2565325
3553.828125,0,5.997266,0.0419240,0.2514294
3553.829184,0,5.995313,0.0407140,0.2440932
3553.830242,0,5.992578,0.0414860,0.2486081
3553.831358,0,5.993750,0.0421940,0.2529003
3553.832416,0,5.993750,0.0425280,0.2549022
3553.833473,0,5.995313,0.0414440,0.2484697
3553.834589,0,5.992773,0.0405260,0.2428631
3553.835646,0,5.995313,0.0414860,0.2487215
3553.836762,0,5.998047,0.0430700,0.2583359
3553.837820,0,5.993164,0.0424660,0.2545057
3553.838877,0,5.989648,0.0409440,0.2452402
3553.839993,0,5.996680,0.0404640,0.2426496
3553.841051,0,5.994531,0.0415700,0.2491927
3553.842166,0,5.991992,0.0428420,0.2567089
3553.843224,0,5.993555,0.0421320,0.2525204
3553.844282,0,5.990039,0.0412560,0.2471251
3553.845397,0,5.994531,0.0405680,0.2431861
3553.846455,0,5.991406,0.0434460,0.2603026
3553.847513,0,5.993164,0.0439460,0.2633756
3553.848628,0,5.992578,0.0409860,0.2456118
3553.849688,0,5.995117,0.0406720,0.2438334
3553.850804,0,5.994531,0.0403800,0.2420592
3553.851861,0,5.992773,0.0426540,0.2556158
3553.852919,0,5.992969,0.0430300,0.2578774
3553.854034,0,5.993750,0.0404020,0.2421595
3553.855092,0,5.992969,0.0410680,0.2461192
3553.856208,0,5.991016,0.0421540,0.2525453
3553.857265,0,5.992383,0.0429460,0.2573489
3553.858323,0,5.994141,0.0426320,0.2555422
3553.859440,0,5.994141,0.0414440,0.2484212
3553.860498,0,5.991016,0.0409440,0.2452961
3553.861556,0,5.994531,0.0429040,0.2571894
3553.862671,0,5.996680,0.0426540,0.2557824
3553.863729,0,5.991797,0.0408400,0.2447050
3553.864844,0,5.991602,0.0405880,0.2431871
3553.865902,0,5.991211,0.0409020,0.2450525
3553.866960,0,5.998047,0.0425920,0.2554688
3553.868075,0,5.993359,0.0421120,0.2523923
3553.869133,0,5.993750,0.0411320,0.2465349
3553.870192,0,5.993555,0.0399420,0.2393946
3553.871307,0,5.994141,0.0424240,0.2542954
3553.872365,0,5.993945,0.0429040,0.2571642
3553.873481,0,5.995117,0.0414860,0.2487134
3553.874538,0,5.997656,0.0404640,0.2426892
3553.875596,0,5.996289,0.0406100,0.2435093
3553.876712,0,5.998633,0.0429880,0.2578692
3553.877769,0,5.989648,0.0432160,0.2588486
3553.878885,0,5.992969,0.0405060,0.2427512
3553.879944,0,5.994141,0.0409020,0.2451723
3553.881003,0,5.993750,0.0412140,0.2470264
3553.882118,0,5.990625,0.0430500,0.2578964
3553.883176,0,5.992773,0.0427780,0.2563589
3553.884234,0,5.996094,0.0402340,0.2412468
3553.885349,0,5.993359,0.0412360,0.2471422
3553.886407,0,5.992969,0.0421740,0.2527475
3553.887522,0,5.996484,0.0430500,0.2581487
3553.888580,0,5.992969,0.0415280,0.2488760
3553.889639,0,5.991992,0.0402760,0.2413335
3553.890755,0,5.994141,0.0409440,0.2454241
3553.891813,0,5.994922,0.0424240,0.2543286
3553.892871,0,5.994531,0.0427380,0.2561943
3553.893987,0,5.993945,0.0402560,0.2412923
3553.895044,0,5.988086,0.0406100,0.2431762
3553.896160,0,5.993555,0.0422780,0.2533955
3553.897217,0,5.992188,0.0426740,0.2557106
3553.898275,0,5.993945,0.0420480,0.2520334
3553.899391,0,5.992773,0.0406940,0.2438699
3553.900449,0,5.992383,0.0410680,0.2460952
3553.901507,0,5.994336,0.0429460,0.2574328
3553.902623,0,5.992578,0.0426740,0.2557273
3553.903680,0,5.991602,0.0406100,0.2433189
3553.904796,0,5.993164,0.0409640,0.2455040
3553.905854,0,5.996680,0.0419440,0.2515247
3553.906911,0,5.991797,0.0429040,0.2570721
3553.908027,0,5.991211,0.0421740,0.2526733
3553.909085,0,5.994141,0.0398800,0.2390463
3553.910203,0,5.996875,0.0411100,0.2465315
3553.911261,0,5.994727,0.0414860,0.2486972
3553.912319,0,5.991992,0.0425920,0.2552109
3553.913434,0,5.993164,0.0412560,0.2472540
3553.914492,0,5.994922,0.0406720,0.2438255
3553.915550,0,5.992383,0.0409860,0.2456038
3553.916666,0,5.993359,0.0424460,0.2543941
3553.917723,0,5.995508,0.0430080,0.2578548
3553.918839,0,5.994922,0.0406300,0.2435737
3553.919898,0,5.994336,0.0400260,0.2399293
3553.920957,0,5.991797,0.0414240,0.2482042
3553.922072,0,5.992383,0.0429040,0.2570972
3553.923130,0,5.992383,0.0421740,0.2527228
3553.924187,0,5.997266,0.0407980,0.2446764
3553.925303,0,5.991406,0.0408600,0.2448089
3553.926361,0,5.996289,0.0434040,0.2602629
3553.927476,0,5.996094,0.0423200,0.2537547
3553.928534,0,5.993359,0.0404420,0.2423834
3553.929592,0,5.992773,0.0409220,0.2452363
3553.930708,0,5.991406,0.0398380,0.2386856
3553.931766,0,5.992188,0.0431760,0.2587187
3553.932824,0,5.992773,0.0431760,0.2587440
3553.933939,0,5.989648,0.0405480,0.2428683
3553.934997,0,5.992383,0.0412560,0.2472217
3553.936112,0,5.993945,0.0406720,0.2437857
3553.937170,0,5.991016,0.0430500,0.2579132
3553.938228,0,5.995313,0.0426960,0.2559759
3553.939343,0,5.992969,0.0404420,0.2423676
3553.940403,0,5.991992,0.0411520,0.2465825
3553.941519,0,5.994531,0.0429040,0.2571894
3553.942577,0,5.993555,0.0430700,0.2581424
3553.943635,0,5.993945,0.0415700,0.2491683
3553.944750,0,5.994531,0.0400260,0.2399371
3553.945808,0,5.990430,0.0410060,0.2456436
3553.946866,0,5.993750,0.0421740,0.2527804
3553.947981,0,5.992188,0.0423000,0.2534695
3553.949039,0,5.996289,0.0407760,0.2445047
3553.950156,0,5.993164,0.0406520,0.2436341
3553.951215,0,5.992188,0.0423000,0.2534695
3553.952272,0,5.992188,0.0427780,0.2563338
3553.953388,0,5.991797,0.0413600,0.2478207
3553.954445,0,5.997266,0.0406940,0.2440527
3553.955503,0,5.992578,0.0406720,0.2437301
3553.956618,0,5.993164,0.0433000,0.2595040
3553.957676,0,5.996094,0.0429880,0.2577601
3553.958792,0,5.996680,0.0408400,0.2449044
3553.959850,0,5.994531,0.0403800,0.2420592
3553.960908,0,5.992773,0.0407140,0.2439898
3553.962024,0,5.994141,0.0434880,0.2606732
3553.963081,0,5.993359,0.0423820,0.2540106
3553.964197,0,5.994531,0.0404020,0.2421911
3553.965255,0,5.994531,0.0414640,0.2485572
3553.966312,0,5.996484,0.0419020,0.2512647
3553.967428,0,5.996289,0.0435300,0.2610185
3553.968486,0,5.991016,0.0414020,0.2480400
3553.969543,0,5.993359,0.0402340,0.2411368
3553.970661,0,5.994922,0.0410900,0.2463313
3553.971720,0,5.997852,0.0421540,0.2528334
3553.972835,0,5.992578,0.0427380,0.2561108
3553.973893,0,5.992578,0.0401720,0.2407338
3553.974951,0,5.993555,0.0400880,0.2402696
3553.976066,0,5.994336,0.0422360,0.2531768
3553.977124,0,5.991406,0.0428420,0.2566838
3553.978182,0,5.992188,0.0424660,0.2544642
3553.979297,0,5.991211,0.0406300,0.2434229
3553.980356,0,5.996484,0.0402140,0.2411426
3553.981472,0,5.994727,0.0427160,0.2560707
3553.982530,0,5.993945,0.0428200,0.2566607
3553.983588,0,5.994336,0.0408800,0.2450485
3553.984703,0,5.992188,0.0407140,0.2439659
3553.985761,0,5.991016,0.0405680,0.2430435
3553.986819,0,5.990625,0.0430500,0.2578964
3553.987934,0,5.991602,0.0426320,0.2554340
3553.988992,0,5.996094,0.0397540,0.2383687
3553.990108,0,5.994922,0.0410260,0.2459477
3553.991166,0,5.996484,0.0413820,0.2481465
3553.992224,0,5.994531,0.0429460,0.2574411
3553.993339,0,5.994922,0.0423620,0.2539569
3553.994397,0,5.990430,0.0409640,0.2453920
3553.995513,0,5.992188,0.0407560,0.2442176
3553.996570,0,5.995313,0.0420900,0.2523427
3553.997628,0,5.993164,0.0428840,0.2570108
3553.998744,0,5.994922,0.0411320,0.2465831
3553.999801,0,5.992578,0.0401500,0.2406020
3554.000860,0,5.992578,0.0409860,0.2456118
3554.001975,0,5.993555,0.0425920,0.2552775
3554.003033,0,5.992773,0.0427380,0.2561192
3554.004148,0,5.993750,0.0405880,0.2432743
3554.005206,0,5.997266,0.0401720,0.2409222
3554.006264,0,5.993555,0.0425280,0.2548939
3554.007379,0,5.992773,0.0424860,0.2546090
3554.008437,0,5.991016,0.0415700,0.2490465
3554.009552,0,5.996680,0.0405260,0.2430214
3554.010612,0,5.994727,0.0402960,0.2415635
3554.011671,0,5.994531,0.0430700,0.2581845
3554.014498,0,5.993750,0.0411720,0.2467747
3554.016262,0,5.991406,0.0403180,0.2415615
3554.018021,0,5.995313,0.0419240,0.2513475
3554.019779,0,5.998242,0.0411320,0.2467197
3554.021536,0,5.992969,0.0417780,0.2503742
3554.023295,0,5.994141,0.0406300,0.2435419
3554.025053,0,5.992188,0.0410900,0.2462190
3554.026810,0,5.992383,0.0422360,0.2530943
3554.027868,0,5.993945,0.0428000,0.2565409
3554.028984,0,5.990234,0.0399640,0.2393937
3554.030042,0,5.993555,0.0407980,0.2445250
3554.031100,0,5.992969,0.0414860,0.2486243
3554.032216,0,5.992578,0.0427380,0.2561108
3554.033273,0,5.992773,0.0427780,0.2563589
3554.034389,0,5.993945,0.0406100,0.2434141
3554.035447,0,5.994141,0.0407980,0.2445489
3554.036504,0,5.993164,0.0431340,0.2585091
3554.037620,0,5.994141,0.0424040,0.2541755
3554.038677,0,5.992383,0.0418820,0.2509730
3554.039735,0,5.996875,0.0410060,0.2459079
3554.040853,0,5.993750,0.0405680,0.2431545
3554.041911,0,5.993555,0.0428000,0.2565241
3554.043027,0,5.992578,0.0426320,0.2554756
3554.044085,0,5.997266,0.0407760,0.2445445
3554.045142,0,5.992383,0.0405480,0.2429791
3554.046258,0,5.994727,0.0419020,0.2511910
3554.047316,0,5.992773,0.0435500,0.2609853
3554.048373,0,5.995313,0.0420280,0.2519710
3554.049489,0,5.992188,0.0402960,0.2414612
3554.050548,0,5.993750,0.0413180,0.2476498
3554.051664,0,5.992969,0.0427160,0.2559957
3554.052722,0,5.995313,0.0433220,0.2597289
3554.053780,0,5.994141,0.0406300,0.2435419
3554.054895,0,5.995117,0.0394200,0.2363275
3554.055952,0,5.994336,0.0410480,0.2460555
3554.057068,0,5.996094,0.0425280,0.2550019
3554.058126,0,5.996484,0.0430080,0.2578968
3554.059183,0,5.990234,0.0404640,0.2423888
3554.060299,0,5.994336,0.0405880,0.2432981
3554.061358,0,5.993359,0.0431540,0.2586374
3554.062415,0,5.993555,0.0421940,0.2528920
3554.063531,0,5.993555,0.0418200,0.2506505
3554.064588,0,5.993164,0.0407140,0.2440057
3554.065704,0,5.991016,0.0405880,0.2431633
3554.066762,0,5.997070,0.0432380,0.2593013
3554.067820,0,5.993945,0.0428200,0.2566607
3554.068935,0,5.990820,0.0407980,0.2444135
3554.069993,0,5.994922,0.0407140,0.2440772
3554.071053,0,5.994531,0.0405680,0.2431861
3554.072169,0,5.994141,0.0431120,0.2584194
3554.073227,0,5.990234,0.0423620,0.2537583
3554.074342,0,5.991797,0.0406300,0.2434467
3554.075400,0,5.995313,0.0402560,0.2413473
3554.076458,0,5.992188,0.0425700,0.2550874
3554.077573,0,5.992578,0.0435300,0.2608569
3554.078631,0,5.994531,0.0413820,0.2480657
3554.079746,0,5.994141,0.0405880,0.2432902
3554.080806,0,5.990625,0.0408400,0.2446571
3554.081864,0,5.989648,0.0425080,0.2546080
3554.082980,0,5.991992,0.0435080,0.2606996
3554.084037,0,5.995313,0.0404640,0.2425943
3554.085095,0,5.997070,0.0406720,0.2439128
3554.086210,0,5.990625,0.0421740,0.2526486
3554.087268,0,5.991992,0.0423620,0.2538328
3554.088384,0,5.994727,0.0426540,0.2556991
3554.089441,0,5.992188,0.0403380,0.2417129
3554.090499,0,5.991992,0.0407980,0.2444613
3554.091615,0,5.993555,0.0435080,0.2607676
3554.092673,0,5.992383,0.0419860,0.2515962
3554.093731,0,5.993359,0.0417360,0.2501388
3554.094846,0,5.993164,0.0409220,0.2452523
3554.095904,0,5.990625,0.0405880,0.2431475
3554.097019,0,5.992188,0.0438000,0.2624578
3554.098077,0,5.992188,0.0422160,0.2529662
3554.099135,0,5.994727,0.0407980,0.2445729
3554.100250,0,5.992383,0.0409220,0.2452203
3554.101310,0,5.993555,0.0416100,0.2493918
3554.102368,0,5.997461,0.0430500,0.2581907
3554.103484,0,5.992578,0.0410260,0.2458515
3554.104542,0,5.994141,0.0403800,0.2420434
3554.105657,0,5.996680,0.0406520,0.2437770
3554.106715,0,5.993750,0.0427580,0.2562808
3554.107773,0,5.992773,0.0431960,0.2588638
3554.108888,0,5.992188,0.0399000,0.2390883
3554.109946,0,5.992773,0.0407340,0.2441096
3554.111062,0,5.991602,0.0410680,0.2460631
3554.112121,0,5.995898,0.0421740,0.2528710
3554.113179,0,5.992969,0.0432800,0.2593757
3554.114294,0,5.995703,0.0408180,0.2447326
3554.115352,0,5.995508,0.0405060,0.2428540
3554.116410,0,5.990820,0.0431120,0.2582762
3554.117525,0,5.989844,0.0425280,0.2547361
3554.118583,0,5.995313,0.0412140,0.2470908
3554.119698,0,5.992578,0.0402140,0.2409855
3554.120756,0,5.990625,0.0404840,0.2425245
3554.121814,0,5.990820,0.0431540,0.2585279
3554.122930,0,5.993750,0.0428200,0.2566524
3554.123987,0,5.995117,0.0407140,0.2440852
3554.125045,0,5.988086,0.0401920,0.2406732
3554.126160,0,5.997852,0.0415280,0.2490788
3554.127218,0,5.997070,0.0431120,0.2585457
3554.128334,0,5.995703,0.0424240,0.2543617
3554.129391,0,5.991992,0.0405880,0.2432030
3554.130449,0,5.996680,0.0410900,0.2464036
3554.131569,0,5.992773,0.0422360,0.2531108
3554.132627,0,5.989258,0.0430920,0.2580891
3554.133685,0,5.991211,0.0416100,0.2492943
3554.134800,0,5.991992,0.0410060,0.2457076
3554.135858,0,5.995117,0.0409860,0.2457159
3554.136973,0,5.993555,0.0423000,0.2535274
3554.138031,0,5.992969,0.0430700,0.2581172
3554.139089,0,5.992578,0.0395040,0.2367308
3554.140204,0,5.991992,0.0406100,0.2433348
3554.141264,0,5.991406,0.0423620,0.2538080
3554.142323,0,5.994336,0.0427780,0.2564257
3554.143438,0,5.991602,0.0423200,0.2535646
3554.144496,0,5.992188,0.0404420,0.2423360
3554.145611,0,5.994531,0.0406720,0.2438096
3554.146669,0,5.991992,0.0429040,0.2570804
3554.147727,0,5.993945,0.0423620,0.2539155
3554.148843,0,5.993750,0.0406100,0.2434062
3554.149900,0,5.997266,0.0405260,0.2430452
3554.151016,0,5.994531,0.0407980,0.2445649
3554.152075,0,5.990820,0.0437380,0.2620265
3554.153133,0,5.993555,0.0416940,0.2498953
3554.154248,0,5.992578,0.0402560,0.2412372
3554.155306,0,5.992969,0.0413600,0.2478692
3554.156364,0,5.993164,0.0418820,0.2510057
3554.157479,0,5.995313,0.0429660,0.2575946
3554.158536,0,5.991406,0.0410260,0.2458034
3554.159652,0,5.991211,0.0400040,0.2396724
3554.160710,0,5.990430,0.0410060,0.2456436
3554.161768,0,5.992188,0.0428000,0.2564656
3554.162883,0,5.992969,0.0434040,0.2601188
3554.163941,0,5.994922,0.0402760,0.2414515
3554.165056,0,5.992578,0.0407340,0.2441017
3554.166114,0,5.996289,0.0414440,0.2485102
3554.167172,0,5.992383,0.0425500,0.2549759
3554.168287,0,5.992383,0.0433000,0.2594702
3554.169345,0,5.994531,0.0407980,0.2445649
3554.170403,0,5.991406,0.0410480,0.2459352
3554.171520,0,5.994141,0.0429040,0.2571726
3554.172579,0,5.992188,0.0424040,0.2540927
3554.173694,0,5.998242,0.0418200,0.2508465
3554.174752,0,5.994141,0.0407760,0.2444171
3554.175810,0,5.996094,0.0412560,0.2473748
3554.176925,0,5.994727,0.0427380,0.2562026
3554.177983,0,5.996094,0.0425920,0.2553856
3554.179041,0,5.994922,0.0410480,0.2460796
3554.180156,0,5.995898,0.0407980,0.2446207
3554.181214,0,5.988477,0.0415280,0.2486895
3554.182330,0,5.994336,0.0430700,0.2581760
3554.183388,0,5.992578,0.0420280,0.2518561
3554.184446,0,5.993945,0.0402760,0.2414121
3554.185561,0,5.988672,0.0408600,0.2446971
3554.186619,0,5.992969,0.0431340,0.2585007
3554.187734,0,5.991797,0.0422360,0.2530695
3554.188792,0,5.997852,0.0407980,0.2447003
3554.189850,0,5.992773,0.0401500,0.2406099
3554.190965,0,5.994922,0.0411940,0.2469548
3554.192024,0,5.995117,0.0428000,0.2565910
3554.193082,0,5.992969,0.0425280,0.2548690
3554.194197,0,5.990430,0.0402560,0.2411507
3554.195255,0,5.993164,0.0407140,0.2440057
3554.196371,0,6.000391,0.0424040,0.2544406
3554.197429,0,5.992969,0.0426320,0.2554922
3554.198486,0,5.991211,0.0411940,0.2468019
3554.199602,0,5.993750,0.0404840,0.2426510
3554.200659,0,5.993945,0.0407560,0.2442892
3554.201719,0,5.997461,0.0429040,0.2573151
3554.202835,0,5.992969,0.0425500,0.2550008
3554.203893,0,5.992773,0.0399420,0.2393634
3554.205009,0,5.993945,0.0406720,0.2437857
3554.206066,0,5.992773,0.0404020,0.2421200
3554.207124,0,5.993750,0.0433000,0.2595294
3554.208240,0,5.992188,0.0421940,0.2528344
3554.209297,0,5.997461,0.0403600,0.2420575
3554.210413,0,5.994922,0.0404840,0.2426984
3554.211471,0,5.993359,0.0419440,0.2513855
3554.212530,0,5.992773,0.0430080,0.2577372
3554.213645,0,5.994336,0.0413180,0.2476740
3554.214703,0,5.993750,0.0397340,0.2381557
3554.215761,0,5.991016,0.0415060,0.2486631
3554.216876,0,5.989844,0.0425500,0.2548679
3554.217934,0,5.996484,0.0429460,0.2575250
3554.219049,0,5.995898,0.0409640,0.2456160
3554.220107,0,5.994336,0.0403600,0.2419314
3554.221165,0,5.995313,0.0420080,0.2518511
3554.222281,0,5.993945,0.0423200,0.2536638
3554.223339,0,5.994336,0.0425280,0.2549271
3554.224396,0,5.992578,0.0405260,0.2428552
3554.225512,0,5.992969,0.0401720,0.2407495
3554.226569,0,5.991602,0.0435720,0.2610661
3554.227685,0,5.994922,0.0426320,0.2555755
3554.228743,0,5.989648,0.0415280,0.2487381
3554.229800,0,5.993359,0.0403380,0.2417601
3554.230916,0,5.989648,0.0408400,0.2446172
3554.231975,0,5.993164,0.0434460,0.2603790
3554.233034,0,5.994141,0.0427580,0.2562975
3554.234149,0,5.994141,0.0410900,0.2462992
3554.235207,0,5.994141,0.0407340,0.2441653
3554.236323,0,5.993750,0.0420280,0.2519053
3554.237380,0,5.991797,0.0431760,0.2587018
3554.238438,0,5.993555,0.0420080,0.2517772
3554.239553,0,5.995117,0.0403380,0.2418310
3554.240611,0,5.999414,0.0412360,0.2473918
3554.241727,0,5.993359,0.0421940,0.2528838
3554.242786,0,5.995898,0.0436140,0.2615051
3554.243844,0,5.993359,0.0404220,0.2422636
3554.244959,0,5.995508,0.0403380,0.2418468
3554.246017,0,5.993164,0.0414440,0.2483807
3554.247075,0,5.993164,0.0419440,0.2513773
3554.248190,0,5.997461,0.0428000,0.2566913
3554.249248,0,5.994336,0.0401500,0.2406726
3554.250363,0,5.998438,0.0407340,0.2443404
3554.251421,0,5.994336,0.0425280,0.2549271
3554.252479,0,5.991602,0.0423400,0.2536844
3554.253595,0,5.997266,0.0417160,0.2501819
3554.254652,0,5.991602,0.0408400,0.2446970
3554.255768,0,5.990820,0.0399840,0.2395370
3554.256826,0,5.994336,0.0430920,0.2583079
3554.257883,0,5.994336,0.0421740,0.2528051
3554.258999,0,5.994141,0.0421940,0.2529168
3554.260056,0,6.001367,0.0219420,0.1316820
3554.261114,0,6.000586,0.0032740,0.0196459
3554.262232,0,5.996680,0.0032120,0.0192613
3554.263290,0,5.997070,0.0035440,0.0212536
3554.264406,0,5.996875,0.0032940,0.0197537
3554.265463,0,5.997852,0.0034820,0.0208845
3554.266521,0,5.997266,0.0033980,0.0203787
3554.267636,0,5.997070,0.0031900,0.0191307
3554.268694,0,5.997852,0.0042120,0.0252630
3554.269752,0,6.001953,0.0028360,0.0170215
3554.270867,0,5.997461,0.0041700,0.0250094
3554.271926,0,5.997461,0.0031280,0.0187601
3554.273042,0,5.998242,0.0039000,0.0233931
3554.274100,0,6.000195,0.0034400,0.0206407
3554.275158,0,5.999219,0.0032940,0.0197614
3554.276273,0,5.996094,0.0033580,0.0201349
3554.277331,0,5.996875,0.0034400,0.0206293
3554.278446,0,5.997266,0.0032520,0.0195031
3554.279504,0,5.998828,0.0033160,0.0198921
3554.280562,0,5.996680,0.0038780,0.0232551
3554.281678,0,5.996680,0.0037960,0.0227634
3554.282736,0,5.999023,0.0038160,0.0228923
3554.283794,0,5.999609,0.0032940,0.0197627
3554.284909,0,5.998047,0.0042960,0.0257676
3554.285967,0,5.998242,0.0021060,0.0126323
3554.287083,0,6.002539,0.0008340,0.0050061
3554.288141,0,5.999023,0.0003540,0.0021237
3554.289198,0,5.999219,0.0017300,0.0103786
3554.290314,0,5.997852,0.0053600,0.0321485
3554.291371,0,5.998828,0.0051920,0.0311459
3554.292432,0,6.000781,0.0052340,0.0314081
3554.293548,0,5.997266,0.0051100,0.0306460
3554.294606,0,5.998242,0.0039620,0.0237650
3554.295721,0,5.996680,0.0058600,0.0351405
3554.296779,0,5.997852,0.0048580,0.0291376
3554.297837,0,5.995703,0.0040660,0.0243785
3554.298952,0,5.997461,0.0058400,0.0350252
3554.300010,0,5.998633,0.0034620,0.0207673
3554.301126,0,5.998828,0.0039420,0.0236474
3554.302184,0,5.996289,0.0032320,0.0193800
3554.303243,0,5.995898,0.0043580,0.0261301
3554.304359,0,5.999805,0.0037740,0.0226433
3554.305416,0,6.000195,0.0043800,0.0262809
3554.306532,0,5.998438,0.0040460,0.0242697
3554.307589,0,5.998828,0.0037120,0.0222676
3554.308647,0,5.998828,0.0047760,0.0286504
3554.309763,0,5.997070,0.0031060,0.0186269
3554.310820,0,5.999219,0.0052140,0.0312799
3554.311879,0,5.998047,0.0042740,0.0256357
3554.314531,0,5.999219,0.0053180,0.0319038
3554.316298,0,5.995508,0.0057340,0.0343782
3554.318058,0,5.995313,0.0040660,0.0243769
3554.319817,0,5.997656,0.0060260,0.0361419
3554.321575,0,5.996875,0.0040880,0.0245152
3554.323333,0,5.999219,0.0036080,0.0216452
3554.325092,0,5.997852,0.0035440,0.0212564
3554.326849,0,6.000195,0.0038360,0.0230167
3554.327043,0,6.000977,0.0038360,0.0230197
3554.328101,0,5.998438,0.0052140,0.0312759
3554.329159,0,5.995898,0.0058800,0.0352559
3554.330274,0,5.997852,0.0028780,0.0172618
3554.331332,0,5.999609,0.0061520,0.0369096
3554.332449,0,5.999805,0.0044840,0.0269031
3554.333507,0,5.997656,0.0038160,0.0228871
3554.334565,0,5.995898,0.0057140,0.0342606
3554.335681,0,6.000977,0.0038360,0.0230197
3554.336738,0,5.997656,0.0037740,0.0226352
3554.337796,0,5.999023,0.0033980,0.0203847
3554.338912,0,5.997852,0.0051100,0.0306490
3554.339969,0,5.999219,0.0040240,0.0241409
3554.341085,0,5.997266,0.0041700,0.0250086
3554.342144,0,5.998047,0.0041080,0.0246400
3554.343202,0,5.995313,0.0004380,0.0026259
3554.344317,0,5.997852,0.0044620,0.0267624
3554.345375,0,5.997070,0.0028980,0.0173795
3554.346433,0,5.998633,-0.0001660,-0.0009958
3554.347549,0,6.000195,0.0001040,0.0006240
3554.348606,0,5.998242,0.0001460,0.0008757
3554.349722,0,5.996484,0.0000200,0.0001199
3554.350780,0,5.998438,-0.0001040,-0.0006238
3554.351837,0,6.001953,0.0000820,0.0004922
3554.352953,0,6.000000,-0.0004580,-0.0027480
3554.354011,0,5.998828,-0.0000400,-0.0002400
3554.355126,0,5.999219,-0.0001860,-0.0011159
3554.356184,0,6.001758,-0.0001240,-0.0007442
3554.357242,0,5.999023,0.0001860,0.0011158
3554.358357,0,5.998047,-0.0000820,-0.0004918
3554.359415,0,5.998242,-0.0000820,-0.0004919
3554.360473,0,5.999219,0.0001240,0.0007439
3554.361588,0,5.997461,-0.0001240,-0.0007437
3554.362648,0,5.996680,-0.0003540,-0.0021228
3554.363764,0,5.997461,-0.0000200,-0.0001199
3554.364822,0,6.000586,0.0000400,0.0002400
3554.365880,0,5.995117,-0.0002080,-0.0012470
3554.366995,0,5.995117,-0.0000400,-0.0002398
3554.368053,0,5.999414,-0.0005420,-0.0032517
3554.369111,0,5.997852,0.0002700,0.0016194
3554.370226,0,5.998047,0.0004160,0.0024952
3554.371284,0,6.000195,-0.0001660,-0.0009960
3554.372400,0,5.998438,0.0000820,0.0004919
3554.373459,0,5.996484,0.0000000,0.0000000
3554.374517,0,5.998242,-0.0003120,-0.0018715
3554.375632,0,5.998828,0.0002920,0.0017517
3554.376689,0,5.995508,0.0000200,0.0001199
3554.377805,0,5.996680,-0.0002080,-0.0012473
3554.378863,0,5.999219,0.0000620,0.0003720
3554.379921,0,5.996289,-0.0001040,-0.0006236
3554.381036,0,5.999609,0.0002080,0.0012479
3554.382094,0,5.998242,-0.0002920,-0.0017515
3554.383152,0,6.000000,0.0002700,0.0016200
3554.384267,0,5.999023,-0.0002500,-0.0014998
3554.385325,0,5.996680,-0.0001860,-0.0011154
3554.386440,0,5.999805,-0.0001860,-0.0011160
3554.387498,0,5.999023,-0.0001460,-0.0008759
3554.388556,0,5.994141,-0.0002280,-0.0013667
3554.389671,0,5.997266,-0.0000620,-0.0003718
3554.390729,0,5.998828,0.0006240,0.0037433
3554.391844,0,5.999219,-0.0002500,-0.0014998
3554.392904,0,5.996289,0.0000200,0.0001199
3554.393963,0,5.999609,0.0000820,0.0004920
3554.395078,0,6.000000,-0.0002500,-0.0015000
3554.396136,0,5.998242,-0.0001040,-0.0006238
3554.397194,0,5.999219,0.0000000,0.0000000
3554.398309,0,5.997852,-0.0000200,-0.0001200
3554.399367,0,5.998047,-0.0002700,-0.0016195
3554.400482,0,6.000195,-0.0001040,-0.0006240
3554.401540,0,5.998242,0.0001040,0.0006238
3554.402599,0,5.998242,0.0001860,0.0011157
3554.403715,0,6.000586,0.0000620,0.0003720
3554.404773,0,5.999414,0.0001240,0.0007439
3554.405830,0,6.000195,-0.0001660,-0.0009960
3554.406946,0,5.997070,-0.0005420,-0.0032504
3554.408004,0,6.001563,0.0001660,0.0009963
3554.409119,0,5.997852,0.0003960,0.0023751
3554.410177,0,6.002344,-0.0001460,-0.0008763
3554.411235,0,5.993945,0.0002500,0.0014985
3554.412351,0,5.997852,-0.0001040,-0.0006238
3554.413409,0,5.998242,-0.0002280,-0.0013676
3554.414467,0,5.998633,0.0011260,0.0067545
3554.415582,0,5.997852,-0.0002080,-0.0012476
3554.416640,0,5.999023,0.0003320,0.0019917
3554.417755,0,6.000195,0.0000400,0.0002400
3554.418813,0,5.996875,-0.0000200,-0.0001199
3554.419871,0,5.996289,-0.0001860,-0.0011153
3554.420986,0,5.993750,-0.0004160,-0.0024934
3554.422044,0,6.002148,-0.0002500,-0.0015005
3554.423162,0,5.998047,-0.0001240,-0.0007438
3554.424220,0,5.997852,-0.0003540,-0.0021232
3554.425278,0,5.996680,-0.0002280,-0.0013672
3554.426394,0,5.996875,-0.0002920,-0.0017511
3554.427452,0,5.998438,0.0000820,0.0004919
3554.428510,0,5.998633,0.0000620,0.0003719
3554.429625,0,5.996289,0.0000620,0.0003718
3554.430683,0,5.998242,0.0002280,0.0013676
3554.431798,0,5.998242,-0.0004780,-0.0028672
3554.432857,0,5.997070,0.0000200,0.0001199
3554.433916,0,5.996875,0.0000820,0.0004917
3554.435031,0,6.001172,-0.0000820,-0.0004921
3554.436089,0,5.999609,-0.0000620,-0.0003720
3554.437147,0,5.997852,0.0001460,0.0008757
3554.438262,0,6.000586,-0.0001040,-0.0006241
3554.439320,0,5.999805,0.0000000,0.0000000
3554.440435,0,6.001367,-0.0000620,-0.0003721
3554.441493,0,5.996289,-0.0003320,-0.0019908
3554.442551,0,5.996875,0.0000820,0.0004917
3554.443667,0,5.996289,-0.0001460,-0.0008755
3554.444725,0,5.995508,-0.0000820,-0.0004916
3554.445783,0,5.999023,-0.0003540,-0.0021237
3554.446898,0,5.996680,0.0000820,0.0004917
3554.447956,0,5.999805,-0.0000400,-0.0002400
3554.449071,0,6.001367,-0.0003320,-0.0019925
3554.450129,0,5.994922,0.0003120,0.0018704
3554.451186,0,5.998633,0.0002080,0.0012477
3554.452302,0,6.000000,-0.0001460,-0.0008760
3554.453362,0,5.999023,0.0001660,0.0009958
3554.454478,0,5.996875,-0.0000620,-0.0003718
3554.455536,0,5.997852,-0.0000400,-0.0002399
3554.456594,0,5.999023,0.0000620,0.0003719
3554.457709,0,5.998438,-0.0000400,-0.0002399
3554.458767,0,5.995508,0.0000400,0.0002398
3554.459825,0,5.997070,-0.0002080,-0.0012474
3554.460940,0,6.002148,0.0000200,0.0001200
3554.461998,0,5.998438,0.0002280,0.0013676
3554.463114,0,5.998242,-0.0003120,-0.0018715
3554.464173,0,6.001367,-0.0000400,-0.0002401
3554.465231,0,5.998438,-0.0000620,-0.0003719
3554.466346,0,5.999219,-0.0001040,-0.0006239
3554.467404,0,5.996289,-0.0000820,-0.0004917
3554.468462,0,5.997852,-0.0001040,-0.0006238
3554.469577,0,5.996875,0.0001040,0.0006237
3554.470635,0,6.001953,-0.0001240,-0.0007442
3554.471751,0,5.997266,0.0001460,0.0008756
3554.472810,0,5.996680,-0.0002080,-0.0012473
3554.473868,0,6.001953,-0.0004580,-0.0027489
3554.474983,0,5.995313,0.0003320,0.0019904
3554.476041,0,5.997266,0.0000200,0.0001199
3554.477099,0,6.001563,-0.0001240,-0.0007442
3554.478214,0,5.999414,0.0002920,0.0017518
3554.479272,0,5.997461,0.0001860,0.0011155
3554.480387,0,5.996875,0.0002500,0.0014992
3554.481445,0,5.996484,0.0048180,0.0288911
3554.482503,0,6.000000,0.0042960,0.0257760
3554.483618,0,6.000195,0.0001040,0.0006240
3554.484676,0,5.995898,-0.0005420,-0.0032498
3554.485791,0,5.997656,-0.0001860,-0.0011156
3554.486849,0,6.000000,-0.0000820,-0.0004920
3554.487907,0,5.997852,0.0000000,0.0000000
3554.489022,0,5.995117,0.0002280,0.0013669
3554.490080,0,5.998047,0.0000400,0.0002399
3554.491138,0,6.000195,0.0001460,0.0008760
3554.492253,0,5.999609,-0.0001660,-0.0009959
3554.493313,0,6.001563,-0.0002700,-0.0016204
3554.494429,0,5.996875,0.0004160,0.0024947
3554.495486,0,6.000000,-0.0000200,-0.0001200
3554.496544,0,6.000195,-0.0003540,-0.0021241
3554.497659,0,5.995703,-0.0000820,-0.0004916
3554.498717,0,5.999414,-0.0000820,-0.0004920
3554.499833,0,6.000977,-0.0000820,-0.0004921
3554.500890,0,5.999219,-0.0001040,-0.0006239
3554.501948,0,6.001172,-0.0000820,-0.0004921
3554.503064,0,5.999414,0.0002280,0.0013679
3554.504123,0,6.002148,0.0000200,0.0001200
3554.505181,0,5.997266,0.0001240,0.0007437
3554.506297,0,5.996094,-0.0003320,-0.0019907
3554.507354,0,5.999414,-0.0001660,-0.0009959
3554.508470,0,5.999023,-0.0001240,-0.0007439
3554.509527,0,6.000586,0.0001460,0.0008761
3554.510585,0,5.997656,-0.0001860,-0.0011156
3554.511700,0,6.000000,0.0001460,0.0008760
3554.512758,0,5.997070,-0.0000400,-0.0002399
3554.513818,0,6.000195,-0.0001460,-0.0008760
3554.514934,0,5.997266,-0.0002700,-0.0016193
3554.515991,0,5.996680,-0.0002500,-0.0014992
3554.517107,0,5.998438,0.0000000,0.0000000
3554.518165,0,5.999414,-0.0002700,-0.0016198
3554.519222,0,5.999219,0.0002500,0.0014998
3554.520338,0,5.998242,-0.0002700,-0.0016195
3554.521395,0,6.001758,-0.0000820,-0.0004921
3554.522511,0,6.000195,-0.0000820,-0.0004920
3554.523569,0,6.000977,-0.0003120,-0.0018723
3554.524628,0,6.000195,0.0001460,0.0008760
3554.525744,0,5.998242,0.0000820,0.0004919
3554.526801,0,5.999609,0.0000620,0.0003720
3554.527859,0,5.999805,-0.0001660,-0.0009960
3554.528974,0,6.001367,-0.0001040,-0.0006241
3554.530032,0,5.997852,0.0001660,0.0009956
3554.531148,0,6.001172,-0.0001660,-0.0009962
3554.532205,0,5.997852,0.0000820,0.0004918
3554.533264,0,5.999023,-0.0003960,-0.0023756
3554.534380,0,6.000195,-0.0001040,-0.0006240
3554.535438,0,6.001367,-0.0001660,-0.0009962
3554.536495,0,5.994531,0.0000400,0.0002398
3554.537611,0,5.997656,-0.0002080,-0.0012475
3554.538669,0,6.001953,0.0001460,0.0008763
3554.539784,0,5.997852,0.0000200,0.0001200
3554.540842,0,5.995898,0.0000400,0.0002398
3554.541899,0,5.997656,-0.0000400,-0.0002399
3554.543015,0,5.996289,-0.0000200,-0.0001199
3554.544073,0,6.003125,0.0002080,0.0012487
3554.545188,0,5.998438,0.0001240,0.0007438
3554.546246,0,6.000195,-0.0002500,-0.0015000
3554.547304,0,5.996875,-0.0002700,-0.0016192
3554.548419,0,5.999609,-0.0001860,-0.0011159
3554.549477,0,6.000586,-0.0000620,-0.0003720
3554.550535,0,5.999414,-0.0003540,-0.0021238
3554.551650,0,5.998828,-0.0000400,-0.0002400
3554.552708,0,5.997852,-0.0000820,-0.0004918
3554.553825,0,5.997070,0.0000000,0.0000000
3554.554883,0,5.998828,0.0005000,0.0029994
3554.555941,0,5.997461,-0.0003120,-0.0018712
3554.557057,0,6.005469,-0.0004780,-0.0028706
3554.558115,0,5.996484,0.0001040,0.0006236
3554.559173,0,5.996094,-0.0003320,-0.0019907
3554.560288,0,5.999219,0.0001460,0.0008759
3554.561346,0,5.999805,-0.0000620,-0.0003720
3554.562461,0,5.995898,-0.0000400,-0.0002398
3554.563520,0,5.996289,0.0000400,0.0002399
3554.564578,0,6.000586,0.0001660,0.0009961
3554.565694,0,5.996875,0.0000400,0.0002399
3554.566751,0,5.998438,-0.0002700,-0.0016196
3554.567867,0,5.999219,-0.0000400,-0.0002400
3554.568924,0,6.001758,0.0000400,0.0002401
3554.569982,0,5.997461,0.0000620,0.0003718
3554.571098,0,5.997266,-0.0000200,-0.0001199
3554.572155,0,5.997461,0.0000620,0.0003718
3554.573213,0,5.999609,-0.0001660,-0.0009959
3554.574329,0,6.000391,-0.0000820,-0.0004920
3554.575387,0,5.999219,0.0001460,0.0008759
3554.576502,0,5.998047,0.0000000,0.0000000
3554.577560,0,5.999414,-0.0005420,-0.0032517
3554.578618,0,5.999414,-0.0003320,-0.0019918
3554.579733,0,5.998047,-0.0003120,-0.0018714
3554.580791,0,5.996484,-0.0003740,-0.0022427
3554.581849,0,5.997461,-0.0001240,-0.0007437
3554.582964,0,5.999805,-0.0000200,-0.0001200
3554.584024,0,5.999219,-0.0001240,-0.0007439
3554.585140,0,5.997656,0.0001240,0.0007437
3554.586198,0,5.998242,0.0000620,0.0003719
3554.587256,0,5.997656,-0.0004580,-0.0027469
3554.588371,0,5.998633,-0.0001660,-0.0009958
3554.589429,0,5.999023,-0.0003540,-0.0021237
3554.590544,0,5.999414,0.0003540,0.0021238
3554.591602,0,6.000391,0.0003740,0.0022441
3554.592660,0,5.997070,0.0001860,0.0011155
3554.593777,0,5.995898,-0.0000200,-0.0001199
3554.594836,0,6.001953,-0.0001660,-0.0009963
3554.595893,0,5.998438,0.0002080,0.0012477
3554.597009,0,6.000977,0.0002700,0.0016203
3554.598066,0,5.998633,0.0003540,0.0021235
3554.599182,0,5.998438,0.0004160,0.0024953
3554.600240,0,5.998633,-0.0001660,-0.0009958
3554.601297,0,5.996680,-0.0002080,-0.0012473
3554.602413,0,5.998242,-0.0003740,-0.0022433
3554.603471,0,6.000000,-0.0001040,-0.0006240
3554.604530,0,6.001953,-0.0000400,-0.0002401
3554.605645,0,5.999023,-0.0001240,-0.0007439
3554.606703,0,5.999414,-0.0001460,-0.0008759
3554.607818,0,5.998242,-0.0001660,-0.0009957
3554.608876,0,5.999023,-0.0002080,-0.0012478
3554.609934,0,5.997461,0.0001460,0.0008756
3554.611049,0,5.996680,-0.0001040,-0.0006237
3554.612107,0,5.999609,0.0000200,0.0001200
3554.614564,0,5.998828,0.0005000,0.0029994
3554.616328,0,5.998047,0.0000820,0.0004918
3554.618086,0,6.001367,0.0000820,0.0004921
3554.619844,0,5.994727,-0.0002920,-0.0017505
3554.621601,0,5.996680,-0.0002280,-0.0013672
3554.623358,0,6.001172,0.0001240,0.0007441
3554.625117,0,5.997461,0.0000620,0.0003718
3554.626874,0,5.998242,-0.0002920,-0.0017515
3554.627241,0,5.998047,-0.0002920,-0.0017514
3554.628299,0,5.998633,-0.0002500,-0.0014997
3554.629414,0,5.999609,0.0000000,0.0000000
3554.630472,0,6.001953,-0.0001860,-0.0011164
3554.631530,0,6.001953,-0.0000400,-0.0002401
3554.632646,0,5.998828,0.0004380,0.0026275
3554.633704,0,6.000195,-0.0002500,-0.0015000
3554.634820,0,6.001758,-0.0000620,-0.0003721
3554.635878,0,5.999805,-0.0000400,-0.0002400
3554.636936,0,5.997461,-0.0004160,-0.0024949
3554.638051,0,5.999219,-0.0002700,-0.0016198
3554.639109,0,5.999219,-0.0002080,-0.0012478
3554.640167,0,5.998047,0.0002080,0.0012476
3554.641282,0,5.997070,-0.0000620,-0.0003718
3554.642340,0,5.997461,-0.0001040,-0.0006237
3554.643456,0,6.000000,-0.0001240,-0.0007440
3554.644513,0,5.998047,0.0001460,0.0008757
3554.645571,0,5.995313,0.0000820,0.0004916
3554.646687,0,5.996680,0.0000620,0.0003718
3554.647744,0,6.002148,-0.0000620,-0.0003721
3554.648802,0,5.996289,-0.0001860,-0.0011153
3554.649917,0,5.998438,-0.0000200,-0.0001200
3554.650975,0,6.000000,0.0000620,0.0003720
3554.652091,0,5.997852,0.0001240,0.0007437
3554.653148,0,5.998828,-0.0000620,-0.0003719
3554.654208,0,6.000391,0.0000000,0.0000000
3554.655324,0,5.997266,0.0002280,0.0013674
3554.656381,0,6.000781,0.0001240,0.0007441
3554.657497,0,5.999023,0.0000400,0.0002400
3554.658555,0,6.000000,-0.0004780,-0.0028680
3554.659612,0,5.998047,-0.0002500,-0.0014995
3554.660728,0,6.000586,-0.0000400,-0.0002400
3554.661786,0,5.998828,0.0000000,0.0000000
3554.662843,0,5.997852,-0.0000820,-0.0004918
3554.663960,0,5.998438,0.0001660,0.0009957
3554.665018,0,5.999219,0.0000400,0.0002400
3554.666134,0,5.999414,0.0000620,0.0003720
3554.667191,0,5.999023,0.0002700,0.0016197
3554.668249,0,6.000000,0.0000000,0.0000000
3554.669365,0,6.000977,0.0000620,0.0003721
3554.670422,0,5.995703,0.0000000,0.0000000
3554.671480,0,5.998242,0.0000400,0.0002399
3554.672595,0,5.999805,-0.0003120,-0.0018719
3554.673653,0,5.998438,0.0000200,0.0001200
3554.674769,0,5.999805,0.0000620,0.0003720
3554.675827,0,5.997852,0.0000400,0.0002399
3554.676884,0,6.000391,0.0001660,0.0009961
3554.678000,0,5.997266,-0.0003320,-0.0019911
3554.679058,0,5.996875,0.0001460,0.0008755
3554.680173,0,5.996484,-0.0001460,-0.0008755
3554.681231,0,5.996094,0.0000400,0.0002398
3554.682288,0,5.999414,0.0001040,0.0006239
3554.683404,0,5.995508,-0.0002920,-0.0017507
3554.684463,0,5.999609,0.0001040,0.0006240
3554.685521,0,5.994727,0.0000620,0.0003717
3554.686637,0,5.999414,-0.0001040,-0.0006239
3554.687694,0,5.996680,0.0000820,0.0004917
3554.688810,0,5.995703,-0.0000620,-0.0003717
3554.689868,0,5.999414,0.0000200,0.0001200
3554.690925,0,5.999609,-0.0000820,-0.0004920
3554.692041,0,6.000391,-0.0004380,-0.0026282
3554.693099,0,6.000781,-0.0000400,-0.0002400
3554.694157,0,5.997461,0.0000200,0.0001199
3554.695273,0,5.998828,-0.0002080,-0.0012478
3554.696331,0,5.999805,-0.0001240,-0.0007440
3554.697446,0,5.998242,-0.0001460,-0.0008757
3554.698504,0,5.999023,0.0003740,0.0022436
3554.699562,0,5.997656,-0.0001860,-0.0011156
3554.700677,0,5.998633,0.0000000,0.0000000
3554.701735,0,5.996094,0.0000200,0.0001199
3554.702850,0,6.001758,-0.0002700,-0.0016205
3554.703908,0,5.998828,-0.0000620,-0.0003719
3554.704967,0,6.000000,-0.0003320,-0.0019920
3554.706082,0,6.000000,0.0000000,0.0000000
3554.707140,0,5.998242,0.0001040,0.0006238
3554.708198,0,5.999805,-0.0002920,-0.0017519
3554.709313,0,5.997266,0.0003960,0.0023749
3554.710371,0,5.996875,0.0000820,0.0004917
3554.711486,0,5.998828,0.0002280,0.0013677
3554.712544,0,5.999609,0.0001460,0.0008759
3554.713602,0,5.999609,0.0002700,0.0016199
3554.714720,0,5.999219,0.0008960,0.0053753
3554.715778,0,5.999414,0.0000820,0.0004920
3554.716836,0,6.002930,-0.0003540,-0.0021250
3554.717951,0,6.000586,-0.0000400,-0.0002400
3554.719009,0,5.997461,-0.0001240,-0.0007437
3554.720124,0,5.997461,0.0000400,0.0002399
3554.721182,0,5.998633,0.0000400,0.0002399
3554.722240,0,5.999609,-0.0003320,-0.0019919
3554.723356,0,5.996289,0.0001860,0.0011153
3554.724414,0,5.997461,0.0000200,0.0001199
3554.725531,0,6.001953,-0.0001460,-0.0008763
3554.726589,0,6.000195,-0.0000620,-0.0003720
3554.727646,0,5.998047,-0.0004380,-0.0026271
3554.728762,0,5.997266,0.0000820,0.0004918
3554.729820,0,5.999023,0.0000000,0.0000000
3554.730877,0,5.998438,-0.0002280,-0.0013676
3554.731993,0,5.997656,0.0005000,0.0029988
3554.733051,0,5.997266,-0.0001860,-0.0011155
3554.734166,0,5.997852,0.0002080,0.0012476
3554.735224,0,5.996094,0.0001860,0.0011153
3554.736282,0,6.001367,-0.0002920,-0.0017524
3554.737398,0,5.998242,-0.0000820,-0.0004919
3554.738455,0,5.998633,-0.0003320,-0.0019915
3554.739513,0,5.996875,0.0003540,0.0021229
3554.740629,0,6.000195,-0.0004580,-0.0027481
3554.741686,0,5.999414,0.0001240,0.0007439
3554.742802,0,6.002539,0.0001660,0.0009964
3554.743860,0,5.997266,-0.0003320,-0.0019911
3554.744919,0,5.999609,-0.0004160,-0.0024958
3554.746035,0,5.994141,-0.0000820,-0.0004915
3554.747093,0,6.000586,-0.0004780,-0.0028683
3554.748209,0,6.001172,-0.0000400,-0.0002400
3554.749267,0,5.997852,0.0003540,0.0021232
3554.750324,0,5.998047,-0.0001240,-0.0007438
3554.751440,0,6.001758,-0.0000820,-0.0004921
3554.752498,0,6.000977,-0.0002920,-0.0017523
3554.753555,0,5.997852,-0.0000400,-0.0002399
3554.754672,0,5.995898,-0.0000400,-0.0002398
3554.755731,0,5.997656,-0.0002280,-0.0013675
3554.756846,0,6.000000,0.0000620,0.0003720
3554.757904,0,5.998047,-0.0001660,-0.0009957
3554.758962,0,5.997656,0.0000000,0.0000000
3554.760077,0,5.999219,0.0003960,0.0023757
3554.761135,0,6.002930,0.0000400,0.0002401
3554.762193,0,5.998828,0.0001040,0.0006239
3554.763308,0,5.999023,0.0000000,0.0000000
3554.764367,0,5.998242,-0.0001860,-0.0011157
3554.765483,0,6.000391,-0.0000620,-0.0003720
3554.766541,0,5.998828,-0.0004380,-0.0026275
3554.767599,0,5.996680,-0.0002700,-0.0016191
3554.768714,0,5.999609,-0.0002280,-0.0013679
3554.769771,0,5.998242,-0.0000620,-0.0003719
3554.770829,0,5.999609,-0.0001460,-0.0008759
3554.771945,0,5.997852,-0.0000620,-0.0003719
3554.773002,0,6.000781,-0.0001240,-0.0007441
3554.774118,0,5.999609,-0.0002080,-0.0012479
3554.775178,0,5.998438,-0.0003740,-0.0022434
3554.776236,0,5.999219,-0.0003740,-0.0022437
3554.777351,0,5.997852,-0.0003540,-0.0021232
3554.778409,0,5.998438,-0.0001040,-0.0006238
3554.779525,0,5.997266,-0.0000400,-0.0002399
3554.780582,0,5.996875,0.0001660,0.0009955
3554.781640,0,6.001953,0.0002080,0.0012484
3554.782756,0,5.999805,-0.0001040,-0.0006240
3554.783813,0,5.999219,-0.0002700,-0.0016198
3554.784872,0,5.999219,0.0000820,0.0004919
3554.785988,0,5.999414,0.0000400,0.0002400
3554.787046,0,5.999023,-0.0003740,-0.0022436
3554.788162,0,6.000586,-0.0003320,-0.0019922
3554.789219,0,5.999609,0.0000200,0.0001200
3554.790277,0,5.996289,0.0000200,0.0001199
3554.791393,0,5.998438,-0.0001860,-0.0011157
3554.792450,0,5.998242,-0.0001240,-0.0007438
3554.793508,0,5.999023,-0.0002700,-0.0016197
3554.794623,0,6.000586,-0.0001040,-0.0006241
3554.795682,0,6.000391,0.0000200,0.0001200
3554.796797,0,5.996680,-0.0002920,-0.0017510
3554.797855,0,6.002344,0.0001660,0.0009964
3554.798971,0,5.999023,0.0000820,0.0004919
3554.800028,0,5.999414,-0.0004380,-0.0026277
3554.801086,0,5.998047,0.0000200,0.0001200
3554.802201,0,5.998633,0.0000000,0.0000000
3554.803259,0,6.001563,-0.0002500,-0.0015004
3554.804317,0,6.001563,-0.0001860,-0.0011163
3554.805436,0,5.997461,-0.0003120,-0.0018712
3554.806494,0,5.999805,0.0000620,0.0003720
3554.807610,0,5.999023,-0.0000820,-0.0004919
3554.808667,0,5.999219,-0.0001460,-0.0008759
3554.809725,0,6.000781,0.0001460,0.0008761
3554.810841,0,5.998633,-0.0001660,-0.0009958
3554.811898,0,5.998633,-0.0000400,-0.0002399
3554.812956,0,5.998242,-0.0003960,-0.0023753
3554.814071,0,5.995703,-0.0001860,-0.0011152
3554.815130,0,5.996680,0.0000400,0.0002399
3554.816246,0,5.999414,-0.0000200,-0.0001200
3554.817304,0,6.000977,-0.0002280,-0.0013682
3554.818361,0,5.995117,-0.0001460,-0.0008753
3554.819477,0,6.002148,-0.0001860,-0.0011164
3554.820535,0,6.001563,-0.0001240,-0.0007442
3554.821650,0,6.000781,-0.0002280,-0.0013682
3554.822708,0,5.998828,0.0002280,0.0013677
3554.823766,0,6.000977,0.0002700,0.0016203
3554.824882,0,5.999414,-0.0001240,-0.0007439
3554.825940,0,5.998438,0.0001660,0.0009957
3554.826998,0,6.000391,-0.0001460,-0.0008761
3554.828114,0,5.996094,0.0000400,0.0002398
3554.829171,0,5.998438,0.0002280,0.0013676
3554.830287,0,5.999219,0.0002080,0.0012478
3554.831345,0,5.999805,-0.0003960,-0.0023759
3554.832402,0,5.997656,-0.0002080,-0.0012475
3554.833518,0,5.998242,-0.0002280,-0.0013676
3554.834576,0,5.998242,0.0000200,0.0001200
3554.835634,0,5.995898,-0.0000820,-0.0004917
3554.836749,0,5.998242,0.0000200,0.0001200
3554.837807,0,5.999023,-0.0001040,-0.0006239
3554.838922,0,6.002539,-0.0001240,-0.0007443
3554.839980,0,5.999609,-0.0000820,-0.0004920
3554.841038,0,5.996484,0.0001460,0.0008755
3554.842153,0,5.997266,0.0003740,0.0022430
3554.843211,0,5.996484,-0.0001460,-0.0008755
3554.844327,0,5.996875,-0.0002500,-0.0014992
3554.845386,0,5.997266,-0.0000400,-0.0002399
3554.846445,0,5.997070,-0.0002700,-0.0016192
3554.847561,0,6.002148,-0.0000200,-0.0001200
3554.848619,0,5.995898,0.0002500,0.0014990
3554.849676,0,5.998047,-0.0000620,-0.0003719
3554.850792,0,5.996094,0.0003320,0.0019907
3554.851849,0,5.999414,-0.0001040,-0.0006239
3554.852965,0,5.998828,-0.0001040,-0.0006239
3554.854023,0,5.999805,0.0000820,0.0004920
3554.855081,0,5.999414,-0.0002080,-0.0012479
3554.856197,0,6.002148,0.0000000,0.0000000
3554.857255,0,5.998828,0.0000400,0.0002400
3554.858313,0,5.997656,0.0000000,0.0000000
3554.859428,0,6.000195,0.0000820,0.0004920
3554.860485,0,6.000195,-0.0001860,-0.0011160
3554.861601,0,5.996680,0.0001040,0.0006237
3554.862659,0,5.997461,-0.0001860,-0.0011155
3554.863716,0,5.997461,-0.0000400,-0.0002399
3554.864832,0,5.999609,-0.0000200,-0.0001200
3554.865890,0,6.000391,-0.0002500,-0.0015001
3554.867006,0,5.997852,0.0002280,0.0013675
3554.868063,0,6.000000,0.0001460,0.0008760
3554.869121,0,6.001953,0.0001860,0.0011164
3554.870237,0,5.999805,0.0000820,0.0004920
3554.871294,0,5.996680,-0.0002500,-0.0014992
3554.872352,0,5.997266,0.0004780,0.0028667
3554.873467,0,5.997656,0.0001660,0.0009956
3554.874525,0,6.000195,-0.0001460,-0.0008760
3554.875642,0,5.997852,0.0000400,0.0002399
3554.876701,0,5.999219,-0.0001860,-0.0011159
3554.877759,0,5.999805,-0.0002500,-0.0015000
3554.878874,0,5.997070,0.0003120,0.0018711
3554.879932,0,5.999023,0.0001040,0.0006239
3554.880990,0,5.998828,-0.0000620,-0.0003719
3554.882105,0,5.999414,0.0000200,0.0001200
3554.883163,0,6.000781,-0.0003120,-0.0018722
3554.884278,0,5.995117,-0.0001040,-0.0006235
3554.885337,0,6.001367,-0.0001660,-0.0009962
3554.886396,0,5.999414,-0.0001240,-0.0007439
3554.887511,0,6.001172,0.0000820,0.0004921
3554.888569,0,5.997070,0.0001460,0.0008756
3554.889684,0,5.994727,0.0001040,0.0006235
3554.890742,0,5.997656,-0.0005840,-0.0035026
3554.891800,0,5.999414,0.0000400,0.0002400
3554.892915,0,5.997852,-0.0004580,-0.0027470
3554.893973,0,5.999609,-0.0002280,-0.0013679
3554.895031,0,6.001367,-0.0001040,-0.0006241
3554.896146,0,5.998242,-0.0002700,-0.0016195
3554.897204,0,5.997461,0.0000820,0.0004918
3554.898320,0,5.997461,0.0002920,0.0017513
3554.899377,0,6.001563,0.0000200,0.0001200
3554.900435,0,5.998242,0.0004580,0.0027472
3554.901550,0,5.997852,-0.0000200,-0.0001200
3554.902608,0,5.999609,-0.0000620,-0.0003720
3554.903666,0,6.000391,-0.0001860,-0.0011161
3554.904781,0,5.999805,-0.0002080,-0.0012480
3554.905842,0,5.998828,-0.0001460,-0.0008758
3554.906958,0,5.997852,0.0002280,0.0013675
3554.908016,0,6.001563,0.0000400,0.0002401
3554.909073,0,5.998047,-0.0000820,-0.0004918
3554.910189,0,5.999219,0.0000820,0.0004919
3554.911246,0,6.000000,-0.0003320,-0.0019920
3554.912362,0,5.997070,-0.0001240,-0.0007436
3554.914600,0,5.997852,0.0011260,0.0067536
3554.916366,0,5.998242,-0.0000200,-0.0001200
3554.918127,0,6.001758,0.0002280,0.0013684
3554.919885,0,5.999414,-0.0002080,-0.0012479
3554.921643,0,5.999414,0.0000400,0.0002400
3554.923401,0,5.997070,-0.0000620,-0.0003718
3554.925158,0,5.998828,0.0001040,0.0006239
3554.926917,0,6.000000,0.0002920,0.0017520
3554.927456,0,5.997461,0.0002920,0.0017513
3554.928514,0,5.999023,-0.0001460,-0.0008759
3554.929629,0,5.998633,0.0001460,0.0008758
3554.930687,0,6.000391,-0.0003740,-0.0022441
3554.931745,0,5.997070,-0.0001460,-0.0008756
3554.932860,0,5.996484,0.0001460,0.0008755
3554.933918,0,5.997852,-0.0001040,-0.0006238
3554.935034,0,5.999023,0.0000400,0.0002400
3554.936094,0,5.995508,-0.0000620,-0.0003717
3554.937152,0,6.000000,-0.0001240,-0.0007440
3554.938268,0,5.997461,-0.0001040,-0.0006237
3554.939326,0,5.997852,-0.0000620,-0.0003719
3554.940383,0,5.997461,-0.0000400,-0.0002399
3554.941499,0,6.000195,-0.0000620,-0.0003720
3554.942556,0,5.996289,-0.0000400,-0.0002399
3554.943672,0,6.000000,-0.0000200,-0.0001200
3554.944730,0,5.997070,0.0002700,0.0016192
3554.945789,0,5.997656,-0.0002700,-0.0016194
3554.946905,0,6.000391,-0.0000400,-0.0002400
3554.947963,0,5.995508,-0.0002500,-0.0014989
3554.949078,0,5.997461,0.0000400,0.0002399
3554.950136,0,5.997070,-0.0000200,-0.0001199
3554.951194,0,5.999023,0.0000200,0.0001200
3554.952309,0,5.997461,0.0002080,0.0012475
3554.953367,0,5.998438,0.0000200,0.0001200
3554.954425,0,5.999023,-0.0000820,-0.0004919
3554.955540,0,5.997461,0.0000400,0.0002399
3554.956598,0,5.999609,0.0000620,0.0003720
3554.957714,0,5.998828,-0.0001240,-0.0007439
3554.958772,0,5.999219,-0.0003740,-0.0022437
3554.959829,0,5.999805,-0.0002280,-0.0013680
3554.960945,0,5.998047,-0.0002700,-0.0016195
3554.962003,0,5.996484,-0.0001460,-0.0008755
3554.963060,0,5.997461,-0.0001460,-0.0008756
3554.964176,0,5.999414,-0.0001460,-0.0008759
3554.965233,0,5.999414,-0.0000400,-0.0002400
3554.966352,0,5.999023,0.0000620,0.0003719
3554.967410,0,5.999414,0.0003960,0.0023758
3554.968468,0,5.997070,0.0001860,0.0011155
3554.969583,0,6.002539,-0.0002500,-0.0015006
3554.970641,0,5.996484,0.0002920,0.0017510
3554.971757,0,5.999023,0.0000200,0.0001200
3554.972814,0,5.997656,0.0000620,0.0003719
3554.973872,0,5.998828,0.0001460,0.0008758
3554.974988,0,5.999023,0.0001240,0.0007439
3554.976047,0,5.997852,0.0001460,0.0008757
3554.977106,0,5.996289,-0.0000400,-0.0002399
3554.978221,0,6.000391,0.0000400,0.0002400
3554.979279,0,6.001367,0.0001660,0.0009962
3554.980394,0,6.002539,-0.0002280,-0.0013686
3554.981452,0,6.002930,0.0001040,0.0006243
3554.982510,0,5.999023,-0.0003960,-0.0023756
3554.983625,0,6.001172,-0.0006660,-0.0039968
3554.984683,0,5.998047,0.0001240,0.0007438
3554.985741,0,5.999609,-0.0000620,-0.0003720
3554.986857,0,6.000000,0.0000200,0.0001200
3554.987915,0,5.998438,0.0003320,0.0019915
3554.989031,0,5.996875,0.0000000,0.0000000
3554.990089,0,5.998438,0.0001240,0.0007438
3554.991146,0,6.000000,0.0002080,0.0012480
3554.992262,0,5.998633,-0.0001040,-0.0006239
3554.993320,0,6.000781,-0.0002080,-0.0012482
3554.994377,0,5.997461,-0.0002280,-0.0013674
3554.995493,0,5.997656,0.0000400,0.0002399
3554.996551,0,5.998242,-0.0002700,-0.0016195
3554.997666,0,5.996484,-0.0003120,-0.0018709
3554.998723,0,6.002539,-0.0001460,-0.0008764
3554.999781,0,6.000781,-0.0001660,-0.0009961
3555.000896,0,5.996875,-0.0000620,-0.0003718
3555.001954,0,5.997070,-0.0001460,-0.0008756
3555.003070,0,5.998438,0.0000820,0.0004919
3555.004127,0,6.002539,-0.0001660,-0.0009964
3555.005185,0,6.001953,0.0000000,0.0000000
3555.006303,0,5.996289,0.0001040,0.0006236
3555.007361,0,5.997656,-0.0003320,-0.0019912
3555.008419,0,5.999609,-0.0000200,-0.0001200
3555.009534,0,5.997656,-0.0000400,-0.0002399
3555.010592,0,5.995313,-0.0001460,-0.0008753
3555.011708,0,6.000195,0.0000200,0.0001200
3555.012765,0,6.000391,0.0003320,0.0019921
3555.013823,0,5.996484,-0.0003320,-0.0019908
3555.014939,0,5.998242,0.0002700,0.0016195
3555.015997,0,6.000391,-0.0001240,-0.0007440
3555.017056,0,6.000586,0.0000000,0.0000000
3555.018171,0,5.999414,-0.0000620,-0.0003720
3555.019229,0,5.996289,0.0002080,0.0012472
3555.020344,0,6.000000,0.0000200,0.0001200
3555.021402,0,5.999414,-0.0001460,-0.0008759
3555.022460,0,5.997461,-0.0001040,-0.0006237
3555.023575,0,5.998828,-0.0001460,-0.0008758
3555.024633,0,5.998438,-0.0001460,-0.0008758
3555.025748,0,6.001172,-0.0001460,-0.0008762
3555.026806,0,5.998438,0.0001460,0.0008758
3555.027864,0,6.000586,-0.0004160,-0.0024962
3555.028979,0,5.998633,-0.0000620,-0.0003719
3555.030037,0,6.000977,0.0000000,0.0000000
3555.031095,0,6.000586,0.0000400,0.0002400
3555.032210,0,5.996094,-0.0000400,-0.0002398
3555.033268,0,6.000000,-0.0002920,-0.0017520
3555.034383,0,6.000195,-0.0002280,-0.0013680
3555.035441,0,5.996875,-0.0001040,-0.0006237
3555.036501,0,5.997656,0.0001660,0.0009956
3555.037617,0,6.002148,-0.0003320,-0.0019927
3555.038674,0,5.999219,-0.0001860,-0.0011159
3555.039790,0,5.996875,-0.0001660,-0.0009955
3555.040848,0,5.995898,-0.0003740,-0.0022425
3555.041906,0,5.999219,-0.0001040,-0.0006239
3555.043021,0,6.000195,-0.0001860,-0.0011160
3555.044079,0,5.999414,0.0000000,0.0000000
3555.045137,0,5.999414,-0.0002280,-0.0013679
3555.046253,0,5.998242,-0.0002080,-0.0012476
3555.047311,0,6.001758,-0.0000200,-0.0001200
3555.048427,0,5.995508,0.0001460,0.0008753
3555.049484,0,5.996484,-0.0001660,-0.0009954
3555.050542,0,5.998828,0.0000820,0.0004919
3555.051658,0,5.997852,-0.0001460,-0.0008757
3555.052715,0,5.995117,0.0001240,0.0007434
3555.053773,0,5.995703,0.0001660,0.0009953
3555.054889,0,5.996484,0.0000400,0.0002399
3555.055947,0,5.997266,-0.0000200,-0.0001199
3555.057063,0,5.997070,0.0002920,0.0017511
3555.058120,0,5.999609,-0.0001240,-0.0007440
3555.059178,0,5.997852,0.0002080,0.0012476
3555.060294,0,5.999219,0.0003120,0.0018718
3555.061351,0,5.997852,0.0001460,0.0008757
3555.062467,0,5.998047,0.0001460,0.0008757
3555.063525,0,6.000977,-0.0000820,-0.0004921
3555.064582,0,5.996875,0.0001040,0.0006237
3555.065698,0,5.997266,-0.0002920,-0.0017512
3555.066758,0,5.997656,-0.0002920,-0.0017513
3555.067816,0,5.996875,0.0000620,0.0003718
3555.068932,0,6.000586,-0.0000400,-0.0002400
3555.069989,0,5.997852,0.0001460,0.0008757
3555.071105,0,5.998828,0.0001460,0.0008758
3555.072163,0,5.998047,-0.0000400,-0.0002399
3555.073220,0,5.999805,-0.0002700,-0.0016199
3555.074336,0,6.002344,-0.0000400,-0.0002401
3555.075394,0,5.996875,0.0000000,0.0000000
3555.076452,0,5.998438,-0.0004780,-0.0028673
3555.077568,0,5.999023,-0.0002920,-0.0017517
3555.078626,0,6.001367,0.0001460,0.0008762
3555.079741,0,5.998633,-0.0006040,-0.0036232
3555.080799,0,5.999414,0.0002920,0.0017518
3555.081857,0,5.997070,-0.0003540,-0.0021230
3555.082972,0,5.997852,-0.0003740,-0.0022432
3555.084030,0,5.997461,0.0004580,0.0027468
3555.085145,0,5.998633,0.0001660,0.0009958
3555.086203,0,5.996484,0.0001860,0.0011153
3555.087262,0,5.998828,0.0000820,0.0004919
3555.088377,0,5.998438,-0.0001240,-0.0007438
3555.089435,0,6.000391,0.0001660,0.0009961
3555.090493,0,6.000195,0.0003320,0.0019921
3555.091608,0,5.998633,0.0001240,0.0007438
3555.092665,0,5.999414,0.0002280,0.0013679
3555.093781,0,5.998242,-0.0000400,-0.0002399
3555.094839,0,5.994141,0.0000200,0.0001199
3555.095896,0,5.999414,-0.0000200,-0.0001200
3555.097014,0,5.997266,-0.0000200,-0.0001199
3555.098073,0,5.998047,0.0001240,0.0007438
3555.099131,0,6.000781,0.0000000,0.0000000
3555.100246,0,6.000586,-0.0000620,-0.0003720
3555.101303,0,6.000391,-0.0002700,-0.0016201
3555.102419,0,5.999023,-0.0000820,-0.0004919
3555.103477,0,5.998828,0.0001040,0.0006239
3555.104535,0,5.997070,0.0000620,0.0003718
3555.105650,0,5.996484,0.0001860,0.0011153
3555.106709,0,5.997266,-0.0000620,-0.0003718
3555.107768,0,6.001367,-0.0000820,-0.0004921
3555.108883,0,6.000195,-0.0003120,-0.0018721
3555.109941,0,5.998828,0.0000820,0.0004919
3555.111056,0,5.998828,-0.0001240,-0.0007439
3555.112114,0,5.998828,0.0000000,0.0000000
3555.113172,0,5.997070,0.0000200,0.0001199
3555.114287,0,5.999414,0.0012920,0.0077512
3555.115345,0,5.997461,-0.0001460,-0.0008756
3555.116461,0,5.996484,-0.0000200,-0.0001199
3555.117519,0,5.999805,0.0000400,0.0002400
3555.118577,0,5.998633,-0.0001460,-0.0008758
3555.119692,0,6.001172,0.0000400,0.0002400
3555.120750,0,6.000195,-0.0001860,-0.0011160
3555.121808,0,5.996680,-0.0002700,-0.0016191
3555.122923,0,5.997461,-0.0002080,-0.0012475
3555.123981,0,5.995898,-0.0004160,-0.0024943
3555.125096,0,5.998828,0.0001660,0.0009958
3555.126154,0,5.999219,-0.0002500,-0.0014998
3555.127214,0,5.997461,0.0000200,0.0001199
3555.128330,0,5.999023,0.0000200,0.0001200
3555.129388,0,6.001172,0.0001040,0.0006241
3555.130445,0,5.997852,-0.0003120,-0.0018713
3555.131561,0,5.999414,-0.0000200,-0.0001200
3555.132619,0,5.996289,-0.0004780,-0.0028662
3555.133734,0,5.999219,0.0000000,0.0000000
3555.134792,0,5.999023,-0.0003540,-0.0021237
3555.135850,0,5.998633,0.0000200,0.0001200
3555.136967,0,5.996875,-0.0001040,-0.0006237
3555.138025,0,5.998828,0.0000820,0.0004919
3555.139083,0,6.000781,-0.0000200,-0.0001200
3555.140198,0,6.000195,-0.0001240,-0.0007440
3555.141256,0,5.999609,-0.0000620,-0.0003720
3555.142371,0,6.000195,0.0000200,0.0001200
3555.143429,0,5.998438,-0.0001660,-0.0009957
3555.144487,0,5.995703,0.0001240,0.0007435
3555.145603,0,5.995313,-0.0004580,-0.0027459
3555.146661,0,5.996680,0.0001240,0.0007436
3555.147777,0,5.998438,0.0001660,0.0009957
3555.148835,0,5.998047,0.0000400,0.0002399
3555.149893,0,5.997852,0.0000620,0.0003719
3555.151008,0,6.004102,-0.0002920,-0.0017532
3555.152066,0,5.999414,0.0004160,0.0024958
3555.153124,0,6.000391,-0.0002920,-0.0017521
3555.154239,0,5.998828,0.0001240,0.0007439
3555.155297,0,5.999414,0.0003120,0.0018718
3555.156412,0,5.999023,-0.0003540,-0.0021237
3555.157470,0,5.996289,-0.0002500,-0.0014991
3555.158528,0,5.997266,0.0000200,0.0001199
3555.159643,0,5.999219,0.0001460,0.0008759
3555.160701,0,6.000586,0.0001460,0.0008761
3555.161817,0,5.996484,0.0002700,0.0016191
3555.162875,0,5.995703,-0.0006240,-0.0037413
3555.163932,0,6.002539,0.0000620,0.0003722
3555.165048,0,6.000586,-0.0001040,-0.0006241
3555.166106,0,5.996680,-0.0001240,-0.0007436
3555.167164,0,5.997070,-0.0002280,-0.0013673
3555.168281,0,5.997656,-0.0000620,-0.0003719
3555.169339,0,5.997266,-0.0001460,-0.0008756
3555.170455,0,5.998438,-0.0001240,-0.0007438
3555.171513,0,5.995508,0.0002700,0.0016188
3555.172570,0,5.998633,0.0002700,0.0016196
3555.173686,0,6.000977,0.0002920,0.0017523
3555.174744,0,5.999219,0.0001860,0.0011159
3555.175801,0,5.998242,-0.0002700,-0.0016195
3555.176917,0,6.000977,0.0000000,0.0000000
3555.177976,0,5.997852,-0.0001240,-0.0007437
3555.179091,0,5.998633,-0.0001040,-0.0006239
3555.180149,0,5.999414,-0.0000200,-0.0001200
3555.181207,0,6.001563,-0.0003740,-0.0022446
3555.182322,0,5.999609,0.0003120,0.0018719
3555.183380,0,5.998438,-0.0001660,-0.0009957
3555.184495,0,5.996875,-0.0002080,-0.0012473
3555.185553,0,5.999023,0.0005420,0.0032515
3555.186611,0,5.998047,0.0001240,0.0007438
3555.187727,0,5.998438,0.0000400,0.0002399
3555.188784,0,5.997070,0.0001460,0.0008756
3555.189842,0,5.998828,-0.0005620,-0.0033713
3555.190958,0,5.998242,0.0000620,0.0003719
3555.192015,0,5.998633,0.0000200,0.0001200
3555.193131,0,5.997461,0.0001460,0.0008756
3555.194189,0,5.998828,-0.0001240,-0.0007439
3555.195246,0,6.002734,-0.0002700,-0.0016207
3555.196362,0,5.998242,-0.0001040,-0.0006238
3555.197421,0,5.998438,0.0001660,0.0009957
3555.198479,0,5.995508,-0.0000620,-0.0003717
3555.199595,0,6.001953,0.0000820,0.0004922
3555.200652,0,5.999219,-0.0001860,-0.0011159
3555.201768,0,5.999805,0.0002700,0.0016199
3555.202826,0,5.999805,0.0000200,0.0001200
3555.203883,0,5.997852,-0.0003320,-0.0019913
3555.204999,0,5.999805,-0.0000200,-0.0001200
3555.206056,0,5.996289,-0.0001460,-0.0008755
3555.207172,0,6.000586,0.0002080,0.0012481
3555.208231,0,5.998828,0.0001240,0.0007439
3555.209289,0,5.998242,0.0002080,0.0012476
3555.210404,0,5.998047,0.0002700,0.0016195
3555.211462,0,5.998242,-0.0000200,-0.0001200
3555.212520,0,6.000000,-0.0002700,-0.0016200
3555.214631,0,5.996289,0.0009160,0.0054926
3555.216395,0,5.996875,0.0003320,0.0019910
3555.218154,0,5.996094,-0.0002080,-0.0012472
3555.219913,0,5.999023,-0.0001660,-0.0009958
3555.221670,0,5.996094,-0.0002920,-0.0017509
3555.223427,0,5.996680,-0.0001460,-0.0008755
3555.225185,0,5.999609,-0.0003540,-0.0021239
3555.226943,0,6.001563,0.0000400,0.0002401
3555.227655,0,5.998438,0.0000200,0.0001200
3555.228771,0,5.997656,0.0000400,0.0002399
3555.229829,0,5.999219,0.0001040,0.0006239
3555.230887,0,5.998438,0.0001040,0.0006238
3555.232002,0,6.000586,0.0001860,0.0011161
3555.233059,0,5.996094,0.0000200,0.0001199
3555.234117,0,5.998047,-0.0004380,-0.0026271
3555.235233,0,5.998633,-0.0000620,-0.0003719
3555.236290,0,5.997266,-0.0004160,-0.0024949
3555.237407,0,5.999023,-0.0002280,-0.0013678
3555.238465,0,5.998047,-0.0001460,-0.0008757
3555.239523,0,5.997852,-0.0004380,-0.0026271
3555.240638,0,5.998828,0.0000820,0.0004919
3555.241696,0,5.999023,0.0000820,0.0004919
3555.242754,0,6.000586,0.0001860,0.0011161
3555.243869,0,5.996289,0.0004580,0.0027463
3555.244927,0,5.996094,-0.0003320,-0.0019907
3555.246042,0,5.997852,0.0001660,0.0009956
3555.247100,0,5.999219,0.0000620,0.0003720
3555.248159,0,5.996289,0.0000400,0.0002399
3555.249274,0,5.996484,-0.0000200,-0.0001199
3555.250332,0,5.999609,0.0001860,0.0011159
3555.251447,0,5.996680,0.0000400,0.0002399
3555.252505,0,5.997656,-0.0000400,-0.0002399
3555.253563,0,5.997070,0.0002700,0.0016192
3555.254678,0,6.002734,0.0001660,0.0009965
3555.255736,0,6.000977,-0.0000400,-0.0002400
3555.256794,0,5.996484,-0.0000400,-0.0002399
3555.257911,0,5.996875,0.0000400,0.0002399
3555.258970,0,5.998242,-0.0003960,-0.0023753
3555.260085,0,6.001563,0.0003540,0.0021246
3555.261143,0,5.996094,0.0000400,0.0002398
3555.262201,0,5.998242,-0.0001040,-0.0006238
3555.263316,0,5.997656,0.0000620,0.0003719
3555.264374,0,5.999414,-0.0000820,-0.0004920
3555.265432,0,5.999414,-0.0001860,-0.0011159
3555.266547,0,5.999414,-0.0001660,-0.0009959
3555.267606,0,6.000195,-0.0000620,-0.0003720
3555.268722,0,6.000586,-0.0000820,-0.0004920
3555.269780,0,5.998633,-0.0005200,-0.0031193
3555.270838,0,5.997852,0.0000820,0.0004918
3555.271953,0,5.997852,-0.0003540,-0.0021232
3555.273011,0,5.998438,-0.0000620,-0.0003719
3555.274126,0,5.999414,-0.0000400,-0.0002400
3555.275184,0,5.996094,0.0001460,0.0008754
3555.276242,0,5.998047,-0.0000200,-0.0001200
3555.277358,0,6.000586,-0.0003120,-0.0018722
3555.278416,0,5.999609,-0.0002500,-0.0014999
3555.279474,0,5.994336,-0.0000400,-0.0002398
3555.280589,0,5.998242,-0.0001460,-0.0008757
3555.281647,0,6.001367,-0.0003740,-0.0022445
3555.282763,0,5.998242,-0.0000400,-0.0002399
3555.283820,0,5.997266,0.0000820,0.0004918
3555.284878,0,6.000195,0.0003540,0.0021241
3555.285993,0,6.001563,-0.0000820,-0.0004921
3555.287051,0,5.998047,0.0001240,0.0007438
3555.288111,0,5.998438,0.0000200,0.0001200
3555.289228,0,5.998633,-0.0001860,-0.0011157
3555.290285,0,6.000195,0.0000820,0.0004920
3555.291401,0,5.999414,-0.0003740,-0.0022438
3555.292459,0,5.996680,-0.0001660,-0.0009954
3555.293516,0,5.997656,-0.0001040,-0.0006238
3555.294632,0,5.998828,-0.0001860,-0.0011158
3555.295690,0,5.995117,-0.0001860,-0.0011151
3555.296805,0,5.994336,0.0000000,0.0000000
3555.297864,0,5.996875,0.0001040,0.0006237
3555.298922,0,6.001953,0.0000200,0.0001200
3555.300038,0,5.999219,-0.0001240,-0.0007439
3555.301096,0,5.995703,-0.0000620,-0.0003717
3555.302211,0,5.997656,-0.0001860,-0.0011156
3555.303269,0,5.999023,-0.0001040,-0.0006239
3555.304326,0,6.001758,-0.0001660,-0.0009963
3555.305442,0,5.999414,-0.0003960,-0.0023758
3555.306500,0,6.000586,0.0000000,0.0000000
3555.307558,0,5.996484,0.0001040,0.0006236
3555.308674,0,6.002930,-0.0002080,-0.0012486
3555.309732,0,5.999219,0.0000820,0.0004919
3555.310847,0,6.000586,-0.0003960,-0.0023762
3555.311905,0,5.995703,-0.0002700,-0.0016188
3555.312963,0,5.999023,-0.0002500,-0.0014998
3555.314078,0,5.996484,0.0000200,0.0001199
3555.315136,0,5.997461,-0.0000820,-0.0004918
3555.316252,0,5.998633,-0.0005000,-0.0029993
3555.317309,0,5.997852,-0.0001660,-0.0009956
3555.318368,0,5.998242,0.0001860,0.0011157
3555.319483,0,5.995313,-0.0001860,-0.0011151
3555.320541,0,5.997656,-0.0000620,-0.0003719
3555.321599,0,5.998828,-0.0001240,-0.0007439
3555.322714,0,5.999023,-0.0001660,-0.0009958
3555.323772,0,5.998438,0.0000000,0.0000000
3555.324887,0,6.003516,-0.0001240,-0.0007444
3555.325945,0,6.000586,-0.0000820,-0.0004920
3555.327003,0,5.997656,0.0003120,0.0018713
3555.328120,0,5.997070,-0.0003540,-0.0021230
3555.329178,0,5.999609,-0.0001460,-0.0008759
3555.330236,0,5.999414,-0.0003120,-0.0018718
3555.331351,0,5.997461,-0.0002700,-0.0016193
3555.332409,0,5.998438,-0.0001460,-0.0008758
3555.333525,0,6.001367,0.0000000,0.0000000
3555.334582,0,5.996484,0.0002080,0.0012473
3555.335640,0,5.997266,-0.0001240,-0.0007437
3555.336756,0,6.000391,-0.0000620,-0.0003720
3555.337814,0,5.998633,0.0000000,0.0000000
3555.338930,0,5.998047,-0.0001240,-0.0007438
3555.339988,0,5.997461,-0.0003120,-0.0018712
3555.341045,0,5.999609,-0.0001240,-0.0007440
3555.342161,0,5.998438,0.0002500,0.0014996
3555.343219,0,5.999609,-0.0000200,-0.0001200
3555.344276,0,6.000977,-0.0000620,-0.0003721
3555.345392,0,5.995703,0.0000820,0.0004916
3555.346450,0,5.998242,-0.0001860,-0.0011157
3555.347565,0,6.002539,-0.0001860,-0.0011165
3555.348623,0,5.997461,-0.0001460,-0.0008756
3555.349680,0,5.998828,-0.0000620,-0.0003719
3555.350796,0,5.996680,-0.0000620,-0.0003718
3555.351854,0,6.000781,-0.0003540,-0.0021243
3555.352912,0,5.998438,-0.0000200,-0.0001200
3555.354027,0,5.998828,0.0000620,0.0003719
3555.355085,0,6.000781,-0.0000200,-0.0001200
3555.356200,0,5.999414,-0.0002500,-0.0014999
3555.357258,0,5.997852,-0.0000400,-0.0002399
3555.358317,0,5.998047,-0.0002700,-0.0016195
3555.359433,0,5.997266,0.0000820,0.0004918
3555.360491,0,5.997852,0.0002920,0.0017514
3555.361606,0,5.999023,0.0000200,0.0001200
3555.362664,0,5.999023,0.0001240,0.0007439
3555.363722,0,6.000977,-0.0002700,-0.0016203
3555.364837,0,6.000391,-0.0001460,-0.0008761
3555.365895,0,5.995703,-0.0001240,-0.0007435
3555.366952,0,5.997656,-0.0001660,-0.0009956
3555.368069,0,5.999023,-0.0000400,-0.0002400
3555.369128,0,6.000977,-0.0003540,-0.0021243
3555.370243,0,5.998828,-0.0001860,-0.0011158
3555.371301,0,5.995898,-0.0001460,-0.0008754
3555.372358,0,6.001758,-0.0002280,-0.0013684
3555.373474,0,5.997266,0.0001240,0.0007437
3555.374532,0,5.996875,0.0000820,0.0004917
3555.375589,0,5.999219,0.0007920,0.0047514
3555.376705,0,5.999609,0.0000000,0.0000000
3555.377762,0,5.995313,-0.0002280,-0.0013669
3555.378878,0,5.999805,-0.0001040,-0.0006240
3555.379936,0,6.000000,-0.0002280,-0.0013680
3555.380994,0,6.001953,-0.0000400,-0.0002401
3555.382109,0,5.998047,-0.0005840,-0.0035029
3555.383167,0,5.999414,0.0003120,0.0018718
3555.384282,0,5.998438,-0.0001240,-0.0007438
3555.385340,0,6.000000,-0.0000400,-0.0002400
3555.386398,0,5.999609,0.0003120,0.0018719
3555.387513,0,6.000391,-0.0004780,-0.0028682
3555.388573,0,5.997656,-0.0000820,-0.0004918
3555.389631,0,5.997852,-0.0000820,-0.0004918
3555.390746,0,5.999023,-0.0003540,-0.0021237
3555.391804,0,5.997461,0.0000400,0.0002399
3555.392920,0,5.997656,-0.0002920,-0.0017513
3555.393977,0,6.000586,0.0000200,0.0001200
3555.395035,0,5.999805,-0.0001860,-0.0011160
3555.396151,0,5.998047,0.0000620,0.0003719
3555.397208,0,5.997070,-0.0000400,-0.0002399
3555.398267,0,5.999609,0.0000000,0.0000000
3555.399383,0,5.997656,-0.0000820,-0.0004918
3555.400441,0,5.997461,0.0000400,0.0002399
3555.401556,0,5.997656,0.0002080,0.0012475
3555.402614,0,5.996680,-0.0000200,-0.0001199
3555.403672,0,6.002148,-0.0002700,-0.0016206
3555.404787,0,5.999414,-0.0002700,-0.0016198
3555.405845,0,6.000977,0.0002500,0.0015002
3555.406960,0,5.998633,-0.0003740,-0.0022435
3555.408018,0,6.000195,0.0001040,0.0006240
3555.409077,0,6.000391,-0.0002280,-0.0013681
3555.410192,0,5.999023,-0.0001460,-0.0008759
3555.411249,0,5.998828,-0.0001240,-0.0007439
3555.412307,0,5.999609,-0.0000400,-0.0002400
3555.413422,0,5.998828,0.0000620,0.0003719
3555.414480,0,5.995313,0.0007920,0.0047483
3555.415596,0,5.997656,-0.0001040,-0.0006238
3555.416653,0,5.998828,-0.0000820,-0.0004919
3555.417711,0,5.998047,0.0002280,0.0013676
3555.418829,0,5.998828,-0.0000820,-0.0004919
3555.419888,0,5.999414,-0.0003540,-0.0021238
3555.420945,0,5.997656,-0.0002700,-0.0016194
3555.422061,0,5.997461,-0.0000820,-0.0004918
3555.423119,0,6.000781,-0.0000400,-0.0002400
3555.424234,0,6.001367,-0.0004580,-0.0027486
3555.425292,0,5.998242,0.0002700,0.0016195
3555.426350,0,5.996484,0.0001460,0.0008755
3555.427465,0,5.997656,0.0003540,0.0021232
3555.428524,0,6.002148,-0.0002920,-0.0017526
3555.429640,0,6.001563,0.0001040,0.0006242
3555.430698,0,6.000195,0.0000400,0.0002400
3555.431756,0,5.998438,-0.0005620,-0.0033711
3555.432871,0,5.999805,-0.0001040,-0.0006240
3555.433929,0,5.999414,0.0003960,0.0023758
3555.434987,0,5.999609,-0.0000200,-0.0001200
3555.436102,0,5.998047,0.0002080,0.0012476
3555.437160,0,6.000586,-0.0000620,-0.0003720
3555.438275,0,5.999609,-0.0002500,-0.0014999
3555.439334,0,6.000195,0.0000620,0.0003720
3555.440392,0,5.999219,-0.0005000,-0.0029996
3555.441507,0,5.997070,0.0003960,0.0023748
3555.442565,0,6.000586,-0.0000820,-0.0004920
3555.443623,0,5.994727,-0.0000820,-0.0004916
3555.444738,0,5.997852,0.0002280,0.0013675
3555.445796,0,5.998828,-0.0001860,-0.0011158
3555.446912,0,6.000781,0.0003740,0.0022443
3555.447969,0,5.996094,0.0000200,0.0001199
3555.449029,0,5.998438,-0.0000200,-0.0001200
3555.450146,0,5.999219,0.0004380,0.0026277
3555.451204,0,6.001953,-0.0003320,-0.0019926
3555.452261,0,5.999023,-0.0001240,-0.0007439
3555.453377,0,5.998828,-0.0002280,-0.0013677
3555.454434,0,5.998242,-0.0001040,-0.0006238
3555.455550,0,6.000391,0.0000620,0.0003720
3555.456608,0,5.998047,-0.0003740,-0.0022433
3555.457665,0,5.992383,-0.0001460,-0.0008749
3555.458783,0,5.999805,0.0001240,0.0007440
3555.459841,0,6.000000,0.0000820,0.0004920
3555.460957,0,6.000195,0.0001240,0.0007440
3555.462014,0,5.997656,0.0000820,0.0004918
3555.463072,0,5.998242,0.0002920,0.0017515
3555.464187,0,5.997070,-0.0002700,-0.0016192
3555.465245,0,6.001367,-0.0002700,-0.0016204
3555.466303,0,5.996875,-0.0003120,-0.0018710
3555.467418,0,6.001953,-0.0001660,-0.0009963
3555.468476,0,5.997070,-0.0000820,-0.0004918
3555.469592,0,5.997656,0.0001040,0.0006238
3555.470650,0,6.002344,0.0000000,0.0000000
3555.471708,0,5.999805,-0.0001040,-0.0006240
3555.472823,0,5.998633,-0.0000820,-0.0004919
3555.473881,0,5.999805,-0.0002280,-0.0013680
3555.474997,0,5.995898,-0.0001040,-0.0006236
3555.476054,0,6.000391,-0.0004160,-0.0024962
3555.477112,0,5.999023,0.0001460,0.0008759
3555.478227,0,5.999414,0.0001460,0.0008759
3555.479288,0,6.000000,-0.0000400,-0.0002400
3555.480347,0,5.999023,-0.0001860,-0.0011158
3555.481462,0,6.000195,-0.0000620,-0.0003720
3555.482520,0,6.000391,-0.0000400,-0.0002400
3555.483635,0,5.995508,-0.0001860,-0.0011152
3555.484693,0,5.999805,-0.0003320,-0.0019919
3555.485751,0,6.000781,0.0003740,0.0022443
3555.486866,0,5.996680,0.0002080,0.0012473
3555.487924,0,5.994922,0.0048380,0.0290034
3555.488983,0,6.000586,0.0047760,0.0286588
3555.490099,0,6.003125,-0.0004380,-0.0026294
3555.491157,0,5.999219,0.0001040,0.0006239
3555.492272,0,5.999414,0.0000400,0.0002400
3555.493330,0,5.998242,0.0001040,0.0006238
3555.494388,0,6.002734,-0.0002700,-0.0016207
3555.495503,0,5.998438,0.0000820,0.0004919
3555.496561,0,5.995313,-0.0003960,-0.0023741
3555.497619,0,5.996484,-0.0002700,-0.0016191
3555.498734,0,5.999805,-0.0002500,-0.0015000
3555.499793,0,5.997266,0.0000400,0.0002399
3555.500908,0,5.998438,0.0001460,0.0008758
3555.501966,0,5.998047,-0.0002920,-0.0017514
3555.503023,0,5.999023,0.0000200,0.0001200
3555.504139,0,5.998438,0.0001860,0.0011157
3555.505196,0,5.999609,0.0001860,0.0011159
3555.506312,0,5.997656,-0.0002080,-0.0012475
3555.507370,0,5.998828,0.0000820,0.0004919
3555.508427,0,5.999023,-0.0000400,-0.0002400
3555.509543,0,5.999219,-0.0003960,-0.0023757
3555.510601,0,6.001367,-0.0000620,-0.0003721
3555.511659,0,5.997461,-0.0001660,-0.0009956
3555.514638,0,5.995508,-0.0003120,-0.0018706
3555.516402,0,5.999023,-0.0003320,-0.0019917
3555.518163,0,5.995898,0.0000000,0.0000000
3555.519923,0,5.998828,-0.0001660,-0.0009958
3555.521681,0,5.998828,0.0002080,0.0012478
3555.523438,0,6.000391,-0.0003320,-0.0019921
3555.525196,0,5.998242,0.0000000,0.0000000
3555.526953,0,5.998438,-0.0000200,-0.0001200
3555.527896,0,5.998242,0.0001460,0.0008757
3555.528954,0,5.999805,0.0001660,0.0009960
3555.530071,0,5.996484,0.0000000,0.0000000
3555.531128,0,5.998633,-0.0000820,-0.0004919
3555.532186,0,6.000391,0.0003540,0.0021241
3555.533302,0,5.997266,0.0000000,0.0000000
3555.534359,0,5.996875,-0.0001860,-0.0011154
3555.535417,0,5.997852,-0.0002080,-0.0012476
3555.536533,0,5.999023,-0.0001460,-0.0008759
3555.537590,0,6.000977,0.0000620,0.0003721
3555.538706,0,5.999219,0.0000820,0.0004919
3555.539765,0,5.997852,-0.0002700,-0.0016194
3555.540822,0,5.998242,0.0000200,0.0001200
3555.541937,0,6.001563,-0.0002700,-0.0016204
3555.542995,0,5.997852,0.0001860,0.0011156
3555.544053,0,5.998242,0.0000820,0.0004919
3555.545168,0,6.000781,0.0006040,0.0036245
3555.546226,0,5.999805,0.0001240,0.0007440
3555.547341,0,6.000781,-0.0000620,-0.0003720
3555.548399,0,5.997070,0.0001860,0.0011155
3555.549459,0,5.997070,0.0001460,0.0008756
3555.550575,0,5.998633,-0.0000820,-0.0004919
3555.551633,0,5.998633,0.0004160,0.0024954
3555.552748,0,5.995508,0.0000400,0.0002398
3555.553806,0,6.000586,0.0001860,0.0011161
3555.554864,0,5.999414,-0.0001660,-0.0009959
3555.555979,0,6.000586,-0.0002280,-0.0013681
3555.557037,0,6.000000,0.0000400,0.0002400
3555.558095,0,5.999219,-0.0003320,-0.0019917
3555.559211,0,6.003320,0.0001860,0.0011166
3555.560270,0,5.999219,-0.0000620,-0.0003720
3555.561385,0,5.997070,0.0002280,0.0013673
3555.562443,0,5.999805,-0.0003740,-0.0022439
3555.563501,0,6.000781,-0.0004160,-0.0024963
3555.564616,0,6.000195,-0.0003960,-0.0023761
3555.565674,0,5.998242,-0.0000200,-0.0001200
3555.566732,0,6.000000,-0.0001860,-0.0011160
3555.567847,0,6.001953,-0.0000620,-0.0003721
3555.568905,0,6.002539,0.0000820,0.0004922
3555.570021,0,5.995703,0.0000200,0.0001199
3555.571079,0,6.001758,0.0000200,0.0001200
3555.572137,0,5.998633,-0.0000400,-0.0002399
3555.573252,0,6.001367,-0.0000200,-0.0001200
3555.574310,0,5.998242,0.0001240,0.0007438
3555.575425,0,6.000781,-0.0006880,-0.0041285
3555.576483,0,5.998633,0.0004580,0.0027474
3555.577541,0,6.000977,-0.0003320,-0.0019923
3555.578656,0,5.993750,-0.0001240,-0.0007432
3555.579717,0,6.001563,-0.0003320,-0.0019925
3555.580775,0,6.002344,0.0000400,0.0002401
3555.581890,0,5.997461,-0.0001040,-0.0006237
3555.582948,0,5.999023,-0.0000400,-0.0002400
3555.584063,0,5.997852,-0.0002280,-0.0013675
3555.585121,0,6.001172,-0.0001040,-0.0006241
3555.586179,0,5.995313,0.0000620,0.0003717
3555.587294,0,5.999609,0.0004160,0.0024958
3555.588352,0,6.000000,0.0002080,0.0012480
3555.589411,0,6.001563,-0.0003120,-0.0018725
3555.590527,0,5.997266,0.0000200,0.0001199
3555.591585,0,5.998047,-0.0000400,-0.0002399
3555.592700,0,5.998438,0.0001240,0.0007438
3555.593758,0,6.000000,0.0000200,0.0001200
3555.594816,0,5.997461,-0.0005200,-0.0031187
3555.595931,0,5.998633,0.0001240,0.0007438
3555.596989,0,5.997266,-0.0003120,-0.0018711
3555.598104,0,6.000000,-0.0000400,-0.0002400
3555.599162,0,5.999805,-0.0001040,-0.0006240
3555.600221,0,5.999219,-0.0002280,-0.0013678
3555.601336,0,5.996680,0.0001040,0.0006237
3555.602394,0,6.000000,-0.0000820,-0.0004920
3555.603451,0,5.997266,0.0001240,0.0007437
3555.604567,0,5.998633,-0.0000400,-0.0002399
3555.605624,0,5.998828,-0.0001460,-0.0008758
3555.606740,0,6.000781,0.0002080,0.0012482
3555.607798,0,6.000977,0.0001460,0.0008761
3555.608855,0,5.995703,-0.0002700,-0.0016188
3555.609974,0,5.996875,0.0000820,0.0004917
3555.611032,0,5.997070,-0.0003540,-0.0021230
3555.612090,0,5.998438,0.0000620,0.0003719
3555.613205,0,5.997656,0.0001660,0.0009956
3555.614263,0,5.997070,-0.0000620,-0.0003718
3555.615379,0,5.999023,0.0001660,0.0009958
3555.616436,0,6.001367,-0.0003540,-0.0021245
3555.617494,0,5.997070,-0.0001460,-0.0008756
3555.618610,0,5.998047,0.0000620,0.0003719
3555.619668,0,6.000000,-0.0003740,-0.0022440
3555.620727,0,6.000586,-0.0001040,-0.0006241
3555.621842,0,5.997266,-0.0000820,-0.0004918
3555.622900,0,5.997266,-0.0001240,-0.0007437
3555.624015,0,5.999219,-0.0002080,-0.0012478
3555.625073,0,5.996484,0.0001660,0.0009954
3555.626131,0,5.997461,-0.0000620,-0.0003718
3555.627246,0,5.997461,0.0001660,0.0009956
3555.628304,0,5.999609,0.0004380,0.0026278
3555.629419,0,5.999805,-0.0000620,-0.0003720
3555.630478,0,5.999609,-0.0002500,-0.0014999
3555.631536,0,6.000195,0.0002500,0.0015000
3555.632651,0,5.995508,-0.0001660,-0.0009953
3555.633709,0,5.999414,0.0000820,0.0004920
3555.634767,0,5.998828,0.0002700,0.0016197
3555.635882,0,5.999219,0.0000820,0.0004919
3555.636940,0,5.997070,0.0001660,0.0009955
3555.638055,0,6.000977,-0.0002920,-0.0017523
3555.639113,0,6.000391,0.0000620,0.0003720
3555.640173,0,5.995703,-0.0000820,-0.0004916
3555.641289,0,6.000000,-0.0001040,-0.0006240
3555.642347,0,6.001172,0.0002700,0.0016203
3555.643405,0,5.997656,-0.0000820,-0.0004918
3555.644520,0,5.996094,-0.0000820,-0.0004917
3555.645578,0,6.001172,-0.0000200,-0.0001200
3555.646693,0,6.000000,-0.0005000,-0.0030000
3555.647751,0,5.998438,0.0003320,0.0019915
3555.648809,0,6.000781,-0.0001660,-0.0009961
3555.649926,0,6.000391,-0.0003740,-0.0022441
3555.650985,0,5.999414,0.0001860,0.0011159
3555.652043,0,5.996680,-0.0002080,-0.0012473
3555.653158,0,5.996680,-0.0003540,-0.0021228
3555.654216,0,5.997656,0.0000400,0.0002399
3555.655331,0,5.998633,-0.0003120,-0.0018716
3555.656389,0,5.997266,0.0001240,0.0007437
3555.657447,0,5.997266,0.0000200,0.0001199
3555.658562,0,6.000000,-0.0000200,-0.0001200
3555.659620,0,5.999805,0.0002080,0.0012480
3555.660736,0,5.995117,0.0001860,0.0011151
3555.661794,0,6.001172,-0.0001460,-0.0008762
3555.662852,0,5.999414,-0.0002700,-0.0016198
3555.663967,0,6.000195,-0.0001460,-0.0008760
3555.665025,0,5.995313,0.0000620,0.0003717
3555.666083,0,5.999023,-0.0003740,-0.0022436
3555.667198,0,5.998438,-0.0000200,-0.0001200
3555.668256,0,5.994922,-0.0000620,-0.0003717
3555.669371,0,5.997656,-0.0000200,-0.0001200
3555.670429,0,6.000977,0.0002080,0.0012482
3555.671487,0,5.999414,-0.0004580,-0.0027477
3555.672602,0,6.000000,0.0001040,0.0006240
3555.673660,0,6.000000,-0.0001660,-0.0009960
3555.674776,0,6.000195,-0.0001040,-0.0006240
3555.675833,0,6.000391,-0.0001860,-0.0011161
3555.676891,0,5.997656,-0.0000200,-0.0001200
3555.678007,0,5.996875,-0.0001240,-0.0007436
3555.679064,0,5.996289,0.0000820,0.0004917
3555.680124,0,5.998438,-0.0000400,-0.0002399
3555.681240,0,5.997266,-0.0003960,-0.0023749
3555.682298,0,5.996680,-0.0002500,-0.0014992
3555.683413,0,5.999023,0.0002280,0.0013678
3555.684471,0,5.998828,-0.0004380,-0.0026275
3555.685529,0,5.999414,-0.0003960,-0.0023758
3555.686644,0,5.999023,0.0002920,0.0017517
3555.687702,0,6.000586,-0.0001240,-0.0007441
3555.688760,0,5.998633,0.0000200,0.0001200
3555.689876,0,5.998047,-0.0001860,-0.0011156
3555.690935,0,5.999023,0.0000200,0.0001200
3555.692050,0,6.000195,-0.0000620,-0.0003720
3555.693108,0,5.999219,0.0000200,0.0001200
3555.694166,0,5.999023,-0.0001660,-0.0009958
3555.695281,0,5.994141,-0.0000820,-0.0004915
3555.696339,0,5.997461,0.0000620,0.0003718
3555.697454,0,5.998047,0.0001040,0.0006238
3555.698512,0,5.999414,0.0000820,0.0004920
3555.699570,0,5.998633,-0.0002920,-0.0017516
3555.700685,0,6.002539,-0.0001040,-0.0006243
3555.701743,0,5.998438,-0.0003740,-0.0022434
3555.702801,0,6.001367,-0.0000820,-0.0004921
3555.703916,0,5.997461,0.0001460,0.0008756
3555.704974,0,5.997266,-0.0001040,-0.0006237
3555.706089,0,5.999414,0.0002280,0.0013679
3555.707147,0,6.001758,-0.0000820,-0.0004921
3555.708205,0,5.997656,-0.0000620,-0.0003719
3555.709320,0,5.997266,-0.0005620,-0.0033705
3555.710379,0,5.996680,0.0003540,0.0021228
3555.711438,0,5.999023,-0.0002080,-0.0012478
3555.712554,0,5.999219,-0.0000400,-0.0002400
3555.713612,0,5.995117,0.0002280,0.0013669
3555.714727,0,5.999414,0.0005000,0.0029997
3555.715785,0,6.000000,0.0001860,0.0011160
3555.716842,0,5.997070,-0.0002920,-0.0017511
3555.717958,0,5.998242,0.0000000,0.0000000
3555.719016,0,6.000391,-0.0002920,-0.0017521
3555.720132,0,6.000586,-0.0000620,-0.0003720
3555.721191,0,5.998828,0.0000620,0.0003719
3555.722249,0,5.997266,0.0000000,0.0000000
3555.723364,0,5.995117,0.0001240,0.0007434
3555.724422,0,6.000195,-0.0001240,-0.0007440
3555.725479,0,6.001953,0.0002080,0.0012484
3555.726595,0,5.999023,0.0000820,0.0004919
3555.727653,0,5.999805,-0.0000400,-0.0002400
3555.728768,0,5.996875,0.0000200,0.0001199
3555.729826,0,5.999414,-0.0001040,-0.0006239
3555.730885,0,5.995508,-0.0002920,-0.0017507
3555.732000,0,6.000391,-0.0001240,-0.0007440
3555.733058,0,5.997266,-0.0002500,-0.0014993
3555.734116,0,6.003125,0.0001040,0.0006243
3555.735231,0,5.994141,0.0002920,0.0017503
3555.736289,0,5.999805,-0.0004380,-0.0026279
3555.737404,0,5.998242,-0.0003740,-0.0022433
3555.738462,0,5.997656,-0.0001040,-0.0006238
3555.739520,0,5.995703,-0.0005000,-0.0029979
3555.740637,0,6.000195,0.0000620,0.0003720
3555.741696,0,5.999805,-0.0002080,-0.0012480
3555.742754,0,6.000391,0.0001460,0.0008761
3555.743869,0,5.996289,-0.0000200,-0.0001199
3555.744927,0,6.000195,0.0000400,0.0002400
3555.746042,0,6.002539,-0.0001040,-0.0006243
3555.747100,0,5.998633,-0.0003740,-0.0022435
3555.748158,0,5.995898,-0.0001240,-0.0007435
3555.749273,0,5.996484,-0.0002280,-0.0013672
3555.750333,0,5.997656,-0.0001040,-0.0006238
3555.751449,0,5.998633,-0.0001660,-0.0009958
3555.752506,0,6.001172,0.0000620,0.0003721
3555.753564,0,5.999219,0.0001040,0.0006239
3555.754679,0,5.999414,0.0002280,0.0013679
3555.755737,0,5.998828,-0.0002700,-0.0016197
3555.756795,0,5.998438,-0.0001460,-0.0008758
3555.757910,0,6.003320,0.0000820,0.0004923
3555.758968,0,6.001172,-0.0000820,-0.0004921
3555.760084,0,5.995898,0.0004780,0.0028660
3555.761142,0,5.996094,-0.0000620,-0.0003718
3555.762200,0,5.999023,-0.0001240,-0.0007439
3555.763315,0,5.999609,-0.0002280,-0.0013679
3555.764373,0,6.000000,-0.0000620,-0.0003720
3555.765431,0,6.000391,0.0001660,0.0009961
3555.766547,0,5.999805,0.0002920,0.0017519
3555.767604,0,5.995898,0.0001460,0.0008754
3555.768720,0,5.997266,0.0001660,0.0009955
3555.769777,0,5.995703,0.0000400,0.0002398
3555.770837,0,5.999609,-0.0002700,-0.0016199
3555.771953,0,5.997070,0.0000620,0.0003718
3555.773011,0,6.001367,-0.0002280,-0.0013683
3555.774127,0,5.998828,-0.0001240,-0.0007439
3555.775184,0,6.000586,-0.0001240,-0.0007441
3555.776242,0,6.000586,0.0004160,0.0024962
3555.777358,0,6.000391,-0.0001240,-0.0007440
3555.778415,0,6.000977,0.0000000,0.0000000
3555.779473,0,5.995898,0.0001460,0.0008754
3555.780590,0,6.000781,0.0000400,0.0002400
3555.781648,0,6.001758,0.0004380,0.0026288
3555.782764,0,5.995117,-0.0001040,-0.0006235
3555.783821,0,5.999609,-0.0001240,-0.0007440
3555.784879,0,5.999805,0.0002500,0.0015000
3555.785994,0,5.999805,0.0000820,0.0004920
3555.787052,0,6.001563,0.0001460,0.0008762
3555.788110,0,5.997461,-0.0001240,-0.0007437
3555.789225,0,5.997852,0.0001040,0.0006238
3555.790283,0,5.997656,-0.0002500,-0.0014994
3555.791399,0,5.998438,-0.0000820,-0.0004919
3555.792457,0,5.996875,-0.0000400,-0.0002399
3555.793515,0,6.000195,-0.0000820,-0.0004920
3555.794630,0,6.004297,-0.0002080,-0.0012489
3555.795688,0,5.996289,-0.0001460,-0.0008755
3555.796803,0,5.999219,-0.0002080,-0.0012478
3555.797861,0,6.000391,-0.0000620,-0.0003720
3555.798919,0,5.999805,0.0001460,0.0008760
3555.800034,0,5.998828,-0.0003120,-0.0018716
3555.801095,0,5.999219,0.0000400,0.0002400
3555.802211,0,5.997461,-0.0000820,-0.0004918
3555.803269,0,5.999609,0.0001040,0.0006240
3555.804326,0,5.999023,-0.0002080,-0.0012478
3555.805442,0,6.000391,-0.0002080,-0.0012481
3555.806499,0,6.002344,0.0001460,0.0008763
3555.807557,0,5.998438,0.0001240,0.0007438
3555.808673,0,5.997656,0.0001460,0.0008757
3555.809730,0,5.997852,-0.0000200,-0.0001200
3555.810849,0,6.002148,0.0001040,0.0006242
3555.811907,0,5.998047,0.0001040,0.0006238
3555.814657,0,5.994727,-0.0000200,-0.0001199
3555.816421,0,5.997461,0.0000620,0.0003718
3555.818180,0,5.998633,-0.0000620,-0.0003719
3555.819937,0,5.998633,0.0000000,0.0000000
3555.821695,0,5.999414,-0.0003540,-0.0021238
3555.823453,0,5.997266,-0.0002700,-0.0016193
3555.825211,0,6.002148,-0.0000620,-0.0003721
3555.826968,0,5.997461,-0.0003740,-0.0022431
3555.827162,0,5.997461,-0.0003740,-0.0022431
3555.828105,0,5.997266,0.0000620,0.0003718
3555.829163,0,6.003125,0.0000620,0.0003722
3555.830278,0,5.996094,-0.0003120,-0.0018708
3555.831336,0,5.998047,0.0000620,0.0003719
3555.832394,0,6.000977,-0.0001660,-0.0009962
3555.833509,0,5.999805,-0.0001040,-0.0006240
3555.834567,0,5.999414,0.0002700,0.0016198
3555.835682,0,5.998047,-0.0005420,-0.0032509
3555.836740,0,6.000781,0.0000200,0.0001200
3555.837798,0,5.997266,-0.0004580,-0.0027467
3555.838913,0,5.998438,0.0001240,0.0007438
3555.839971,0,5.998438,0.0001860,0.0011157
3555.841088,0,5.996680,0.0000000,0.0000000
3555.842147,0,5.999414,0.0001460,0.0008759
3555.843205,0,5.996875,-0.0001660,-0.0009955
3555.844320,0,5.997852,-0.0002500,-0.0014995
3555.845377,0,5.998438,0.0015840,0.0095015
3555.846435,0,5.998828,-0.0003320,-0.0019916
3555.847551,0,5.998633,-0.0001460,-0.0008758
3555.848608,0,5.999805,-0.0004380,-0.0026279
3555.849724,0,6.002539,-0.0002080,-0.0012485
3555.850782,0,5.998242,0.0000620,0.0003719
3555.851841,0,5.999023,-0.0003120,-0.0018717
3555.852956,0,5.997852,-0.0001860,-0.0011156
3555.854014,0,6.000781,0.0002280,0.0013682
3555.855072,0,6.001172,-0.0001660,-0.0009962
3555.856187,0,5.995703,-0.0002280,-0.0013670
3555.857245,0,5.998438,-0.0002080,-0.0012477
3555.858360,0,5.999023,0.0000820,0.0004919
3555.859418,0,5.997266,0.0000400,0.0002399
3555.860476,0,5.996680,0.0002500,0.0014992
3555.861592,0,5.996875,-0.0001240,-0.0007436
3555.862650,0,5.998242,-0.0001660,-0.0009957
3555.863765,0,5.996094,-0.0002280,-0.0013671
3555.864823,0,5.997656,-0.0000620,-0.0003719
3555.865881,0,6.000195,-0.0005420,-0.0032521
3555.866996,0,5.998633,0.0000000,0.0000000
3555.868054,0,5.998047,-0.0002500,-0.0014995
3555.869112,0,5.999609,-0.0002280,-0.0013679
3555.870227,0,5.997070,-0.0002700,-0.0016192
3555.871287,0,5.999414,-0.0004160,-0.0024958
3555.872403,0,5.997461,0.0003120,0.0018712
3555.873461,0,5.998242,0.0001460,0.0008757
3555.874518,0,5.995898,0.0002280,0.0013671
3555.875634,0,5.997461,0.0000820,0.0004918
3555.876691,0,5.999219,-0.0002080,-0.0012478
3555.877807,0,6.001563,-0.0000200,-0.0001200
3555.878865,0,5.995508,-0.0002080,-0.0012471
3555.879922,0,5.995508,-0.0002920,-0.0017507
3555.881039,0,5.997656,0.0003740,0.0022431
3555.882097,0,5.995703,0.0000620,0.0003717
3555.883155,0,5.997070,0.0000000,0.0000000
3555.884270,0,6.000000,-0.0001040,-0.0006240
3555.885328,0,6.002734,-0.0002280,-0.0013686
3555.886444,0,5.997461,0.0000820,0.0004918
3555.887501,0,5.996680,0.0000620,0.0003718
3555.888559,0,6.002344,-0.0002920,-0.0017527
3555.889675,0,5.999609,-0.0000400,-0.0002400
3555.890732,0,5.998633,0.0001460,0.0008758
3555.891790,0,5.997070,-0.0003540,-0.0021230
3555.892905,0,5.995117,0.0001860,0.0011151
3555.893963,0,5.999414,-0.0004580,-0.0027477
3555.895079,0,5.998828,0.0000400,0.0002400
3555.896136,0,5.997852,-0.0001040,-0.0006238
3555.897194,0,5.999219,0.0000620,0.0003720
3555.898310,0,6.001367,-0.0002920,-0.0017524
3555.899367,0,5.998438,-0.0005620,-0.0033711
3555.900483,0,5.996289,0.0002080,0.0012472
3555.901543,0,5.997852,-0.0002920,-0.0017514
3555.902602,0,5.999219,0.0000620,0.0003720
3555.903717,0,6.000195,0.0001460,0.0008760
3555.904775,0,5.993750,0.0000820,0.0004915
3555.905833,0,6.002539,-0.0001460,-0.0008764
3555.906948,0,5.998438,0.0000400,0.0002399
3555.908006,0,5.996680,-0.0001040,-0.0006237
3555.909121,0,5.995898,0.0000400,0.0002398
3555.910179,0,5.996875,0.0000820,0.0004917
3555.911238,0,5.997461,-0.0001040,-0.0006237
3555.912354,0,6.000781,0.0000000,0.0000000
3555.913412,0,5.999609,0.0000620,0.0003720
3555.914470,0,5.999023,0.0004160,0.0024956
3555.915585,0,5.999414,-0.0001240,-0.0007439
3555.916643,0,6.000977,0.0001460,0.0008761
3555.917758,0,5.999414,-0.0002700,-0.0016198
3555.918816,0,5.996680,-0.0000820,-0.0004917
3555.919874,0,5.997461,0.0002280,0.0013674
3555.920989,0,5.994922,-0.0000620,-0.0003717
3555.922048,0,5.996094,0.0000000,0.0000000
3555.923105,0,5.997656,0.0002920,0.0017513
3555.924221,0,5.997070,-0.0001660,-0.0009955
3555.925279,0,6.000391,0.0000400,0.0002400
3555.926394,0,5.997656,-0.0000400,-0.0002399
3555.927452,0,5.999609,0.0002920,0.0017519
3555.928510,0,5.999414,-0.0005840,-0.0035037
3555.929625,0,6.000000,-0.0002080,-0.0012480
3555.930683,0,5.998828,0.0003960,0.0023755
3555.931801,0,5.998438,-0.0003540,-0.0021234
3555.932860,0,6.003711,-0.0000200,-0.0001201
3555.933917,0,5.998047,0.0000400,0.0002399
3555.935033,0,5.998242,-0.0000400,-0.0002399
3555.936090,0,5.997461,0.0004160,0.0024949
3555.937148,0,5.999609,0.0000820,0.0004920
3555.938263,0,5.998438,-0.0003320,-0.0019915
3555.939321,0,5.999023,0.0001460,0.0008759
3555.940437,0,5.998633,-0.0004780,-0.0028673
3555.941495,0,5.998828,-0.0000400,-0.0002400
3555.942554,0,5.999609,0.0000400,0.0002400
3555.943669,0,5.997656,-0.0003540,-0.0021232
3555.944727,0,6.002148,0.0000620,0.0003721
3555.945785,0,5.996484,-0.0002500,-0.0014991
3555.946900,0,5.998438,-0.0001460,-0.0008758
3555.947958,0,5.999609,-0.0001460,-0.0008759
3555.949073,0,6.000000,-0.0001460,-0.0008760
3555.950131,0,5.996680,-0.0002920,-0.0017510
3555.951189,0,5.998438,-0.0001660,-0.0009957
3555.952305,0,5.997656,-0.0001240,-0.0007437
3555.953363,0,5.998047,0.0002080,0.0012476
3555.954478,0,5.996875,-0.0003120,-0.0018710
3555.955536,0,5.999805,0.0003540,0.0021239
3555.956594,0,5.996680,-0.0001660,-0.0009954
3555.957710,0,5.998438,0.0000400,0.0002399
3555.958767,0,5.998047,-0.0001240,-0.0007438
3555.959825,0,5.996289,0.0001460,0.0008755
3555.960940,0,5.999219,-0.0000820,-0.0004919
3555.962000,0,6.000000,0.0001460,0.0008760
3555.963117,0,5.998633,0.0000620,0.0003719
3555.964174,0,5.999609,-0.0000620,-0.0003720
3555.965232,0,5.998047,-0.0004580,-0.0027471
3555.966348,0,5.999609,-0.0001240,-0.0007440
3555.967405,0,6.002148,-0.0001040,-0.0006242
3555.968463,0,5.997656,0.0001860,0.0011156
3555.969579,0,5.998242,0.0002280,0.0013676
3555.970636,0,5.997461,-0.0002080,-0.0012475
3555.971753,0,6.001953,0.0002280,0.0013684
3555.972812,0,5.998633,0.0001040,0.0006239
3555.973870,0,6.000391,0.0001240,0.0007440
3555.974985,0,5.998438,0.0000400,0.0002399
3555.976043,0,6.001367,-0.0001460,-0.0008762
3555.977101,0,5.997461,-0.0002080,-0.0012475
3555.978216,0,5.996875,0.0000620,0.0003718
3555.979273,0,6.000391,-0.0003960,-0.0023762
3555.980389,0,5.999023,0.0000000,0.0000000
3555.981447,0,6.000391,-0.0000620,-0.0003720
3555.982505,0,5.999023,-0.0001860,-0.0011158
3555.983621,0,6.000391,-0.0001240,-0.0007440
3555.984679,0,5.999805,0.0000000,0.0000000
3555.985794,0,5.997461,-0.0001660,-0.0009956
3555.986852,0,5.997266,-0.0000400,-0.0002399
3555.987910,0,6.001563,-0.0005420,-0.0032528
3555.989025,0,5.999219,0.0001240,0.0007439
3555.990083,0,6.001563,0.0001660,0.0009963
3555.991141,0,5.995898,-0.0001860,-0.0011152
3555.992260,0,5.997852,-0.0000200,-0.0001200
3555.993318,0,6.000391,0.0000820,0.0004920
3555.994434,0,6.000781,-0.0003540,-0.0021243
3555.995492,0,5.997266,-0.0001240,-0.0007437
3555.996549,0,5.998047,-0.0002500,-0.0014995
3555.997665,0,5.999609,0.0002280,0.0013679
3555.998722,0,5.995508,0.0001660,0.0009953
3555.999780,0,5.999023,-0.0000200,-0.0001200
3556.000895,0,6.000977,-0.0003960,-0.0023764
3556.001956,0,6.000781,0.0006040,0.0036245
3556.003071,0,6.000781,0.0002700,0.0016202
3556.004129,0,5.997852,-0.0001860,-0.0011156
3556.005187,0,5.997070,-0.0004160,-0.0024948
3556.006302,0,6.003906,-0.0001240,-0.0007445
3556.007360,0,5.999805,-0.0002500,-0.0015000
3556.008418,0,5.998242,0.0000820,0.0004919
3556.009533,0,5.998438,-0.0001860,-0.0011157
3556.010591,0,5.998828,0.0001240,0.0007439
3556.011707,0,5.995703,0.0001660,0.0009953
3556.012765,0,5.997852,0.0002920,0.0017514
3556.013823,0,5.998242,-0.0001240,-0.0007438
3556.014939,0,6.000586,-0.0001860,-0.0011161
3556.015997,0,5.995508,0.0000820,0.0004916
3556.017112,0,5.993750,-0.0001460,-0.0008751
3556.018170,0,5.999219,-0.0003740,-0.0022437
3556.019228,0,6.000977,0.0002280,0.0013682
3556.020343,0,5.999219,-0.0001040,-0.0006239
3556.021401,0,5.996680,-0.0001460,-0.0008755
3556.022459,0,5.998828,0.0002700,0.0016197
3556.023574,0,6.000586,0.0001040,0.0006241
3556.024632,0,6.000000,-0.0001040,-0.0006240
3556.025747,0,6.000195,-0.0004580,-0.0027481
3556.026805,0,5.996875,-0.0000400,-0.0002399
3556.027863,0,5.998633,0.0002080,0.0012477
3556.028978,0,6.000000,0.0001460,0.0008760
3556.030036,0,5.998828,-0.0001240,-0.0007439
3556.031094,0,5.996680,-0.0004780,-0.0028664
3556.032211,0,5.996484,-0.0001240,-0.0007436
3556.033270,0,5.999023,0.0000400,0.0002400
3556.034385,0,5.997461,0.0000000,0.0000000
3556.035443,0,5.999023,0.0002700,0.0016197
3556.036501,0,5.999023,0.0002080,0.0012478
3556.037616,0,5.997266,0.0000620,0.0003718
3556.038674,0,5.996680,-0.0001240,-0.0007436
3556.039789,0,5.997070,0.0001460,0.0008756
3556.040847,0,5.998047,-0.0003540,-0.0021233
3556.041906,0,5.998047,-0.0001240,-0.0007438
3556.043022,0,5.998242,0.0003320,0.0019914
3556.044079,0,6.000781,-0.0002920,-0.0017522
3556.045137,0,5.999609,-0.0000620,-0.0003720
3556.046253,0,6.000781,-0.0004160,-0.0024963
3556.047310,0,5.996875,-0.0001860,-0.0011154
3556.048426,0,5.997461,0.0002080,0.0012475
3556.049484,0,5.996094,0.0000400,0.0002398
3556.050541,0,5.996680,-0.0002080,-0.0012473
3556.051657,0,5.997461,-0.0000620,-0.0003718
3556.052715,0,5.998633,0.0001460,0.0008758
3556.053773,0,5.997461,-0.0001660,-0.0009956
3556.054888,0,6.000781,-0.0000820,-0.0004921
3556.055946,0,5.999609,0.0003120,0.0018719
3556.057061,0,5.997461,0.0001040,0.0006237
3556.058119,0,5.998047,-0.0000620,-0.0003719
3556.059177,0,5.998047,0.0000200,0.0001200
3556.060292,0,5.998047,-0.0000620,-0.0003719
3556.061350,0,5.996875,-0.0001660,-0.0009955
3556.062469,0,5.998047,0.0000000,0.0000000
3556.063527,0,5.998242,-0.0000400,-0.0002399
3556.064585,0,6.000781,0.0002500,0.0015002
3556.065700,0,5.997461,0.0004580,0.0027468
3556.066758,0,6.001367,0.0000820,0.0004921
3556.067816,0,5.997461,0.0002700,0.0016193
3556.068931,0,5.997070,-0.0000820,-0.0004918
3556.069989,0,5.995313,-0.0000620,-0.0003717
3556.071104,0,5.999023,-0.0000620,-0.0003719
3556.072164,0,5.998242,-0.0001860,-0.0011157
3556.073222,0,5.997852,-0.0001040,-0.0006238
3556.074337,0,5.995508,-0.0002280,-0.0013670
3556.075395,0,5.998828,-0.0000820,-0.0004919
3556.076452,0,6.000977,0.0003120,0.0018723
3556.077568,0,5.997852,-0.0002920,-0.0017514
3556.078625,0,5.996875,-0.0002500,-0.0014992
3556.079741,0,5.997461,0.0001240,0.0007437
3556.080799,0,5.996094,0.0001860,0.0011153
3556.081856,0,5.995703,-0.0002080,-0.0012471
3556.082973,0,5.999023,-0.0001660,-0.0009958
3556.084031,0,6.000977,-0.0001860,-0.0011162
3556.085146,0,5.998828,0.0001860,0.0011158
3556.086204,0,5.997656,-0.0002080,-0.0012475
3556.087262,0,5.999023,-0.0001040,-0.0006239
3556.088377,0,5.997852,0.0001460,0.0008757
3556.089435,0,6.002148,-0.0001240,-0.0007443
3556.090493,0,5.996484,-0.0001460,-0.0008755
3556.091608,0,6.000195,0.0000000,0.0000000
3556.092668,0,5.998438,-0.0000620,-0.0003719
3556.093784,0,5.996484,-0.0003320,-0.0019908
3556.094842,0,5.996484,-0.0002500,-0.0014991
3556.095900,0,6.000000,-0.0001040,-0.0006240
3556.097015,0,5.998242,-0.0002280,-0.0013676
3556.098073,0,5.999219,0.0000400,0.0002400
3556.099131,0,6.000195,0.0000200,0.0001200
3556.100246,0,5.999805,0.0004780,0.0028679
3556.101304,0,5.996289,-0.0001660,-0.0009954
3556.102421,0,5.999219,-0.0002280,-0.0013678
3556.103479,0,6.000000,-0.0001860,-0.0011160
3556.104537,0,5.999609,-0.0001040,-0.0006240
3556.105652,0,6.001367,0.0000400,0.0002401
3556.106710,0,6.000000,-0.0001040,-0.0006240
3556.107768,0,5.997266,-0.0000400,-0.0002399
3556.108883,0,5.999219,0.0000200,0.0001200
3556.109941,0,5.999805,0.0001860,0.0011160
3556.111056,0,6.000391,-0.0000620,-0.0003720
3556.112114,0,5.998828,0.0000200,0.0001200
3556.114693,0,5.998633,-0.0002920,-0.0017516
3556.116458,0,5.998633,-0.0000820,-0.0004919
3556.118218,0,5.999805,-0.0002080,-0.0012480
3556.119977,0,6.000781,-0.0005200,-0.0031204
3556.121734,0,5.998047,-0.0002080,-0.0012476
3556.123493,0,6.001953,-0.0000400,-0.0002401
3556.125252,0,6.000586,0.0001240,0.0007441
3556.127009,0,5.997461,-0.0001240,-0.0007437
3556.127261,0,5.997461,-0.0001240,-0.0007437
3556.128319,0,6.000000,-0.0002280,-0.0013680
3556.129377,0,5.997852,-0.0000200,-0.0001200
3556.130492,0,5.996289,-0.0001660,-0.0009954
3556.131550,0,6.000000,-0.0000200,-0.0001200
3556.132608,0,5.999609,-0.0002280,-0.0013679
3556.133725,0,5.998047,0.0001460,0.0008757
3556.134783,0,5.997266,-0.0000820,-0.0004918
3556.135898,0,5.998828,-0.0002080,-0.0012478
3556.136956,0,6.001172,0.0001660,0.0009962
3556.138014,0,5.998047,-0.0003540,-0.0021233
3556.139129,0,5.996484,-0.0000620,-0.0003718
3556.140187,0,5.995898,-0.0003960,-0.0023744
3556.141245,0,5.996484,-0.0000620,-0.0003718
3556.142360,0,5.997461,-0.0001860,-0.0011155
3556.143419,0,5.996289,-0.0001460,-0.0008755
3556.144535,0,5.997656,-0.0003540,-0.0021232
3556.145592,0,6.002930,0.0000400,0.0002401
3556.146650,0,5.999609,-0.0003960,-0.0023758
3556.147766,0,6.001563,0.0000400,0.0002401
3556.148823,0,6.000391,-0.0000400,-0.0002400
3556.149939,0,5.996875,0.0001040,0.0006237
3556.150996,0,5.998242,0.0003540,0.0021234
3556.152054,0,5.996094,-0.0002500,-0.0014990
3556.153172,0,5.998242,-0.0002700,-0.0016195
3556.154231,0,6.002344,-0.0001660,-0.0009964
3556.155289,0,5.996875,0.0001660,0.0009955
3556.156405,0,5.996680,0.0002500,0.0014992
3556.157463,0,5.999609,-0.0003740,-0.0022439
3556.158578,0,6.000000,-0.0000200,-0.0001200
3556.159636,0,5.995313,-0.0000620,-0.0003717
3556.160694,0,5.996680,-0.0000620,-0.0003718
3556.161809,0,5.995703,-0.0001660,-0.0009953
3556.162869,0,5.999805,-0.0001240,-0.0007440
3556.163928,0,5.995898,0.0001240,0.0007435
3556.165043,0,5.996289,-0.0002500,-0.0014991
3556.166101,0,5.998047,0.0000620,0.0003719
3556.167216,0,5.998633,-0.0001240,-0.0007438
3556.168274,0,5.996484,-0.0000620,-0.0003718
3556.169332,0,5.997656,-0.0004380,-0.0026270
3556.170447,0,6.000195,-0.0000820,-0.0004920
3556.171505,0,5.994922,0.0000200,0.0001199
3556.172563,0,6.000000,-0.0000400,-0.0002400
3556.173679,0,6.000000,-0.0003740,-0.0022440
3556.174737,0,5.998047,0.0000000,0.0000000
3556.175852,0,6.001367,0.0003320,0.0019925
3556.176910,0,5.996680,-0.0004380,-0.0026265
3556.177968,0,5.997266,0.0000400,0.0002399
3556.179083,0,6.000977,-0.0005200,-0.0031205
3556.180141,0,6.000781,-0.0001860,-0.0011161
3556.181257,0,5.999609,0.0000620,0.0003720
3556.182314,0,5.996680,-0.0002080,-0.0012473
3556.183372,0,5.997656,0.0002700,0.0016194
3556.184488,0,6.001953,-0.0001040,-0.0006242
3556.185545,0,5.998047,-0.0001460,-0.0008757
3556.186603,0,5.998828,0.0001860,0.0011158
3556.187718,0,5.996875,-0.0000820,-0.0004917
3556.188776,0,5.998828,-0.0000620,-0.0003719
3556.189892,0,5.997852,0.0000400,0.0002399
3556.190949,0,5.998242,0.0002080,0.0012476
3556.192007,0,5.999023,-0.0001040,-0.0006239
3556.193125,0,6.000977,0.0000200,0.0001200
3556.194183,0,5.998047,0.0001040,0.0006238
3556.195241,0,5.996680,-0.0003740,-0.0022428
3556.196356,0,5.995898,-0.0000820,-0.0004917
3556.197414,0,6.001953,0.0003120,0.0018726
3556.198530,0,5.999023,-0.0003740,-0.0022436
3556.199588,0,5.999023,0.0001460,0.0008759
3556.200645,0,5.997852,-0.0001860,-0.0011156
3556.201761,0,6.000391,-0.0000620,-0.0003720
3556.202819,0,6.000195,-0.0002700,-0.0016201
3556.203877,0,5.996680,-0.0001460,-0.0008755
3556.204993,0,6.000781,-0.0001040,-0.0006241
3556.206051,0,5.996680,0.0001860,0.0011154
3556.207166,0,5.997461,-0.0001660,-0.0009956
3556.208224,0,5.995898,0.0002500,0.0014990
3556.209282,0,6.000000,-0.0000620,-0.0003720
3556.210397,0,6.000195,0.0001660,0.0009960
3556.211455,0,6.000391,0.0001040,0.0006240
3556.212570,0,5.997656,-0.0000400,-0.0002399
3556.213628,0,5.998438,-0.0001240,-0.0007438
3556.214686,0,5.997852,0.0009800,0.0058779
3556.215801,0,6.001953,0.0003540,0.0021247
3556.216859,0,5.995117,-0.0000820,-0.0004916
3556.217917,0,5.999023,-0.0001660,-0.0009958
3556.219032,0,5.999414,-0.0000400,-0.0002400
3556.220090,0,5.998633,0.0002700,0.0016196
3556.221205,0,5.998242,0.0000000,0.0000000
3556.222263,0,6.002344,0.0005420,0.0032533
3556.223322,0,5.995898,-0.0001240,-0.0007435
3556.224438,0,5.997852,0.0002700,0.0016194
3556.225496,0,5.998047,0.0002700,0.0016195
3556.226611,0,5.998828,0.0000820,0.0004919
3556.227669,0,6.003516,-0.0001860,-0.0011167
3556.228727,0,5.997266,0.0004780,0.0028667
3556.229842,0,5.997852,0.0001040,0.0006238
3556.230900,0,5.996875,-0.0000400,-0.0002399
3556.231958,0,5.999805,-0.0000820,-0.0004920
3556.233073,0,5.999023,0.0001860,0.0011158
3556.234132,0,5.998438,-0.0001860,-0.0011157
3556.235247,0,5.995508,0.0002920,0.0017507
3556.236305,0,6.002539,-0.0002920,-0.0017527
3556.237363,0,6.000000,0.0001460,0.0008760
3556.238478,0,5.997852,-0.0001660,-0.0009956
3556.239535,0,5.999414,-0.0001860,-0.0011159
3556.240651,0,6.001563,-0.0002280,-0.0013684
3556.241709,0,5.999609,0.0002080,0.0012479
3556.242767,0,5.998047,-0.0000400,-0.0002399
3556.243883,0,5.998828,0.0000620,0.0003719
3556.244941,0,5.997852,-0.0002280,-0.0013675
3556.245998,0,5.997266,-0.0002700,-0.0016193
3556.247114,0,5.996875,-0.0000620,-0.0003718
3556.248172,0,5.997070,-0.0000620,-0.0003718
3556.249287,0,5.999414,0.0003120,0.0018718
3556.250345,0,5.998633,0.0000820,0.0004919
3556.251403,0,5.996484,-0.0001460,-0.0008755
3556.252518,0,5.998047,0.0000820,0.0004918
3556.253579,0,5.999609,-0.0002280,-0.0013679
3556.254637,0,5.998242,-0.0001860,-0.0011157
3556.255753,0,5.996875,-0.0001460,-0.0008755
3556.256811,0,5.996680,0.0001860,0.0011154
3556.257926,0,5.997852,0.0000400,0.0002399
3556.258984,0,5.997070,-0.0003540,-0.0021230
3556.260041,0,5.997852,-0.0000200,-0.0001200
3556.261157,0,5.997070,0.0002080,0.0012474
3556.262214,0,5.999219,-0.0000620,-0.0003720
3556.263273,0,5.996875,-0.0000200,-0.0001199
3556.264389,0,5.997852,0.0000820,0.0004918
3556.265447,0,5.999023,-0.0000400,-0.0002400
3556.266562,0,5.999023,-0.0000820,-0.0004919
3556.267620,0,6.000586,-0.0001040,-0.0006241
3556.268678,0,6.000000,0.0000820,0.0004920
3556.269793,0,6.001172,-0.0000820,-0.0004921
3556.270851,0,6.002148,-0.0002500,-0.0015005
3556.271966,0,6.002148,-0.0003320,-0.0019927
3556.273024,0,5.998633,-0.0004780,-0.0028673
3556.274082,0,5.996680,0.0000000,0.0000000
3556.275198,0,6.000195,-0.0005200,-0.0031201
3556.276255,0,5.997852,0.0001040,0.0006238
3556.277313,0,6.000195,-0.0002500,-0.0015000
3556.278429,0,6.001367,-0.0004380,-0.0026286
3556.279486,0,6.000391,-0.0001660,-0.0009961
3556.280602,0,5.999414,-0.0001040,-0.0006239
3556.281659,0,6.001172,-0.0000620,-0.0003721
3556.282717,0,5.998047,0.0001460,0.0008757
3556.283835,0,5.997656,-0.0002700,-0.0016194
3556.284894,0,5.999023,0.0003740,0.0022436
3556.285952,0,5.998242,-0.0003320,-0.0019914
3556.287067,0,5.994922,-0.0003320,-0.0019903
3556.288125,0,5.998047,-0.0001460,-0.0008757
3556.289240,0,5.996484,-0.0000400,-0.0002399
3556.290298,0,5.999805,-0.0002080,-0.0012480
3556.291356,0,5.997852,-0.0001860,-0.0011156
3556.292471,0,5.998438,0.0001040,0.0006238
3556.293530,0,6.001563,-0.0000400,-0.0002401
3556.294589,0,6.000781,0.0000820,0.0004921
3556.295704,0,5.998828,-0.0000200,-0.0001200
3556.296762,0,5.998438,0.0001240,0.0007438
3556.297878,0,5.999805,-0.0000400,-0.0002400
3556.298936,0,5.998438,0.0002920,0.0017515
3556.300051,0,5.996680,-0.0001040,-0.0006237
3556.301109,0,5.998438,-0.0003540,-0.0021234
3556.302166,0,5.997852,-0.0000400,-0.0002399
3556.303282,0,5.999023,0.0003320,0.0019917
3556.304341,0,5.992773,-0.0000620,-0.0003716
3556.305399,0,5.995898,-0.0002280,-0.0013671
3556.306514,0,6.000391,0.0000400,0.0002400
3556.307572,0,5.998633,-0.0000820,-0.0004919
3556.308687,0,5.998438,-0.0001460,-0.0008758
3556.309745,0,5.997461,-0.0001660,-0.0009956
3556.310803,0,5.997461,0.0000620,0.0003718
3556.311918,0,5.996094,-0.0000820,-0.0004917
3556.312976,0,5.997266,0.0004160,0.0024949
3556.314093,0,6.000000,0.0002280,0.0013680
3556.315152,0,5.995508,0.0000400,0.0002398
3556.316210,0,5.999023,-0.0000620,-0.0003719
3556.317325,0,5.997852,-0.0001040,-0.0006238
3556.318383,0,5.998828,-0.0000620,-0.0003719
3556.319441,0,5.999414,0.0001040,0.0006239
3556.320556,0,6.001172,-0.0003320,-0.0019924
3556.321613,0,5.999219,0.0001240,0.0007439
3556.322729,0,5.998633,-0.0003540,-0.0021235
3556.323787,0,5.999609,-0.0000400,-0.0002400
3556.324846,0,5.996680,0.0002080,0.0012473
3556.325961,0,5.999414,-0.0001040,-0.0006239
3556.327019,0,6.001172,0.0000000,0.0000000
3556.328077,0,5.997656,-0.0001040,-0.0006238
3556.329192,0,5.997461,-0.0001040,-0.0006237
3556.330250,0,5.998242,-0.0001660,-0.0009957
3556.331366,0,5.998828,-0.0003120,-0.0018716
3556.332423,0,5.999023,0.0001460,0.0008759
3556.333481,0,6.000781,0.0000400,0.0002400
3556.334597,0,5.996484,0.0001660,0.0009954
3556.335655,0,5.996484,0.0000000,0.0000000
3556.336770,0,6.000586,-0.0000200,-0.0001200
3556.337828,0,5.999023,0.0002080,0.0012478
3556.338886,0,5.998828,0.0002920,0.0017517
3556.340001,0,5.999414,-0.0002080,-0.0012479
3556.341059,0,5.999414,-0.0000820,-0.0004920
3556.342117,0,5.998828,0.0001040,0.0006239
3556.343232,0,6.000977,-0.0004580,-0.0027484
3556.344289,0,5.995508,0.0000000,0.0000000
3556.345405,0,6.000000,0.0002280,0.0013680
3556.346463,0,5.994922,-0.0001460,-0.0008753
3556.347520,0,6.001953,-0.0000820,-0.0004922
3556.348636,0,5.998828,-0.0006040,-0.0036233
3556.349693,0,5.998242,0.0000200,0.0001200
3556.350809,0,5.999414,0.0001660,0.0009959
3556.351867,0,5.997070,-0.0002080,-0.0012474
3556.352924,0,5.998828,-0.0003740,-0.0022436
3556.354042,0,5.999414,-0.0003120,-0.0018718
3556.355100,0,5.998242,-0.0001240,-0.0007438
3556.356158,0,5.997852,-0.0000400,-0.0002399
3556.357274,0,5.997266,0.0000000,0.0000000
3556.358331,0,5.997461,-0.0000200,-0.0001199
3556.359447,0,5.996289,0.0000820,0.0004917
3556.360505,0,5.997266,-0.0005420,-0.0032505
3556.361562,0,5.998633,-0.0001460,-0.0008758
3556.362678,0,6.002930,0.0000620,0.0003722
3556.363736,0,5.999805,0.0001660,0.0009960
3556.364794,0,5.998633,-0.0000820,-0.0004919
3556.365910,0,5.998633,0.0002500,0.0014997
3556.366968,0,5.999609,0.0000000,0.0000000
3556.368083,0,5.999805,-0.0001040,-0.0006240
3556.369141,0,5.997852,-0.0001860,-0.0011156
3556.370199,0,5.996680,-0.0002080,-0.0012473
3556.371314,0,5.997656,-0.0000400,-0.0002399
3556.372372,0,5.998047,0.0002700,0.0016195
3556.373430,0,5.996484,-0.0000400,-0.0002399
3556.374545,0,6.001367,0.0003740,0.0022445
3556.375603,0,5.999023,-0.0000620,-0.0003719
3556.376718,0,5.998828,-0.0004160,-0.0024955
3556.377776,0,5.997656,-0.0001040,-0.0006238
3556.378834,0,6.001953,-0.0000400,-0.0002401
3556.379949,0,5.999219,0.0005620,0.0033716
3556.381007,0,5.999023,-0.0003120,-0.0018717
3556.382122,0,5.998633,-0.0004160,-0.0024954
3556.383180,0,5.999805,-0.0000400,-0.0002400
3556.384239,0,6.001172,0.0000000,0.0000000
3556.385356,0,5.997852,0.0001040,0.0006238
3556.386414,0,5.996875,0.0001660,0.0009955
3556.387471,0,6.000586,0.0000400,0.0002400
3556.388587,0,5.999219,-0.0000620,-0.0003720
3556.389644,0,5.998242,-0.0001240,-0.0007438
3556.390760,0,5.997852,-0.0002700,-0.0016194
3556.391818,0,5.998828,-0.0000400,-0.0002400
3556.392875,0,6.002539,0.0001240,0.0007443
3556.393992,0,5.999414,-0.0002280,-0.0013679
3556.395050,0,5.999609,-0.0000820,-0.0004920
3556.396108,0,5.998242,-0.0000400,-0.0002399
3556.397223,0,5.998828,-0.0003540,-0.0021236
3556.398281,0,5.996094,0.0000000,0.0000000
3556.399397,0,5.995898,-0.0000400,-0.0002398
3556.400454,0,5.998047,-0.0002080,-0.0012476
3556.401512,0,5.999805,-0.0001240,-0.0007440
3556.402628,0,5.995508,-0.0000200,-0.0001199
3556.403685,0,5.997852,-0.0001040,-0.0006238
3556.404801,0,5.995703,0.0001660,0.0009953
3556.405859,0,5.999609,-0.0001240,-0.0007440
3556.406916,0,6.000586,-0.0002280,-0.0013681
3556.408032,0,5.999219,0.0000620,0.0003720
3556.409089,0,6.001367,-0.0000820,-0.0004921
3556.410147,0,5.998438,-0.0001660,-0.0009957
3556.411263,0,5.999805,-0.0000400,-0.0002400
3556.412320,0,6.000586,-0.0001860,-0.0011161
3556.414728,0,5.998242,0.0005200,0.0031191
3556.416494,0,6.001563,-0.0001460,-0.0008762
3556.418252,0,5.998633,-0.0002080,-0.0012477
3556.420010,0,5.998828,-0.0002500,-0.0014997
3556.421767,0,5.996875,0.0001860,0.0011154
3556.423525,0,5.996875,-0.0001040,-0.0006237
3556.425282,0,5.998438,-0.0001860,-0.0011157
3556.427041,0,6.000000,0.0002080,0.0012480
3556.427466,0,5.998633,0.0002080,0.0012477
3556.428523,0,6.000977,-0.0002920,-0.0017523
3556.429639,0,5.996484,0.0002080,0.0012473
3556.430696,0,5.999414,-0.0002700,-0.0016198
3556.431754,0,6.000391,-0.0003120,-0.0018721
3556.432870,0,5.999023,0.0001240,0.0007439
3556.433928,0,5.996875,-0.0000200,-0.0001199
3556.434986,0,5.999805,0.0000620,0.0003720
3556.436101,0,6.000977,-0.0000400,-0.0002400
3556.437159,0,5.998633,-0.0002920,-0.0017516
3556.438274,0,5.998828,-0.0000620,-0.0003719
3556.439332,0,5.998438,-0.0001860,-0.0011157
3556.440390,0,5.999023,-0.0000200,-0.0001200
3556.441505,0,5.998828,-0.0004380,-0.0026275
3556.442563,0,5.997656,-0.0001860,-0.0011156
3556.443679,0,5.994727,0.0000820,0.0004916
3556.444738,0,5.999805,-0.0001040,-0.0006240
3556.445796,0,5.996875,-0.0000400,-0.0002399
3556.446912,0,5.996484,-0.0000820,-0.0004917
3556.447970,0,5.999414,-0.0000620,-0.0003720
3556.449027,0,5.999414,0.0001660,0.0009959
3556.450143,0,5.997656,-0.0003960,-0.0023751
3556.451200,0,5.999023,0.0000200,0.0001200
3556.452316,0,5.999219,0.0001040,0.0006239
3556.453374,0,6.000391,-0.0004580,-0.0027482
3556.454433,0,5.998047,0.0000820,0.0004918
3556.455549,0,5.998242,0.0001240,0.0007438
3556.456606,0,5.995508,-0.0001660,-0.0009953
3556.457664,0,5.998633,0.0002500,0.0014997
3556.458780,0,5.999609,-0.0003120,-0.0018719
3556.459837,0,5.997656,0.0001040,0.0006238
3556.460953,0,5.998828,-0.0001240,-0.0007439
3556.462010,0,5.998242,0.0001240,0.0007438
3556.463068,0,6.000195,-0.0002920,-0.0017521
3556.464183,0,5.998242,-0.0001040,-0.0006238
3556.465243,0,6.001758,-0.0000620,-0.0003721
3556.466300,0,5.999805,0.0002280,0.0013680
3556.467416,0,5.998828,0.0000000,0.0000000
3556.468474,0,5.996680,0.0003740,0.0022428
3556.469589,0,5.996875,0.0000400,0.0002399
3556.470646,0,5.996875,-0.0000820,-0.0004917
3556.471704,0,5.998438,0.0000400,0.0002399
3556.472820,0,5.997070,-0.0004160,-0.0024948
3556.473877,0,5.996680,0.0001040,0.0006237
3556.474995,0,6.001172,-0.0001460,-0.0008762
3556.476054,0,5.998828,0.0001460,0.0008758
3556.477112,0,5.999805,-0.0002280,-0.0013680
3556.478227,0,5.995117,-0.0001040,-0.0006235
3556.479285,0,5.997852,0.0001660,0.0009956
3556.480343,0,5.996680,-0.0003120,-0.0018710
3556.481458,0,5.997070,-0.0000620,-0.0003718
3556.482516,0,5.998828,0.0000620,0.0003719
3556.483632,0,5.999414,-0.0002500,-0.0014999
3556.484691,0,5.998242,-0.0003540,-0.0021234
3556.485749,0,5.996484,0.0000000,0.0000000
3556.486864,0,5.997070,-0.0002280,-0.0013673
3556.487922,0,5.999023,0.0000820,0.0004919
3556.488980,0,5.997266,-0.0003540,-0.0021230
3556.490095,0,5.995898,0.0051500,0.0308789
3556.491153,0,5.997656,0.0048800,0.0292686
3556.492269,0,5.999414,-0.0005420,-0.0032517
3556.493326,0,6.003906,0.0000200,0.0001201
3556.494384,0,5.998633,0.0002080,0.0012477
3556.495501,0,5.994531,0.0002080,0.0012469
3556.496558,0,5.998047,0.0003740,0.0022433
3556.497674,0,5.999219,-0.0002700,-0.0016198
3556.498732,0,5.999414,-0.0001860,-0.0011159
3556.499789,0,6.000000,-0.0002080,-0.0012480
3556.500905,0,5.997656,-0.0003540,-0.0021232
3556.501963,0,5.998828,0.0001860,0.0011158
3556.503020,0,6.000586,-0.0001860,-0.0011161
3556.504136,0,5.996680,-0.0000400,-0.0002399
3556.505193,0,6.001758,-0.0001240,-0.0007442
3556.506309,0,5.998438,-0.0002920,-0.0017515
3556.507367,0,5.998633,-0.0001240,-0.0007438
3556.508424,0,5.997852,-0.0000620,-0.0003719
3556.509540,0,5.999609,0.0001660,0.0009959
3556.510598,0,5.998438,-0.0001040,-0.0006238
3556.511713,0,6.001758,-0.0001240,-0.0007442
3556.512771,0,6.000000,-0.0001460,-0.0008760
3556.513828,0,5.997656,0.0001860,0.0011156
3556.514945,0,6.000586,0.0001240,0.0007441
3556.516004,0,5.996875,-0.0001460,-0.0008755
3556.517062,0,5.998047,-0.0004160,-0.0024952
3556.518177,0,6.002539,-0.0000820,-0.0004922
3556.519235,0,5.998438,-0.0002500,-0.0014996
3556.520350,0,6.001367,-0.0001660,-0.0009962
3556.521408,0,5.997852,-0.0000620,-0.0003719
3556.522466,0,5.995898,0.0000000,0.0000000
3556.523581,0,5.997656,0.0003120,0.0018713
3556.524639,0,5.994922,0.0002500,0.0014987
3556.525697,0,5.996875,-0.0002280,-0.0013673
3556.526813,0,5.998438,-0.0003960,-0.0023754
3556.527871,0,5.998828,-0.0001660,-0.0009958
3556.528986,0,6.001172,-0.0001240,-0.0007441
3556.530044,0,6.000391,0.0002280,0.0013681
3556.531101,0,5.999023,-0.0002500,-0.0014998
3556.532217,0,6.000586,-0.0001240,-0.0007441
3556.533275,0,5.996680,0.0000820,0.0004917
3556.534390,0,5.998828,0.0000200,0.0001200
3556.535448,0,6.000000,-0.0002500,-0.0015000
3556.536506,0,5.997656,-0.0002920,-0.0017513
3556.537621,0,5.997852,-0.0002920,-0.0017514
3556.538679,0,5.995898,-0.0001660,-0.0009953
3556.539737,0,6.000977,0.0000620,0.0003721
3556.540852,0,5.998828,-0.0002700,-0.0016197
3556.541910,0,5.999805,-0.0004160,-0.0024959
3556.543025,0,5.998438,0.0004580,0.0027473
3556.544083,0,5.996484,0.0000200,0.0001199
3556.545143,0,5.998242,-0.0004380,-0.0026272
3556.546259,0,5.998242,-0.0002080,-0.0012476
3556.547317,0,5.998047,-0.0003960,-0.0023752
3556.548374,0,6.002930,0.0001660,0.0009965
3556.549490,0,5.999023,0.0000000,0.0000000
3556.550547,0,5.996289,0.0000400,0.0002399
3556.551663,0,5.997852,-0.0000200,-0.0001200
3556.552721,0,6.000195,-0.0000820,-0.0004920
3556.553778,0,5.997656,-0.0002080,-0.0012475
3556.554894,0,6.000391,-0.0000400,-0.0002400
3556.555953,0,6.000781,0.0000200,0.0001200
3556.557068,0,5.996094,-0.0000620,-0.0003718
3556.558126,0,5.997266,0.0000200,0.0001199
3556.559184,0,6.001172,-0.0003120,-0.0018724
3556.560299,0,5.998828,0.0000000,0.0000000
3556.561356,0,5.999023,-0.0002700,-0.0016197
3556.562414,0,6.000977,-0.0000200,-0.0001200
3556.563530,0,5.998828,-0.0000820,-0.0004919
3556.564587,0,5.998242,-0.0003320,-0.0019914
3556.565704,0,6.000391,-0.0002500,-0.0015001
3556.566762,0,6.000781,-0.0004160,-0.0024963
3556.567819,0,5.999609,0.0000400,0.0002400
3556.568935,0,5.998828,0.0001240,0.0007439
3556.569993,0,5.997070,0.0000620,0.0003718
3556.571050,0,6.000391,0.0002280,0.0013681
3556.572166,0,5.999219,-0.0003740,-0.0022437
3556.573223,0,5.999805,-0.0001660,-0.0009960
3556.574339,0,5.999609,0.0002280,0.0013679
3556.575399,0,6.000391,-0.0001860,-0.0011161
3556.576458,0,5.999023,0.0000820,0.0004919
3556.577573,0,5.999414,-0.0002500,-0.0014999
3556.578631,0,5.998242,0.0001040,0.0006238
3556.579746,0,5.997461,0.0000000,0.0000000
3556.580804,0,6.000781,0.0000400,0.0002400
3556.581862,0,5.997461,0.0000820,0.0004918
3556.582977,0,5.997852,-0.0001240,-0.0007437
3556.584035,0,6.002148,-0.0003320,-0.0019927
3556.585093,0,5.998438,0.0005200,0.0031192
3556.586209,0,6.000586,-0.0005840,-0.0035043
3556.587267,0,5.997461,-0.0004780,-0.0028668
3556.588382,0,6.001563,-0.0001240,-0.0007442
3556.589440,0,5.997461,0.0002920,0.0017513
3556.590498,0,5.995117,0.0000000,0.0000000
3556.591613,0,5.998633,-0.0000620,-0.0003719
3556.592671,0,5.998828,-0.0000200,-0.0001200
3556.593729,0,5.998633,-0.0000200,-0.0001200
3556.594844,0,5.995313,-0.0002920,-0.0017506
3556.595902,0,5.998828,0.0001040,0.0006239
3556.597018,0,6.000977,-0.0003960,-0.0023764
3556.598075,0,6.000391,-0.0002920,-0.0017521
3556.599133,0,5.994922,0.0002080,0.0012469
3556.600248,0,5.996680,0.0000000,0.0000000
3556.601306,0,6.001172,0.0001860,0.0011162
3556.602422,0,5.999023,-0.0002700,-0.0016197
3556.603479,0,5.998047,0.0000200,0.0001200
3556.604537,0,5.999609,0.0000000,0.0000000
3556.605655,0,6.000586,0.0000400,0.0002400
3556.606713,0,6.002734,-0.0001460,-0.0008764
3556.607771,0,6.000977,0.0001040,0.0006241
3556.608887,0,6.001563,-0.0000400,-0.0002401
3556.609944,0,6.000586,0.0001040,0.0006241
3556.611060,0,5.995313,0.0001460,0.0008753
3556.612118,0,6.000195,0.0002920,0.0017521
3556.613175,0,5.997852,-0.0002700,-0.0016194
3556.614291,0,6.000586,0.0005620,0.0033723
3556.615350,0,5.998828,-0.0003540,-0.0021236
3556.616408,0,5.997656,-0.0001240,-0.0007437
3556.617523,0,5.993555,-0.0000400,-0.0002397
3556.618581,0,5.997070,-0.0002920,-0.0017511
3556.619697,0,5.998242,-0.0001660,-0.0009957
3556.620754,0,5.996484,-0.0000820,-0.0004917
3556.621812,0,5.998438,0.0002080,0.0012477
3556.622928,0,6.000391,-0.0000200,-0.0001200
3556.623985,0,6.000781,-0.0000820,-0.0004921
3556.625101,0,5.998438,-0.0001040,-0.0006238
3556.626159,0,5.999219,-0.0002080,-0.0012478
3556.627217,0,5.999219,0.0000820,0.0004919
3556.628333,0,5.999023,-0.0001240,-0.0007439
3556.629390,0,5.998828,0.0000820,0.0004919
3556.630448,0,5.998047,-0.0001040,-0.0006238
3556.631563,0,6.000586,-0.0001240,-0.0007441
3556.632621,0,6.000977,-0.0001460,-0.0008761
3556.633737,0,5.997852,0.0000820,0.0004918
3556.634794,0,6.000977,-0.0002280,-0.0013682
