t_s,current_A_mean,current_A_max,vbus_V_min
0,0.00003529,0.001505,6.3115
1,0.00002438,0.000791,6.3119
2,0.00002518,0.000999,6.3123
3,0.00003135,0.001505,6.3133
4,0.00001885,0.001729,6.3150
5,0.00003434,0.001187,6.3150
6,0.00003902,0.001885,6.3113
7,0.00003233,0.000775,6.3123
8,0.00003174,0.000947,6.3129
9,0.00002234,0.001145,6.3131
10,0.00002520,0.001749,6.3150
11,0.00002261,0.000863,6.3115
12,0.00002954,0.001333,6.3143
13,0.00002969,0.001041,6.3125
14,0.00002446,0.001113,6.3154
15,0.00002774,0.001687,6.3133
16,0.00003458,0.000613,6.3131
17,0.00002710,0.000843,6.3125
18,0.00001927,0.001233,6.3143
19,0.00003495,0.001573,6.3141
20,0.00003255,0.000963,6.3135
21,0.00002902,0.001139,6.3127
22,0.00002695,0.001369,6.3139
23,0.00002532,0.000639,6.3135
24,0.00001732,0.001171,6.3137
25,0.00001698,0.001609,6.3111
26,0.00003265,0.001493,6.3137
27,0.00002922,0.000739,6.3135
28,0.00002438,0.001217,6.3125
29,0.00002458,0.001761,6.3150
30,0.00002527,0.001229,6.3119
31,0.00002774,0.001713,6.3164
32,0.00002102,0.000937,6.3119
33,0.00001766,0.001323,6.3152
34,0.00004366,0.001577,6.3146
35,0.00002558,0.000999,6.3123
36,0.00002434,0.001275,6.3139
37,0.00002008,0.001031,6.3137
38,0.00002720,0.001073,6.3148
39,0.00002663,0.000911,6.3148
40,0.00002724,0.001233,6.3133
41,0.00002786,0.001337,6.3160
42,0.00003006,0.001213,6.3146
43,0.00003335,0.001693,6.3143
44,0.00003034,0.001755,6.3164
45,0.00002774,0.001515,6.3146
46,0.00003868,0.001229,6.3152
47,0.00002590,0.001329,6.3152
48,0.00002715,0.001249,6.3129
49,0.00003646,0.001411,6.3143
50,0.00003629,0.001441,6.3137
51,0.00003381,0.001749,6.3146
52,0.00002809,0.001229,6.3125
53,0.00002605,0.001155,6.3135
54,0.00003441,0.001749,6.3145
55,0.00002848,0.001207,6.3123
56,0.00002653,0.001155,6.3129
57,0.00002155,0.000885,6.3109
58,0.00002863,0.001051,6.3125
59,0.00001873,0.001219,6.3137
60,0.00001784,0.000889,6.3127
61,0.00003275,0.001373,6.3139
62,0.00002561,0.001375,6.3119
63,0.00002582,0.001233,6.3139
64,0.00002298,0.001103,6.3154
65,0.00003014,0.001157,6.3146
66,0.00003060,0.000817,6.3143
67,0.00002791,0.001551,6.3139
68,0.00004154,0.001525,6.3146
69,0.00002080,0.000759,6.3131
70,0.00002181,0.001051,6.3152
71,0.00002851,0.000953,6.3143
72,0.00002608,0.001583,6.3121
73,0.00002278,0.001259,6.3141
74,0.00002345,0.000593,6.3129
75,0.00002105,0.000737,6.3133
76,0.00003614,0.001415,6.3156
77,0.00003808,0.001619,6.3148
78,0.00002562,0.001055,6.3131
79,0.00002596,0.001323,6.3143
80,0.00003275,0.001891,6.3164
81,0.00002303,0.000843,6.3131
82,0.00003080,0.001201,6.3137
83,0.00002792,0.001071,6.3137
84,0.00001342,0.001009,6.3129
85,0.00002574,0.001597,6.3156
86,0.00003090,0.001577,6.3156
87,0.00002787,0.001239,6.3150
88,0.00002445,0.000895,6.3139
89,0.00002824,0.001207,6.3137
90,0.00002648,0.001703,6.3158
91,0.00002270,0.001521,6.3152
92,0.00002752,0.001245,6.3145
93,0.00002201,0.001291,6.3146
94,0.00002814,0.000847,6.3141
95,0.00003380,0.001485,6.3152
96,0.00003991,0.001849,6.3150
97,0.00003166,0.001197,6.3146
98,0.00002834,0.000889,6.3141
99,0.00003071,0.001483,6.3145
100,0.00002092,0.000805,6.3131
101,0.00003227,0.001567,6.3139
102,0.00002224,0.001255,6.3137
103,0.00003851,0.001469,6.3139
104,0.00002480,0.000993,6.3137
105,0.00003303,0.001813,6.3158
106,0.00002841,0.001363,6.3150
107,0.00003214,0.001567,6.3152
108,0.00003710,0.001635,6.3150
109,0.00002255,0.000769,6.3139
110,0.00003621,0.001281,6.3150
111,0.00003073,0.001213,6.3141
112,0.00003344,0.001123,6.3137
113,0.00002103,0.001229,6.3152
114,0.00004451,0.001271,6.3152
115,0.00002900,0.001035,6.3148
116,0.00001713,0.001009,6.3131
117,0.00001596,0.001135,6.3129
118,0.00003895,0.001781,6.3154
119,0.00003295,0.001333,6.3146
120,0.00001344,0.001323,6.3141
121,0.00002861,0.001347,6.3145
122,0.00002614,0.001359,6.3146
123,0.00003159,0.001233,6.3141
124,0.00003166,0.001583,6.3141
125,0.00003525,0.000659,6.3152
126,0.00002283,0.001337,6.3145
127,0.00003018,0.001895,6.3156
128,0.00001962,0.000927,6.3129
129,0.00003118,0.001667,6.3150
130,0.00002658,0.000811,6.3137
131,0.00003991,0.001353,6.3143
132,0.00003621,0.001729,6.3158
133,0.00002487,0.001389,6.3150
134,0.00003676,0.002313,6.3145
135,0.00002426,0.001347,6.3137
136,0.00003592,0.001275,6.3145
137,0.00002619,0.001369,6.3139
138,0.00004132,0.001801,6.3139
139,0.00001750,0.000613,6.3135
140,0.00001355,0.001087,6.3160
141,0.00004288,0.001485,6.3170
142,0.00003293,0.001863,6.3150
143,0.00003381,0.001895,6.3137
144,0.00003083,0.001347,6.3145
145,0.00002675,0.001323,6.3145
146,0.00003201,0.001803,6.3129
147,0.00003579,0.001457,6.3146
148,0.00002383,0.000963,6.3129
149,0.00003221,0.001807,6.3170
150,0.00002245,0.001389,6.3154
151,0.00004130,0.001625,6.3154
152,0.00002329,0.000821,6.3139
153,0.00002140,0.001385,6.3146
154,0.00002639,0.000623,6.3131
155,0.00001682,0.000451,6.3176
156,0.00002102,0.000817,6.3137
157,0.00003068,0.001349,6.3145
158,0.00002187,0.001291,6.3137
159,0.00002608,0.001171,6.3133
160,0.00003524,0.001123,6.3141
161,0.00003445,0.001577,6.3146
162,0.00002860,0.001259,6.3139
163,0.00003456,0.001401,6.3146
164,0.00002764,0.001141,6.3158
165,0.00002858,0.001301,6.3145
166,0.00003359,0.001375,6.3145
167,0.00003834,0.000801,6.3141
168,0.00003100,0.001031,6.3143
169,0.00002555,0.001477,6.3174
170,0.00003211,0.001233,6.3139
171,0.00003413,0.001275,6.3141
172,0.00003920,0.001521,6.3158
173,0.00002961,0.000915,6.3139
174,0.00003431,0.001067,6.3148
175,0.00003093,0.001343,6.3148
176,0.00001902,0.001217,6.3131
177,0.00002861,0.000963,6.3125
178,0.00002980,0.001213,6.3135
179,0.00003446,0.001023,6.3117
180,0.00002362,0.001201,6.3141
181,0.00003461,0.001123,6.3150
182,0.00002631,0.001535,6.3162
183,0.00002239,0.001437,6.3139
184,0.00002912,0.001443,6.3156
185,0.00003683,0.001259,6.3145
186,0.00002629,0.000859,6.3148
187,0.00003888,0.001249,6.3162
188,0.00002038,0.000879,6.3146
189,0.00002791,0.000791,6.3137
190,0.00004505,0.001879,6.3160
191,0.00002655,0.001525,6.3156
192,0.00003700,0.001161,6.3135
193,0.00002043,0.000723,6.3127
194,0.00002750,0.001411,6.3143
195,0.00001680,0.001229,6.3148
196,0.00003741,0.000869,6.3145
197,0.00003786,0.001469,6.3143
198,0.00002537,0.001489,6.3152
199,0.00003708,0.001427,6.3152
200,0.00002816,0.001551,6.3121
201,0.00003661,0.002063,6.3160
202,0.00003508,0.001245,6.3141
203,0.00002599,0.001813,6.3121
204,0.00003297,0.001301,6.3137
205,0.00002903,0.001463,6.3170
206,0.00002873,0.001499,6.3150
207,0.00003298,0.000609,6.3139
208,0.00003395,0.001463,6.3162
209,0.00004552,0.001379,6.3158
210,0.00002399,0.001141,6.3143
211,0.00003329,0.001437,6.3148
212,0.00002757,0.001343,6.3148
213,0.00002110,0.000817,6.3139
214,0.00003102,0.000993,6.3162
215,0.00003095,0.001181,6.3145
216,0.00002260,0.001177,6.3145
217,0.00002446,0.000571,6.3137
218,0.00003796,0.001671,6.3158
219,0.00003390,0.001609,6.3146
220,0.00002492,0.001101,6.3127
221,0.00002957,0.001119,6.3164
222,0.00002577,0.001269,6.3168
223,0.00003293,0.001077,6.3133
224,0.00001579,0.000687,6.3145
225,0.00003397,0.001217,6.3148
226,0.00002411,0.000603,6.3148
227,0.00003055,0.001307,6.3143
228,0.00004298,0.001531,6.3123
229,0.00003929,0.001281,6.3148
230,0.00002616,0.000837,6.3143
231,0.00003875,0.000791,6.3137
232,0.00003194,0.000795,6.3139
233,0.00003310,0.001363,6.3156
234,0.00003718,0.000993,6.3145
235,0.00002584,0.000951,6.3135
236,0.00003093,0.001463,6.3166
237,0.00003149,0.001457,6.3150
238,0.00003550,0.001865,6.3127
239,0.00001861,0.000583,6.3143
240,0.00002818,0.000957,6.3125
241,0.00001865,0.001201,6.3143
242,0.00004816,0.001359,6.3135
243,0.00003236,0.001301,6.3154
244,0.00002897,0.001087,6.3141
245,0.00003056,0.000665,6.3129
246,0.00003206,0.001649,6.3146
247,0.00003525,0.001359,6.3139
248,0.00002861,0.001415,6.3141
249,0.00004003,0.000977,6.3150
250,0.00003226,0.000909,6.3143
251,0.00002954,0.001107,6.3145
252,0.00002623,0.001353,6.3148
253,0.00002001,0.001099,6.3137
254,0.00002495,0.001307,6.3150
255,0.00001669,0.001191,6.3145
256,0.00003739,0.001745,6.3152
257,0.00003971,0.001531,6.3146
258,0.00003811,0.001275,6.3166
259,0.00004258,0.001181,6.3166
260,0.00003303,0.001469,6.3154
261,0.00003051,0.001395,6.3168
262,0.00003520,0.001521,6.3168
263,0.00002645,0.000983,6.3127
264,0.00003500,0.001123,6.3145
265,0.00002656,0.001603,6.3145
266,0.00003693,0.001129,6.3148
267,0.00003995,0.001625,6.3145
268,0.00002426,0.001479,6.3133
269,0.00004992,0.001255,6.3145
270,0.00002937,0.001171,6.3143
271,0.00002935,0.001103,6.3156
272,0.00002698,0.000759,6.3150
273,0.00002412,0.001197,6.3160
274,0.00002682,0.000983,6.3146
275,0.00004745,0.001505,6.3168
276,0.00003705,0.000911,6.3146
277,0.00003039,0.001823,6.3162
278,0.00003397,0.001171,6.3162
279,0.00003729,0.001709,6.3166
280,0.00003572,0.001599,6.3154
281,0.00003745,0.001791,6.3160
282,0.00003829,0.001587,6.3166
283,0.00003218,0.000947,6.3139
284,0.00002777,0.000931,6.3143
285,0.00003671,0.000869,6.3152
286,0.00002949,0.001395,6.3152
287,0.00004850,0.000973,6.3127
288,0.00003290,0.001509,6.3148
289,0.00003174,0.000873,6.3137
290,0.00002463,0.001051,6.3137
291,0.00003095,0.001009,6.3146
292,0.00002966,0.001489,6.3162
293,0.00003478,0.000935,6.3137
294,0.00003372,0.001271,6.3162
295,0.00002882,0.001071,6.3145
296,0.00003547,0.001145,6.3152
297,0.00003166,0.001557,6.3145
298,0.00003549,0.001605,6.3158
299,0.00003088,0.001161,6.3152
300,0.00003224,0.001191,6.3160
301,0.00003167,0.001359,6.3154
302,0.00003545,0.000951,6.3141
303,0.00003888,0.000729,6.3135
304,0.00001942,0.001555,6.3158
305,0.00004374,0.000989,6.3137
306,0.00003421,0.001025,6.3141
307,0.00002855,0.001265,6.3166
308,0.00003482,0.001109,6.3166
309,0.00003002,0.001375,6.3148
310,0.00004063,0.001687,6.3152
311,0.00002984,0.001149,6.3152
312,0.00003162,0.001327,6.3152
313,0.00004594,0.001291,6.3154
314,0.00003043,0.001129,6.3146
315,0.00003836,0.000993,6.3141
316,0.00003436,0.000869,6.3135
317,0.00002218,0.001619,6.3160
318,0.00002959,0.000925,6.3148
319,0.00003476,0.001823,6.3170
320,0.00003150,0.001749,6.3160
321,0.00002802,0.001161,6.3146
322,0.00002920,0.000983,6.3148
323,0.00003391,0.000707,6.3150
324,0.00002907,0.001427,6.3156
325,0.00003898,0.001619,6.3160
326,0.00003540,0.001499,6.3158
327,0.00003647,0.000857,6.3133
328,0.00003307,0.001307,6.3148
329,0.00002821,0.001353,6.3141
330,0.00002236,0.001291,6.3146
331,0.00003836,0.001467,6.3158
332,0.00003209,0.001259,6.3154
333,0.00003505,0.001239,6.3143
334,0.00002734,0.001411,6.3156
335,0.00002870,0.000931,6.3135
336,0.00001759,0.001087,6.3152
337,0.00003887,0.001323,6.3148
338,0.00004065,0.001499,6.3152
339,0.00003124,0.000983,6.3129
340,0.00003092,0.001619,6.3145
341,0.00003369,0.001099,6.3160
342,0.00002767,0.001035,6.3145
343,0.00002169,0.001149,6.3143
344,0.00003626,0.001561,6.3148
345,0.00002663,0.001253,6.3148
346,0.00004095,0.001681,6.3160
347,0.00002680,0.001019,6.3129
348,0.00003051,0.000665,6.3131
349,0.00002949,0.001447,6.3162
350,0.00003564,0.001671,6.3164
351,0.00002697,0.001665,6.3148
352,0.00002981,0.001097,6.3146
353,0.00002913,0.000817,6.3129
354,0.00003749,0.001891,6.3164
355,0.00003873,0.001437,6.3154
356,0.00002327,0.001093,6.3139
357,0.00002927,0.001347,6.3148
358,0.00002596,0.001347,6.3152
359,0.00004167,0.001869,6.3150
360,0.00004149,0.001563,6.3170
361,0.00003460,0.001217,6.3158
362,0.00001991,0.001191,6.3141
363,0.00002166,0.000999,6.3139
364,0.00003555,0.001243,6.3152
365,0.00002488,0.001223,6.3148
366,0.00003127,0.001307,6.3148
367,0.00003310,0.001109,6.3137
368,0.00004626,0.001775,6.3156
369,0.00003195,0.001275,6.3160
370,0.00003969,0.000921,6.3150
371,0.00002940,0.001781,6.3150
372,0.00002273,0.000285,6.3184
373,0.00003201,0.001253,6.3166
374,0.00003105,0.001301,6.3164
375,0.00003464,0.000925,6.3152
376,0.00003271,0.001155,6.3160
377,0.00002646,0.001317,6.3148
378,0.00003110,0.001619,6.3145
379,0.00003550,0.001707,6.3164
380,0.00004192,0.001499,6.3154
381,0.00004098,0.000805,6.3150
382,0.00002987,0.001765,6.3150
383,0.00003471,0.001287,6.3158
384,0.00003545,0.001453,6.3160
385,0.00004139,0.002135,6.3152
386,0.00003503,0.001269,6.3150
387,0.00002929,0.001353,6.3148
388,0.00002208,0.000739,6.3137
389,0.00003381,0.001035,6.3148
390,0.00004592,0.001437,6.3152
391,0.00003288,0.001529,6.3146
392,0.00004480,0.001469,6.3160
393,0.00004880,0.001219,6.3172
394,0.00002892,0.001249,6.3141
395,0.00002913,0.001229,6.3154
396,0.00003046,0.001483,6.3143
397,0.00003120,0.000967,6.3137
398,0.00002217,0.001029,6.3150
399,0.00004155,0.000979,6.3154
400,0.00003006,0.000843,6.3123
401,0.00004419,0.001207,6.3141
402,0.00002550,0.001635,6.3168
403,0.00002750,0.001859,6.3154
404,0.00003112,0.001447,6.3162
405,0.00003675,0.001151,6.3154
406,0.00002955,0.001275,6.3131
407,0.00004297,0.001233,6.3146
408,0.00003152,0.001467,6.3145
409,0.00004387,0.001353,6.3158
410,0.00002929,0.001337,6.3158
411,0.00002361,0.000713,6.3154
412,0.00002905,0.001233,6.3170
413,0.00003987,0.001269,6.3162
414,0.00003518,0.000789,6.3146
415,0.00003623,0.000967,6.3141
416,0.00003231,0.001019,6.3148
417,0.00002954,0.001253,6.3162
418,0.00002737,0.001181,6.3152
419,0.00003285,0.001479,6.3135
420,0.00003287,0.001907,6.3166
421,0.00003414,0.001083,6.3148
422,0.00003973,0.001531,6.3170
423,0.00003322,0.001609,6.3152
424,0.00002376,0.001187,6.3139
425,0.00003574,0.001099,6.3164
426,0.00003120,0.001285,6.3141
427,0.00002243,0.000901,6.3172
428,0.00004025,0.001661,6.3160
429,0.00002809,0.000509,6.3141
430,0.00003769,0.001213,6.3158
431,0.00002986,0.001233,6.3137
432,0.00002266,0.000971,6.3141
433,0.00003478,0.001389,6.3180
434,0.00001898,0.001401,6.3156
435,0.00004159,0.001483,6.3154
436,0.00003411,0.001735,6.3170
437,0.00002782,0.001191,6.3160
438,0.00003455,0.001061,6.3143
439,0.00002957,0.001077,6.3141
440,0.00002853,0.001421,6.3152
441,0.00002460,0.001125,6.3158
442,0.00003987,0.001541,6.3143
443,0.00003829,0.001463,6.3174
444,0.00003241,0.001745,6.3162
445,0.00003429,0.000749,6.3125
446,0.00003168,0.001613,6.3156
447,0.00002500,0.001047,6.3160
448,0.00003512,0.000743,6.3158
449,0.00003149,0.001009,6.3168
450,0.00003880,0.001603,6.3168
451,0.00002806,0.001535,6.3174
452,0.00003446,0.001005,6.3152
453,0.00002784,0.001453,6.3164
454,0.00003261,0.001171,6.3156
455,0.00003804,0.001671,6.3164
456,0.00003485,0.001391,6.3150
457,0.00002740,0.001269,6.3152
458,0.00003105,0.001359,6.3148
459,0.00003856,0.001781,6.3158
460,0.00003355,0.001639,6.3145
461,0.00002050,0.000833,6.3158
462,0.00002759,0.001295,6.3156
463,0.00003229,0.001249,6.3154
464,0.00002651,0.001223,6.3152
465,0.00002665,0.001217,6.3156
466,0.00002772,0.001427,6.3152
467,0.00003029,0.001561,6.3164
468,0.00003439,0.001347,6.3164
469,0.00003611,0.001083,6.3148
470,0.00003025,0.000797,6.3146
471,0.00002394,0.001437,6.3170
472,0.00002364,0.000905,6.3137
473,0.00003403,0.000973,6.3127
474,0.00002873,0.000843,6.3148
475,0.00003646,0.001703,6.3162
476,0.00002959,0.000941,6.3141
477,0.00003021,0.000843,6.3150
478,0.00003834,0.001431,6.3156
479,0.00002191,0.000731,6.3146
480,0.00003866,0.001363,6.3154
481,0.00003283,0.001479,6.3150
482,0.00004092,0.001275,6.3152
483,0.00004241,0.000957,6.3150
484,0.00003140,0.001505,6.3148
485,0.00003922,0.001431,6.3164
486,0.00002604,0.001275,6.3154
487,0.00003520,0.000869,6.3152
488,0.00002573,0.000801,6.3123
489,0.00003214,0.001067,6.3137
490,0.00003381,0.001249,6.3150
491,0.00003739,0.001077,6.3150
492,0.00003492,0.001701,6.3164
493,0.00002633,0.000999,6.3141
494,0.00004069,0.001545,6.3133
495,0.00002875,0.000759,6.3137
496,0.00003853,0.001443,6.3158
497,0.00003458,0.001187,6.3170
498,0.00003397,0.001109,6.3168
499,0.00002339,0.001583,6.3150
500,0.00003700,0.000687,6.3146
501,0.00002949,0.001613,6.3164
502,0.00003176,0.000697,6.3150
503,0.00002934,0.001443,6.3162
504,0.00004366,0.001113,6.3158
505,0.00003070,0.000999,6.3145
506,0.00003978,0.001697,6.3158
507,0.00002265,0.000775,6.3148
508,0.00002927,0.000827,6.3146
509,0.00002697,0.001187,6.3141
510,0.00003863,0.001337,6.3146
511,0.00003698,0.001285,6.3162
512,0.00003476,0.001109,6.3164
513,0.00003097,0.001119,6.3146
514,0.00004458,0.001167,6.3150
515,0.00003611,0.001525,6.3160
516,0.00002890,0.001145,6.3152
517,0.00003581,0.001453,6.3150
518,0.00002669,0.001087,6.3143
519,0.00002789,0.001243,6.3160
520,0.00003275,0.000723,6.3152
521,0.00002671,0.001321,6.3150
522,0.00003224,0.001389,6.3154
523,0.00004036,0.001457,6.3148
524,0.00003037,0.001103,6.3145
525,0.00003134,0.001573,6.3174
526,0.00002982,0.000941,6.3143
527,0.00001529,0.001139,6.3143
528,0.00003149,0.001519,6.3154
529,0.00003883,0.001629,6.3156
530,0.00003744,0.001123,6.3143
531,0.00003083,0.000837,6.3133
532,0.00003392,0.000815,6.3156
533,0.00002776,0.001097,6.3152
534,0.00002310,0.001181,6.3156
535,0.00003313,0.001333,6.3162
536,0.00002347,0.001687,6.3178
537,0.00004273,0.001843,6.3176
538,0.00003687,0.001281,6.3139
539,0.00003287,0.001239,6.3162
540,0.00359110,0.328465,5.3398
541,0.08175019,0.115561,5.8914
542,0.04955561,0.115233,5.8744
543,0.00003329,0.000827,6.2771
544,0.00004826,0.001505,6.2949
545,0.00003334,0.001009,6.3016
546,0.00003285,0.001719,6.3053
547,0.00003853,0.001375,6.3064
548,0.00003456,0.001197,6.3066
549,0.00003172,0.001665,6.3090
550,0.00003680,0.001359,6.3082
551,0.00003344,0.001323,6.3096
552,0.00003248,0.001391,6.3102
553,0.00003245,0.000937,6.3104
554,0.00003505,0.001615,6.3104
555,0.00003342,0.000883,6.3090
556,0.00004839,0.001239,6.3107
557,0.00002549,0.001749,6.3127
558,0.00004041,0.001259,6.3131
559,0.00003500,0.001217,6.3123
560,0.00003500,0.001327,6.3119
561,0.00003418,0.001551,6.3119
562,0.00003858,0.001671,6.3133
563,0.00003934,0.001561,6.3131
564,0.00002772,0.000947,6.3125
565,0.00002554,0.000999,6.3119
566,0.00004380,0.001625,6.3133
567,0.00002628,0.001093,6.3123
568,0.00004445,0.001881,6.3113
569,0.00002828,0.001785,6.3125
570,0.00003502,0.001327,6.3135
571,0.00003875,0.001619,6.3141
572,0.00003351,0.001035,6.3121
573,0.00002725,0.000805,6.3129
574,0.00002379,0.001165,6.3121
575,0.00003476,0.001197,6.3131
576,0.00002389,0.000921,6.3125
577,0.00002399,0.000973,6.3133
578,0.00004068,0.001739,6.3152
579,0.00002767,0.000863,6.3123
580,0.00002824,0.000849,6.3125
581,0.00003392,0.001323,6.3137
582,0.00003557,0.001193,6.3148
583,0.00002883,0.001217,6.3146
584,0.00001347,0.000233,6.3164
585,0.00003113,0.001691,6.3156
586,0.00002967,0.001261,6.3156
587,0.00003614,0.000973,6.3143
588,0.00003340,0.001833,6.3141
589,0.00003285,0.001771,6.3148
590,0.00003180,0.001369,6.3143
591,0.00002836,0.000453,6.3145
592,0.00003228,0.001775,6.3154
593,0.00003038,0.001407,6.3133
594,0.00003218,0.000899,6.3131
595,0.00002557,0.001109,6.3143
596,0.00002064,0.000987,6.3135
597,0.00002907,0.001129,6.3152
598,0.00003110,0.001035,6.3156
599,0.00003618,0.001551,6.3148
600,0.00002413,0.000951,6.3141
601,0.00003798,0.001155,6.3152
602,0.00002819,0.000957,6.3137
603,0.00003376,0.001463,6.3145
604,0.00003549,0.001697,6.3158
605,0.00002100,0.000973,6.3148
606,0.00003651,0.000849,6.3135
607,0.00004329,0.001729,6.3166
608,0.00003693,0.000821,6.3133
609,0.00002636,0.001093,6.3143
610,0.00002992,0.001453,6.3158
611,0.00003476,0.001279,6.3133
612,0.00003409,0.001771,6.3162
613,0.00003149,0.001843,6.3160
614,0.00003727,0.001243,6.3152
615,0.00004043,0.001441,6.3152
616,0.00003581,0.000869,6.3145
617,0.00003021,0.001087,6.3152
618,0.00004322,0.000765,6.3146
619,0.00002646,0.001447,6.3150
620,0.00004149,0.001385,6.3145
621,0.00003502,0.000973,6.3146
622,0.00003039,0.000853,6.3133
623,0.00003345,0.001699,6.3170
624,0.00002814,0.001305,6.3156
625,0.00003527,0.001505,6.3164
626,0.00003650,0.000901,6.3141
627,0.00003396,0.000785,6.3145
628,0.00002971,0.001239,6.3156
629,0.00002939,0.001447,6.3154
630,0.00002924,0.001219,6.3146
631,0.00003808,0.001603,6.3160
632,0.00003176,0.001401,6.3146
633,0.00004347,0.001709,6.3168
634,0.00004645,0.001213,6.3146
635,0.00002700,0.001499,6.3166
636,0.00003061,0.001281,6.3154
637,0.00003508,0.000775,6.3146
638,0.00004421,0.001437,6.3162
639,0.00003258,0.001775,6.3160
640,0.00003594,0.000909,6.3143
641,0.00004060,0.000743,6.3150
642,0.00003404,0.001427,6.3160
643,0.00002742,0.000571,6.3135
644,0.00003618,0.001223,6.3141
645,0.00003184,0.001003,6.3139
646,0.00003851,0.001311,6.3168
647,0.00003088,0.000953,6.3176
648,0.00003312,0.001311,6.3156
649,0.00003207,0.001091,6.3150
650,0.00002665,0.001317,6.3150
651,0.00003436,0.001645,6.3162
652,0.00002967,0.001261,6.3164
653,0.00003446,0.001285,6.3166
654,0.00002750,0.001485,6.3170
655,0.00003873,0.001389,6.3166
656,0.00003769,0.001305,6.3154
657,0.00002725,0.001311,6.3164
658,0.00003955,0.001343,6.3156
659,0.00003614,0.001395,6.3160
660,0.00003102,0.001451,6.3158
661,0.00003002,0.001401,6.3172
662,0.00003996,0.001755,6.3166
663,0.00003908,0.001129,6.3166
664,0.00003676,0.001567,6.3160
665,0.00003453,0.001457,6.3162
666,0.00003458,0.000983,6.3150
667,0.00003269,0.001719,6.3170
668,0.00003023,0.001411,6.3154
669,0.00003350,0.000739,6.3158
670,0.00003890,0.001609,6.3168
671,0.00002940,0.001379,6.3160
672,0.00002997,0.001071,6.3154
673,0.00003081,0.001217,6.3174
674,0.00002692,0.000833,6.3156
675,0.00003722,0.000885,6.3152
676,0.00002907,0.001197,6.3168
677,0.00002865,0.001457,6.3168
678,0.00004359,0.001213,6.3162
679,0.00002598,0.001453,6.3162
680,0.00003603,0.001505,6.3180
681,0.00002986,0.001573,6.3162
682,0.00002439,0.001149,6.3158
683,0.00003576,0.001229,6.3158
684,0.00002920,0.000729,6.3143
685,0.00002288,0.001619,6.3170
686,0.00004103,0.001233,6.3160
687,0.00001870,0.000953,6.3150
688,0.00004076,0.000629,6.3148
689,0.00003656,0.000649,6.3158
690,0.00002853,0.000707,6.3145
691,0.00003303,0.000935,6.3158
692,0.00003989,0.001353,6.3174
693,0.00003915,0.000999,6.3160
694,0.00002992,0.001291,6.3160
695,0.00004431,0.001203,6.3154
696,0.00004408,0.001599,6.3172
697,0.00003569,0.001561,6.3170
698,0.00003660,0.001505,6.3162
699,0.00003470,0.001583,6.3164
700,0.00003952,0.001385,6.3158
701,0.00002043,0.001045,6.3152
702,0.00003606,0.001291,6.3166
703,0.00003129,0.001515,6.3174
704,0.00003031,0.001389,6.3166
705,0.00003860,0.001515,6.3182
706,0.00004250,0.001301,6.3186
707,0.00002271,0.001077,6.3152
708,0.00003680,0.000879,6.3148
709,0.00003864,0.001077,6.3160
710,0.00002549,0.001187,6.3164
711,0.00004838,0.001133,6.3154
712,0.00003977,0.001515,6.3168
713,0.00004122,0.001301,6.3164
714,0.00002209,0.001149,6.3168
715,0.00003773,0.001389,6.3174
716,0.00002897,0.001415,6.3154
717,0.00002920,0.000921,6.3143
718,0.00003969,0.000883,6.3160
719,0.00003782,0.001119,6.3154
720,0.00002772,0.001295,6.3172
721,0.00003880,0.001427,6.3170
722,0.00003705,0.000927,6.3156
723,0.00004103,0.000671,6.3152
724,0.00003386,0.001463,6.3164
725,0.00003456,0.001385,6.3174
726,0.00003860,0.001587,6.3168
727,0.00003349,0.000947,6.3146
728,0.00004243,0.001197,6.3154
729,0.00001493,0.000859,6.3154
730,0.00003019,0.000931,6.3164
731,0.00003164,0.001337,6.3164
732,0.00003206,0.001009,6.3152
733,0.00004415,0.001759,6.3160
734,0.00003307,0.001551,6.3158
735,0.00003720,0.001207,6.3172
736,0.00003239,0.001089,6.3174
737,0.00003073,0.000817,6.3156
738,0.00003710,0.001317,6.3158
739,0.00003246,0.001713,6.3182
740,0.00003339,0.001635,6.3174
741,0.00003855,0.001165,6.3158
742,0.00002397,0.001229,6.3152
743,0.00004428,0.001839,6.3182
744,0.00004278,0.001593,6.3168
745,0.00004156,0.001515,6.3180
746,0.00003675,0.001425,6.3158
747,0.00002962,0.000869,6.3146
748,0.00004043,0.001353,6.3180
749,0.00003287,0.000863,6.3172
750,0.00002779,0.001041,6.3162
751,0.00003719,0.001515,6.3172
752,0.00001922,0.001203,6.3168
753,0.00003043,0.000911,6.3162
754,0.00003552,0.001769,6.3172
755,0.00003737,0.001045,6.3176
756,0.00003080,0.000973,6.3158
757,0.00004203,0.001389,6.3166
758,0.00002261,0.002229,6.3158
759,0.00002597,0.000989,6.3150
760,0.00004234,0.001947,6.3189
761,0.00004137,0.001457,6.3176
762,0.00003181,0.001167,6.3166
763,0.00004624,0.001395,6.3178
764,0.00003939,0.001073,6.3172
765,0.00003868,0.001185,6.3166
766,0.00003392,0.001791,6.3180
767,0.00003130,0.001775,6.3180
768,0.00003166,0.000889,6.3145
769,0.00002403,0.001229,6.3174
770,0.00003280,0.001365,6.3180
771,0.00004710,0.001651,6.3178
772,0.00003631,0.001139,6.3166
773,0.00003024,0.001401,6.3152
774,0.00004043,0.001353,6.3178
775,0.00002834,0.001577,6.3172
776,0.00003424,0.001421,6.3164
777,0.00002836,0.000341,6.3187
778,0.00002611,0.001265,6.3187
779,0.00003103,0.001057,6.3176
780,0.00003419,0.001353,6.3166
781,0.00004081,0.001499,6.3166
782,0.00003213,0.001203,6.3162
783,0.00002873,0.000993,6.3166
784,0.00002967,0.000749,6.3154
785,0.00003534,0.001353,6.3154
786,0.00003915,0.001597,6.3168
787,0.00002500,0.001175,6.3166
788,0.00002308,0.000853,6.3182
789,0.00003387,0.001499,6.3168
790,0.00003806,0.001399,6.3174
791,0.00003169,0.001139,6.3180
792,0.00003544,0.001431,6.3168
793,0.00004503,0.001119,6.3187
794,0.00002495,0.001551,6.3180
795,0.00002957,0.001411,6.3162
796,0.00003098,0.001431,6.3166
797,0.00002866,0.000999,6.3156
798,0.00001567,0.001041,6.3166
799,0.00003595,0.001791,6.3172
800,0.00003586,0.001499,6.3166
801,0.00003512,0.001395,6.3162
802,0.00003740,0.001657,6.3180
803,0.00003347,0.001411,6.3170
804,0.00002976,0.001457,6.3166
805,0.00003841,0.001207,6.3168
806,0.00003392,0.001687,6.3170
807,0.00003298,0.001515,6.3162
808,0.00002829,0.001297,6.3168
809,0.00001766,0.000781,6.3152
810,0.00003801,0.001259,6.3174
811,0.00003664,0.001583,6.3174
812,0.00002082,0.001151,6.3166
813,0.00003140,0.001171,6.3174
814,0.00004234,0.001291,6.3170
815,0.00003713,0.001869,6.3182
816,0.00003139,0.001489,6.3166
817,0.00003517,0.001489,6.3162
818,0.00002907,0.001285,6.3176
819,0.00002907,0.001379,6.3180
820,0.00002517,0.001155,6.3182
821,0.00004744,0.001415,6.3176
822,0.00003234,0.001311,6.3137
823,0.00003200,0.001093,6.3170
824,0.00004636,0.001791,6.3180
825,0.00002893,0.000781,6.3154
826,0.00004167,0.001875,6.3186
827,0.00004085,0.001181,6.3154
828,0.00003199,0.001317,6.3166
829,0.00003210,0.001015,6.3164
830,0.00002646,0.001051,6.3172
831,0.00003678,0.001891,6.3184
832,0.00002589,0.000883,6.3164
833,0.00004024,0.001781,6.3184
834,0.00003591,0.001233,6.3162
835,0.00003597,0.001327,6.3184
836,0.00003036,0.001749,6.3184
837,0.00003507,0.001453,6.3180
838,0.00003666,0.001103,6.3182
839,0.00004522,0.000821,6.3172
840,0.00413149,0.192799,5.7131
841,0.08458273,0.115113,5.9035
842,0.04602992,0.115061,5.8891
843,0.00004214,0.001197,6.2797
844,0.00003527,0.000941,6.2943
845,0.00003026,0.000807,6.2996
846,0.00003332,0.001311,6.3037
847,0.00004334,0.001213,6.3045
848,0.00003685,0.001239,6.3053
849,0.00004433,0.001561,6.3072
850,0.00004048,0.001895,6.3063
851,0.00002986,0.000993,6.3094
852,0.00002737,0.001197,6.3084
853,0.00003139,0.000879,6.3076
854,0.00002231,0.000847,6.3084
855,0.00002838,0.000935,6.3086
856,0.00003224,0.001347,6.3100
857,0.00003729,0.001083,6.3127
858,0.00003767,0.001445,6.3117
859,0.00003369,0.001573,6.3098
860,0.00003024,0.001061,6.3102
861,0.00003004,0.001391,6.3123
862,0.00003162,0.001073,6.3127
863,0.00003967,0.001577,6.3129
864,0.00003475,0.000937,6.3102
865,0.00003222,0.001229,6.3115
866,0.00002833,0.001203,6.3127
867,0.00002883,0.000837,6.3115
868,0.00003498,0.001067,6.3119
869,0.00003050,0.000727,6.3111
870,0.00003829,0.001483,6.3129
871,0.00003451,0.001103,6.3117
872,0.00002806,0.000951,6.3139
873,0.00003429,0.001243,6.3125
874,0.00002335,0.001323,6.3135
875,0.00002445,0.001269,6.3123
876,0.00002734,0.000775,6.3111
877,0.00003622,0.001687,6.3125
878,0.00003991,0.001843,6.3133
879,0.00003834,0.000931,6.3137
880,0.00003482,0.000671,6.3121
881,0.00003303,0.001593,6.3135
882,0.00003229,0.001473,6.3131
883,0.00002988,0.001791,6.3137
884,0.00003167,0.000639,6.3117
885,0.00003618,0.001843,6.3137
886,0.00002692,0.001029,6.3119
887,0.00003547,0.001343,6.3131
888,0.00003197,0.000821,6.3111
889,0.00003449,0.001771,6.3141
890,0.00003231,0.001313,6.3141
891,0.00002130,0.001399,6.3141
892,0.00002972,0.001141,6.3131
893,0.00002813,0.001275,6.3129
894,0.00002797,0.000947,6.3125
895,0.00002246,0.001031,6.3123
896,0.00003482,0.001463,6.3143
897,0.00002824,0.001613,6.3127
898,0.00002651,0.001207,6.3133
899,0.00003036,0.001781,6.3141
900,0.00002500,0.001097,6.3129
901,0.00003795,0.001423,6.3137
902,0.00003725,0.001667,6.3143
903,0.00003228,0.001227,6.3133
904,0.00004019,0.001415,6.3121
905,0.00003117,0.000941,6.3145
906,0.00005013,0.001693,6.3146
907,0.00004219,0.001103,6.3154
908,0.00003954,0.001421,6.3158
909,0.00004076,0.000839,6.3127
910,0.00003115,0.001603,6.3148
911,0.00003115,0.000817,6.3129
912,0.00003342,0.001479,6.3135
913,0.00002647,0.001005,6.3119
914,0.00002796,0.001463,6.3139
915,0.00002927,0.002157,6.3127
916,0.00003330,0.001681,6.3139
917,0.00002888,0.001631,6.3154
918,0.00003004,0.000967,6.3131
919,0.00003315,0.001217,6.3127
920,0.00002579,0.001029,6.3127
921,0.00002833,0.001083,6.3158
922,0.00003680,0.001187,6.3145
923,0.00003359,0.001807,6.3152
924,0.00003120,0.001151,6.3148
925,0.00003486,0.001675,6.3148
926,0.00003260,0.001521,6.3145
927,0.00004335,0.001129,6.3139
928,0.00003218,0.001473,6.3148
929,0.00003829,0.001593,6.3148
930,0.00003186,0.001051,6.3131
931,0.00003385,0.001223,6.3146
932,0.00002870,0.001145,6.3135
933,0.00003979,0.001557,6.3139
934,0.00002754,0.001201,6.3137
935,0.00002809,0.001545,6.3133
936,0.00004673,0.001301,6.3131
937,0.00003242,0.001087,6.3148
938,0.00005288,0.001681,6.3148
939,0.00002913,0.000983,6.3129
940,0.00002761,0.001541,6.3139
941,0.00003302,0.001635,6.3146
942,0.00004529,0.001343,6.3141
943,0.00002210,0.001483,6.3148
944,0.00003552,0.001327,6.3145
945,0.00004626,0.001587,6.3160
946,0.00004290,0.001437,6.3137
947,0.00003211,0.000879,6.3133
948,0.00002912,0.001177,6.3145
949,0.00003480,0.000909,6.3121
950,0.00003929,0.000895,6.3131
951,0.00003493,0.001525,6.3156
952,0.00004043,0.001323,6.3150
953,0.00003466,0.001307,6.3152
954,0.00003237,0.001451,6.3141
955,0.00004216,0.001499,6.3158
956,0.00002932,0.001337,6.3141
957,0.00002066,0.001207,6.3154
958,0.00004917,0.001447,6.3145
959,0.00003278,0.001369,6.3160
960,0.00003663,0.001447,6.3143
961,0.00003958,0.001801,6.3154
962,0.00002939,0.001321,6.3141
963,0.00002161,0.001619,6.3129
964,0.00003614,0.001015,6.3135
965,0.00004078,0.001823,6.3152
966,0.00003883,0.001563,6.3150
967,0.00004929,0.001749,6.3148
968,0.00002792,0.001369,6.3146
969,0.00004355,0.001259,6.3160
970,0.00003043,0.001505,6.3145
971,0.00002629,0.001097,6.3141
972,0.00003780,0.001343,6.3160
973,0.00001406,0.001057,6.3135
974,0.00003229,0.001317,6.3146
975,0.00002882,0.001603,6.3146
976,0.00002633,0.001463,6.3160
977,0.00003655,0.001677,6.3156
978,0.00003369,0.001191,6.3146
979,0.00003213,0.001197,6.3154
980,0.00002577,0.000801,6.3133
981,0.00003154,0.001667,6.3148
982,0.00001801,0.001051,6.3152
983,0.00003285,0.001453,6.3154
984,0.00001468,0.000221,6.3170
985,0.00002082,0.001271,6.3156
986,0.00001925,0.001051,6.3139
987,0.00003744,0.001379,6.3145
988,0.00003574,0.000993,6.3135
989,0.00002685,0.000671,6.3135
990,0.00001976,0.000707,6.3127
991,0.00003569,0.000791,6.3145
992,0.00003651,0.001349,6.3164
993,0.00002997,0.001443,6.3158
994,0.00003713,0.001833,6.3160
995,0.00002231,0.001259,6.3168
996,0.00003753,0.001499,6.3137
997,0.00003011,0.000973,6.3129
998,0.00003105,0.000957,6.3152
999,0.00003071,0.001375,6.3146
1000,0.00003458,0.001771,6.3133
1001,0.00002897,0.001609,6.3154
1002,0.00003020,0.001415,6.3148
1003,0.00002292,0.001113,6.3154
1004,0.00003266,0.001009,6.3137
1005,0.00003250,0.001405,6.3152
1006,0.00002782,0.001187,6.3145
1007,0.00002542,0.001321,6.3158
1008,0.00002980,0.001551,6.3154
1009,0.00002135,0.000781,6.3133
1010,0.00003349,0.001181,6.3145
1011,0.00002910,0.000905,6.3137
1012,0.00002771,0.001373,6.3145
1013,0.00002614,0.000925,6.3135
1014,0.00003775,0.001379,6.3156
1015,0.00003408,0.001525,6.3143
1016,0.00002376,0.000801,6.3160
1017,0.00004068,0.001363,6.3154
1018,0.00003997,0.001181,6.3152
1019,0.00003318,0.001265,6.3152
1020,0.00003280,0.000749,6.3141
1021,0.00003019,0.001119,6.3139
1022,0.00002787,0.000859,6.3133
1023,0.00003308,0.001333,6.3150
1024,0.00003082,0.001411,6.3143
1025,0.00003098,0.001117,6.3137
1026,0.00003414,0.001055,6.3152
1027,0.00003495,0.001621,6.3154
1028,0.00003248,0.000895,6.3145
1029,0.00004234,0.001129,6.3137
1030,0.00004039,0.001869,6.3150
1031,0.00002045,0.000993,6.3148
1032,0.00003690,0.001713,6.3166
1033,0.00002120,0.001099,6.3131
1034,0.00003680,0.000947,6.3131
1035,0.00002895,0.000805,6.3143
1036,0.00002566,0.001233,6.3141
1037,0.00002132,0.001281,6.3145
1038,0.00002712,0.000629,6.3145
1039,0.00003381,0.001567,6.3164
1040,0.00003137,0.001051,6.3143
1041,0.00003144,0.000837,6.3145
1042,0.00002658,0.001807,6.3162
1043,0.00002670,0.000779,6.3141
1044,0.00002790,0.001353,6.3143
1045,0.00003031,0.001443,6.3158
1046,0.00003139,0.001379,6.3152
1047,0.00002962,0.001551,6.3150
1048,0.00003313,0.001541,6.3154
1049,0.00002727,0.001859,6.3156
1050,0.00003558,0.000931,6.3141
1051,0.00003250,0.001473,6.3145
1052,0.00003043,0.001197,6.3148
1053,0.00001809,0.001239,6.3152
1054,0.00003764,0.001353,6.3150
1055,0.00003189,0.000707,6.3152
1056,0.00002971,0.001343,6.3150
1057,0.00002648,0.001171,6.3154
1058,0.00002971,0.001047,6.3156
1059,0.00002836,0.001629,6.3168
1060,0.00003836,0.001431,6.3150
1061,0.00002413,0.000993,6.3146
1062,0.00002693,0.001269,6.3164
1063,0.00002924,0.001615,6.3150
1064,0.00002206,0.000785,6.3139
1065,0.00002092,0.000823,6.3129
1066,0.00002473,0.001405,6.3164
1067,0.00002408,0.001269,6.3150
1068,0.00003229,0.001301,6.3148
1069,0.00003545,0.001739,6.3154
1070,0.00002562,0.001301,6.3158
1071,0.00004006,0.001103,6.3166
1072,0.00003508,0.001227,6.3150
1073,0.00003161,0.000837,6.3152
1074,0.00002658,0.001171,6.3146
1075,0.00002349,0.001275,6.3150
1076,0.00003268,0.001291,6.3156
1077,0.00003070,0.000951,6.3154
1078,0.00003303,0.001619,6.3158
1079,0.00002727,0.001703,6.3166
1080,0.00004380,0.001145,6.3143
1081,0.00002458,0.000727,6.3150
1082,0.00003260,0.001687,6.3164
1083,0.00002747,0.001009,6.3146
1084,0.00003036,0.001249,6.3158
1085,0.00004779,0.001463,6.3150
1086,0.00002551,0.001151,6.3154
1087,0.00004120,0.001817,6.3164
1088,0.00003009,0.001357,6.3145
1089,0.00004745,0.001515,6.3172
1090,0.00002122,0.001165,6.3145
1091,0.00002850,0.000821,6.3145
1092,0.00002678,0.001407,6.3146
1093,0.00003497,0.001963,6.3143
1094,0.00002924,0.001237,6.3166
1095,0.00003409,0.001395,6.3160
1096,0.00002369,0.000519,6.3154
1097,0.00004172,0.001577,6.3152
1098,0.00003458,0.001405,6.3152
1099,0.00002460,0.001385,6.3166
1100,0.00002374,0.000895,6.3164
1101,0.00004120,0.001713,6.3156
1102,0.00002824,0.001347,6.3152
1103,0.00002460,0.000925,6.3148
1104,0.00003490,0.001719,6.3158
1105,0.00002952,0.000925,6.3145
1106,0.00002707,0.001145,6.3164
1107,0.00003372,0.001119,6.3145
1108,0.00002875,0.000973,6.3152
1109,0.00002887,0.001285,6.3160
1110,0.00003597,0.001781,6.3164
1111,0.00003485,0.000957,6.3156
1112,0.00004182,0.001511,6.3154
1113,0.00003271,0.000587,6.3148
1114,0.00003396,0.000895,6.3162
1115,0.00002581,0.000853,6.3152
1116,0.00003102,0.001343,6.3162
1117,0.00004233,0.001187,6.3152
1118,0.00003482,0.001197,6.3150
1119,0.00002357,0.000723,6.3148
1120,0.00002987,0.001071,6.3158
1121,0.00002851,0.001243,6.3160
1122,0.00003910,0.001405,6.3158
1123,0.00003855,0.001641,6.3150
1124,0.00003239,0.001291,6.3160
1125,0.00003396,0.001025,6.3141
1126,0.00003490,0.001771,6.3174
1127,0.00003056,0.001681,6.3145
1128,0.00002971,0.000853,6.3150
1129,0.00004332,0.001999,6.3152
1130,0.00002860,0.001337,6.3154
1131,0.00003298,0.000921,6.3146
1132,0.00003399,0.000771,6.3160
1133,0.00002861,0.001693,6.3176
1134,0.00003044,0.000963,6.3156
1135,0.00002871,0.001427,6.3166
1136,0.00003184,0.001265,6.3154
1137,0.00003379,0.000833,6.3162
1138,0.00004542,0.001495,6.3170
1139,0.00003203,0.001421,6.3156
1140,0.00466875,0.189753,5.3854
1141,0.08717071,0.115749,5.9125
1142,0.04202839,0.115055,5.8990
1143,0.00003547,0.001057,6.2809
1144,0.00003797,0.001509,6.2947
1145,0.00003429,0.000775,6.2996
1146,0.00004336,0.001291,6.3033
1147,0.00002599,0.001463,6.3041
1148,0.00002996,0.001391,6.3063
1149,0.00002155,0.000477,6.3055
1150,0.00003833,0.001485,6.3084
1151,0.00003478,0.000743,6.3074
1152,0.00002959,0.001239,6.3100
1153,0.00002813,0.001525,6.3082
1154,0.00003680,0.001415,6.3088
1155,0.00002744,0.001239,6.3076
1156,0.00003883,0.000811,6.3100
1157,0.00003374,0.001535,6.3107
1158,0.00004034,0.001181,6.3094
1159,0.00002838,0.001239,6.3086
1160,0.00003737,0.001265,6.3092
1161,0.00002171,0.001139,6.3105
1162,0.00003167,0.001129,6.3096
1163,0.00003318,0.001255,6.3105
1164,0.00001436,0.000937,6.3094
1165,0.00002433,0.001489,6.3104
1166,0.00004008,0.000847,6.3098
1167,0.00003408,0.001343,6.3107
1168,0.00003322,0.001735,6.3113
1169,0.00003211,0.001145,6.3098
1170,0.00003142,0.001281,6.3107
1171,0.00003105,0.001317,6.3105
1172,0.00004493,0.001155,6.3125
1173,0.00002068,0.000545,6.3100
1174,0.00002673,0.001045,6.3121
1175,0.00002549,0.001343,6.3119
1176,0.00003617,0.000765,6.3107
1177,0.00003776,0.001129,6.3105
1178,0.00003297,0.001093,6.3111
1179,0.00002586,0.000967,6.3125
1180,0.00004134,0.001561,6.3121
1181,0.00004292,0.001593,6.3104
1182,0.00003592,0.001697,6.3117
1183,0.00001855,0.001047,6.3107
1184,0.00002048,0.000587,6.3117
1185,0.00003784,0.001681,6.3123
1186,0.00002023,0.000247,6.3141
1187,0.00003639,0.001703,6.3107
1188,0.00003739,0.001463,6.3121
1189,0.00002882,0.001301,6.3127
1190,0.00003540,0.001499,6.3105
1191,0.00002787,0.001259,6.3125
1192,0.00003581,0.001187,6.3113
1193,0.00002100,0.000885,6.3107
1194,0.00002981,0.000587,6.3111
1195,0.00005186,0.001483,6.3131
1196,0.00003245,0.001067,6.3121
1197,0.00002882,0.000953,6.3115
1198,0.00002510,0.001425,6.3143
1199,0.00003033,0.001551,6.3119
1200,0.00003381,0.001587,6.3115
1201,0.00003431,0.001749,6.3117
1202,0.00003016,0.001243,6.3121
1203,0.00001945,0.000915,6.3121
1204,0.00002695,0.001661,6.3121
1205,0.00003100,0.001175,6.3119
1206,0.00004073,0.001713,6.3131
1207,0.00003357,0.000765,6.3109
1208,0.00002688,0.000947,6.3115
1209,0.00004031,0.001379,6.3117
1210,0.00003769,0.001275,6.3119
1211,0.00002218,0.000915,6.3123
1212,0.00003637,0.001337,6.3123
1213,0.00004535,0.001515,6.3113
1214,0.00003350,0.001135,6.3127
1215,0.00003354,0.001167,6.3113
1216,0.00003070,0.001437,6.3135
1217,0.00002715,0.000807,6.3111
1218,0.00003737,0.001787,6.3109
1219,0.00003693,0.001369,6.3129
1220,0.00003695,0.001593,6.3129
1221,0.00002574,0.001427,6.3131
1222,0.00003397,0.001083,6.3123
1223,0.00005070,0.001781,6.3139
1224,0.00004049,0.001525,6.3096
1225,0.00003599,0.001207,6.3143
1226,0.00002892,0.001229,6.3119
1227,0.00003026,0.001281,6.3131
1228,0.00004061,0.001229,6.3121
1229,0.00004033,0.001645,6.3133
1230,0.00003429,0.001515,6.3129
1231,0.00003693,0.001589,6.3127
1232,0.00003542,0.001457,6.3100
1233,0.00004009,0.001249,6.3119
1234,0.00003350,0.001219,6.3137
1235,0.00003727,0.001509,6.3127
1236,0.00004175,0.001697,6.3127
1237,0.00003564,0.001671,6.3123
1238,0.00003569,0.001281,6.3133
1239,0.00002416,0.001259,6.3135
1240,0.00003278,0.001469,6.3127
1241,0.00003149,0.001489,6.3139
1242,0.00003429,0.001505,6.3145
1243,0.00003201,0.001113,6.3107
1244,0.00003997,0.001181,6.3131
1245,0.00003749,0.001065,6.3119
1246,0.00003606,0.001129,6.3127
1247,0.00004722,0.001781,6.3141
1248,0.00002984,0.001625,6.3133
1249,0.00002863,0.001483,6.3146
1250,0.00002668,0.001645,6.3143
1251,0.00003208,0.001149,6.3125
1252,0.00003071,0.000879,6.3119
1253,0.00003446,0.001459,6.3117
1254,0.00004329,0.001889,6.3143
1255,0.00002922,0.001253,6.3146
1256,0.00004811,0.001823,6.3139
1257,0.00003624,0.001483,6.3143
1258,0.00002290,0.000703,6.3117
1259,0.00003007,0.000915,6.3115
1260,0.00002863,0.001041,6.3131
1261,0.00002845,0.001707,6.3143
1262,0.00002947,0.001093,6.3131
1263,0.00003621,0.001113,6.3129
1264,0.00003574,0.001615,6.3135
1265,0.00003471,0.001655,6.3125
1266,0.00002154,0.001149,6.3129
1267,0.00003120,0.001477,6.3139
1268,0.00003092,0.001311,6.3127
1269,0.00003903,0.001431,6.3139
1270,0.00002717,0.000775,6.3137
1271,0.00003849,0.001159,6.3123
1272,0.00002581,0.001693,6.3105
1273,0.00003234,0.001535,6.3117
1274,0.00002171,0.000733,6.3129
1275,0.00003310,0.001253,6.3133
1276,0.00003473,0.001485,6.3125
1277,0.00003690,0.001761,6.3145
1278,0.00003055,0.000645,6.3133
1279,0.00003278,0.001457,6.3145
1280,0.00002839,0.001295,6.3131
1281,0.00003806,0.001165,6.3148
1282,0.00001942,0.000677,6.3125
1283,0.00003075,0.000983,6.3135
1284,0.00003056,0.001077,6.3139
1285,0.00002900,0.000999,6.3125
1286,0.00003184,0.001077,6.3117
1287,0.00002853,0.001057,6.3119
1288,0.00002749,0.001407,6.3135
1289,0.00002558,0.001437,6.3135
1290,0.00004122,0.001057,6.3131
1291,0.00005352,0.001687,6.3146
1292,0.00002959,0.001463,6.3137
1293,0.00003868,0.000941,6.3129
1294,0.00003826,0.001755,6.3145
1295,0.00003497,0.002089,6.3135
1296,0.00003406,0.001217,6.3131
1297,0.00003034,0.001249,6.3123
1298,0.00003687,0.001135,6.3141
1299,0.00002927,0.001519,6.3139
1300,0.00002445,0.001463,6.3119
1301,0.00003095,0.000905,6.3117
1302,0.00003717,0.000879,6.3111
1303,0.00002666,0.001499,6.3152
1304,0.00004337,0.001139,6.3131
1305,0.00003937,0.001411,6.3133
1306,0.00003307,0.001337,6.3143
1307,0.00003697,0.001645,6.3127
1308,0.00003792,0.001451,6.3143
1309,0.00002233,0.001567,6.3129
1310,0.00003181,0.001281,6.3135
1311,0.00003216,0.001427,6.3152
1312,0.00003231,0.001457,6.3139
1313,0.00003183,0.001285,6.3143
1314,0.00003273,0.001697,6.3139
1315,0.00003046,0.001015,6.3145
1316,0.00004273,0.001441,6.3135
1317,0.00003125,0.001347,6.3139
1318,0.00002969,0.001097,6.3133
1319,0.00002261,0.000661,6.3125
1320,0.00004239,0.001567,6.3152
1321,0.00004787,0.001661,6.3141
1322,0.00002893,0.001167,6.3150
1323,0.00003071,0.000885,6.3137
1324,0.00003265,0.001499,6.3131
1325,0.00002192,0.001363,6.3109
1326,0.00003155,0.000999,6.3135
1327,0.00003554,0.001119,6.3150
1328,0.00002011,0.001009,6.3127
1329,0.00003661,0.001629,6.3133
1330,0.00003433,0.001587,6.3145
1331,0.00002802,0.001155,6.3123
1332,0.00003436,0.000963,6.3139
1333,0.00003961,0.001583,6.3146
1334,0.00003853,0.001415,6.3148
1335,0.00003713,0.001499,6.3143
1336,0.00003226,0.001333,6.3137
1337,0.00003490,0.001405,6.3131
1338,0.00003828,0.001197,6.3135
1339,0.00002517,0.001359,6.3141
1340,0.00003366,0.001723,6.3150
1341,0.00003295,0.001149,6.3127
1342,0.00002955,0.001191,6.3137
1343,0.00003100,0.001521,6.3145
1344,0.00003816,0.001493,6.3141
1345,0.00004154,0.001489,6.3141
1346,0.00003902,0.001707,6.3145
1347,0.00002019,0.001531,6.3148
1348,0.00003218,0.001401,6.3137
1349,0.00002786,0.001115,6.3125
1350,0.00003394,0.001859,6.3125
1351,0.00003633,0.001587,6.3148
1352,0.00003293,0.001255,6.3123
1353,0.00003992,0.002173,6.3143
1354,0.00003752,0.001275,6.3158
1355,0.00002176,0.001097,6.3145
1356,0.00002451,0.001599,6.3123
1357,0.00003683,0.001389,6.3141
1358,0.00003149,0.001353,6.3146
1359,0.00003855,0.001473,6.3154
1360,0.00003088,0.001615,6.3150
1361,0.00003108,0.000931,6.3119
1362,0.00003384,0.001259,6.3133
1363,0.00003915,0.001713,6.3135
1364,0.00003439,0.001083,6.3139
1365,0.00003655,0.001041,6.3145
1366,0.00003288,0.001171,6.3143
1367,0.00003247,0.001077,6.3135
1368,0.00003880,0.001323,6.3145
1369,0.00003191,0.001015,6.3154
1370,0.00004500,0.001745,6.3148
1371,0.00002851,0.001171,6.3141
1372,0.00003525,0.001145,6.3145
1373,0.00002385,0.000925,6.3141
1374,0.00003147,0.001087,6.3152
1375,0.00002073,0.001525,6.3139
1376,0.00003703,0.001573,6.3127
1377,0.00003623,0.001401,6.3146
1378,0.00004265,0.001885,6.3154
1379,0.00004378,0.001859,6.3156
1380,0.00003298,0.001317,6.3150
1381,0.00004587,0.001609,6.3146
1382,0.00004241,0.001683,6.3146
1383,0.00002818,0.001469,6.3141
1384,0.00002671,0.000205,6.3160
1385,0.00002975,0.000957,6.3139
1386,0.00003502,0.000895,6.3139
1387,0.00003461,0.000993,6.3143
1388,0.00003256,0.001129,6.3135
1389,0.00003892,0.001551,6.3135
1390,0.00002574,0.001077,6.3133
1391,0.00004458,0.001619,6.3143
1392,0.00003283,0.001735,6.3156
1393,0.00003204,0.001485,6.3135
1394,0.00002831,0.001485,6.3162
1395,0.00002828,0.000843,6.3127
1396,0.00003411,0.001295,6.3141
1397,0.00004431,0.002339,6.3143
1398,0.00003122,0.001577,6.3145
1399,0.00003729,0.001379,6.3123
1400,0.00003818,0.001525,6.3148
1401,0.00002929,0.001317,6.3141
1402,0.00002868,0.001385,6.3145
1403,0.00004281,0.001401,6.3152
1404,0.00002994,0.000911,6.3145
1405,0.00003105,0.001239,6.3146
1406,0.00003544,0.001301,6.3141
1407,0.00002246,0.001129,6.3129
1408,0.00003450,0.001181,6.3152
1409,0.00003125,0.000681,6.3141
1410,0.00003292,0.001755,6.3156
1411,0.00003722,0.001187,6.3141
1412,0.00004100,0.001291,6.3143
1413,0.00002930,0.001683,6.3123
1414,0.00001955,0.001203,6.3150
1415,0.00003063,0.000795,6.3137
1416,0.00004724,0.001713,6.3148
1417,0.00003742,0.001751,6.3123
1418,0.00003761,0.001239,6.3146
1419,0.00004226,0.000807,6.3129
1420,0.00004749,0.001149,6.3146
1421,0.00002749,0.001401,6.3139
1422,0.00003088,0.001093,6.3141
1423,0.00003542,0.001499,6.3141
1424,0.00003362,0.001015,6.3158
1425,0.00004090,0.000905,6.3148
1426,0.00002597,0.000909,6.3143
1427,0.00002929,0.001275,6.3129
1428,0.00004374,0.001509,6.3133
1429,0.00003248,0.001421,6.3145
1430,0.00002687,0.001411,6.3146
1431,0.00001955,0.000831,6.3135
1432,0.00002132,0.001021,6.3148
1433,0.00003634,0.001441,6.3139
1434,0.00003347,0.001597,6.3160
1435,0.00004246,0.001145,6.3139
1436,0.00004223,0.001255,6.3141
1437,0.00003312,0.001483,6.3137
1438,0.00002329,0.001197,6.3137
1439,0.00003188,0.001275,6.3137
1440,0.00562038,0.201481,5.4127
1441,0.09006882,0.115013,5.9219
1442,0.03818003,0.115065,5.9123
1443,0.00003129,0.001165,6.2814
1444,0.00002730,0.000977,6.2947
1445,0.00002598,0.001061,6.3004
1446,0.00003208,0.000739,6.3008
1447,0.00003517,0.000609,6.3039
1448,0.00002372,0.000655,6.3035
1449,0.00004145,0.001145,6.3055
1450,0.00002944,0.001207,6.3057
1451,0.00002659,0.001307,6.3070
1452,0.00003532,0.001323,6.3074
1453,0.00002300,0.000847,6.3066
1454,0.00003161,0.001473,6.3082
1455,0.00003352,0.001473,6.3074
1456,0.00001836,0.001051,6.3074
1457,0.00002468,0.001609,6.3092
1458,0.00003103,0.001015,6.3098
1459,0.00003283,0.001729,6.3092
1460,0.00004194,0.001431,6.3092
1461,0.00003080,0.001317,6.3088
1462,0.00002734,0.001583,6.3092
1463,0.00002627,0.001519,6.3090
1464,0.00002962,0.001379,6.3098
1465,0.00003312,0.001567,6.3100
1466,0.00003697,0.001483,6.3102
1467,0.00003307,0.000687,6.3090
1468,0.00004140,0.001467,6.3063
1469,0.00003600,0.001651,6.3105
1470,0.00002687,0.001521,6.3113
1471,0.00002850,0.000801,6.3109
1472,0.00003339,0.001457,6.3074
1473,0.00001732,0.000843,6.3084
1474,0.00002567,0.001233,6.3098
1475,0.00002483,0.001821,6.3104
1476,0.00002814,0.001167,6.3104
1477,0.00002799,0.001703,6.3100
1478,0.00003273,0.001249,6.3104
1479,0.00002791,0.001275,6.3092
1480,0.00003579,0.001239,6.3109
1481,0.00003286,0.001535,6.3102
1482,0.00003145,0.001739,6.3115
1483,0.00002918,0.001155,6.3102
1484,0.00003488,0.001417,6.3113
1485,0.00003135,0.001369,6.3119
1486,0.00002994,0.001359,6.3109
1487,0.00003941,0.001697,6.3107
1488,0.00002873,0.001167,6.3104
1489,0.00002710,0.001411,6.3104
1490,0.00003408,0.001255,6.3105
1491,0.00004246,0.001567,6.3117
1492,0.00003440,0.001823,6.3121
1493,0.00003880,0.001537,6.3119
1494,0.00002434,0.001337,6.3121
1495,0.00002682,0.000753,6.3094
1496,0.00003021,0.001229,6.3113
1497,0.00004409,0.001411,6.3104
1498,0.00003308,0.001541,6.3111
1499,0.00003698,0.001525,6.3119
1500,0.00003782,0.001395,6.3111
1501,0.00003717,0.001431,6.3107
1502,0.00002498,0.001457,6.3111
1503,0.00002423,0.001119,6.3111
1504,0.00002505,0.001291,6.3104
1505,0.00001814,0.001011,6.3105
1506,0.00004634,0.001583,6.3109
1507,0.00003818,0.001463,6.3111
1508,0.00002789,0.001093,6.3104
1509,0.00002569,0.000927,6.3102
1510,0.00003129,0.001885,6.3123
1511,0.00002722,0.001015,6.3125
1512,0.00002372,0.001285,6.3111
1513,0.00003083,0.001035,6.3102
1514,0.00003661,0.001541,6.3121
1515,0.00003586,0.001641,6.3129
1516,0.00002722,0.001129,6.3121
1517,0.00002678,0.000697,6.3107
1518,0.00002999,0.001071,6.3105
1519,0.00004384,0.001067,6.3131
1520,0.00001863,0.001301,6.3121
1521,0.00002623,0.001249,6.3111
1522,0.00002941,0.001645,6.3125
1523,0.00003808,0.001613,6.3121
1524,0.00002987,0.001207,6.3109
1525,0.00003266,0.000967,6.3104
1526,0.00003006,0.001333,6.3104
1527,0.00002498,0.001313,6.3111
1528,0.00002902,0.001087,6.3107
1529,0.00002584,0.000869,6.3115
1530,0.00002666,0.000853,6.3121
1531,0.00002954,0.001677,6.3117
1532,0.00003177,0.000639,6.3109
1533,0.00002718,0.000941,6.3117
1534,0.00004231,0.002209,6.3113
1535,0.00003297,0.001613,6.3115
1536,0.00003256,0.000957,6.3123
1537,0.00003243,0.001125,6.3105
1538,0.00003589,0.001245,6.3117
1539,0.00003221,0.001785,6.3117
1540,0.00003032,0.000729,6.3102
1541,0.00003604,0.001077,6.3113
1542,0.00002219,0.000827,6.3109
1543,0.00003140,0.001443,6.3127
1544,0.00003058,0.001213,6.3123
1545,0.00003790,0.001441,6.3113
1546,0.00003419,0.001285,6.3107
1547,0.00002162,0.001369,6.3125
1548,0.00003275,0.001489,6.3102
1549,0.00003839,0.001583,6.3109
1550,0.00003359,0.001227,6.3131
1551,0.00003117,0.000863,6.3115
1552,0.00003266,0.001619,6.3121
1553,0.00004033,0.001099,6.3105
1554,0.00003147,0.001363,6.3115
1555,0.00002759,0.001125,6.3117
1556,0.00002813,0.001269,6.3119
1557,0.00002295,0.001171,6.3121
1558,0.00003322,0.001457,6.3117
1559,0.00002966,0.001515,6.3121
1560,0.00002976,0.001379,6.3129
1561,0.00002860,0.000795,6.3123
1562,0.00002093,0.000993,6.3098
1563,0.00002332,0.001667,6.3133
1564,0.00003649,0.001353,6.3113
1565,0.00002870,0.001401,6.3131
1566,0.00003579,0.001165,6.3125
1567,0.00003406,0.001305,6.3121
1568,0.00002789,0.001183,6.3129
1569,0.00002215,0.001567,6.3107
1570,0.00002814,0.001467,6.3113
1571,0.00003510,0.001607,6.3111
1572,0.00004061,0.001469,6.3121
1573,0.00002149,0.000185,6.3137
1574,0.00003414,0.001563,6.3123
1575,0.00004278,0.001577,6.3129
1576,0.00002868,0.001545,6.3117
1577,0.00002480,0.001145,6.3109
1578,0.00003073,0.000999,6.3117
1579,0.00002246,0.001213,6.3119
1580,0.00002900,0.001239,6.3127
1581,0.00003208,0.001927,6.3113
1582,0.00001799,0.000981,6.3111
1583,0.00003939,0.001771,6.3127
1584,0.00002697,0.000989,6.3109
1585,0.00002448,0.001469,6.3123
1586,0.00003206,0.001399,6.3119
1587,0.00003671,0.001181,6.3131
1588,0.00002003,0.001041,6.3123
1589,0.00002522,0.001333,6.3119
1590,0.00001813,0.000895,6.3109
1591,0.00004283,0.001843,6.3115
1592,0.00003461,0.001067,6.3113
1593,0.00002661,0.001615,6.3123
1594,0.00002358,0.001469,6.3113
1595,0.00002784,0.001509,6.3127
1596,0.00002443,0.001619,6.3115
1597,0.00003211,0.000801,6.3119
1598,0.00002959,0.001139,6.3121
1599,0.00003638,0.001469,6.3131
1600,0.00002778,0.001087,6.3125
1601,0.00003944,0.002255,6.3129
1602,0.00003942,0.001317,6.3123
1603,0.00004359,0.001729,6.3137
1604,0.00003540,0.001379,6.3125
1605,0.00003789,0.001323,6.3139
1606,0.00003895,0.001885,6.3133
1607,0.00003473,0.001541,6.3141
1608,0.00002355,0.001245,6.3121
1609,0.00003492,0.001297,6.3125
1610,0.00002564,0.000937,6.3113
1611,0.00003177,0.001255,6.3117
1612,0.00003003,0.001515,6.3125
1613,0.00002984,0.001427,6.3123
1614,0.00003562,0.001427,6.3131
1615,0.00003424,0.000727,6.3117
1616,0.00001957,0.001493,6.3127
1617,0.00002238,0.000993,6.3111
1618,0.00003108,0.001427,6.3125
1619,0.00002223,0.000791,6.3129
1620,0.00002280,0.000755,6.3125
1621,0.00004149,0.001515,6.3131
1622,0.00002616,0.001463,6.3121
1623,0.00003379,0.000869,6.3117
1624,0.00003027,0.001457,6.3133
1625,0.00003513,0.001253,6.3127
1626,0.00003429,0.001253,6.3123
1627,0.00003434,0.001123,6.3135
1628,0.00002806,0.000983,6.3123
1629,0.00004619,0.001385,6.3139
1630,0.00002680,0.001749,6.3135
1631,0.00002811,0.000915,6.3115
1632,0.00002735,0.001483,6.3121
1633,0.00004893,0.002031,6.3117
1634,0.00004907,0.001321,6.3115
1635,0.00003350,0.001149,6.3113
1636,0.00004215,0.001785,6.3131
1637,0.00004439,0.001587,6.3133
1638,0.00002818,0.001071,6.3121
1639,0.00002381,0.001031,6.3129
1640,0.00002880,0.001031,6.3129
1641,0.00002883,0.001489,6.3123
1642,0.00002551,0.001375,6.3105
1643,0.00003187,0.001093,6.3123
1644,0.00003221,0.001301,6.3137
1645,0.00002729,0.001191,6.3131
1646,0.00003137,0.001603,6.3131
1647,0.00002666,0.001563,6.3127
1648,0.00002436,0.000901,6.3117
1649,0.00003231,0.001677,6.3145
1650,0.00003043,0.001405,6.3135
1651,0.00003650,0.000817,6.3111
1652,0.00003305,0.001259,6.3115
1653,0.00002977,0.001145,6.3139
1654,0.00003303,0.001511,6.3139
1655,0.00002883,0.001603,6.3121
1656,0.00002611,0.001813,6.3123
1657,0.00002718,0.001593,6.3131
1658,0.00003698,0.001357,6.3129
1659,0.00003206,0.001749,6.3131
1660,0.00003425,0.001249,6.3123
1661,0.00003397,0.001187,6.3117
1662,0.00003243,0.001233,6.3125
1663,0.00002024,0.001119,6.3123
1664,0.00002174,0.001337,6.3117
1665,0.00003566,0.001535,6.3115
1666,0.00003653,0.001729,6.3125
1667,0.00003834,0.001129,6.3131
1668,0.00002487,0.001061,6.3133
1669,0.00003280,0.001051,6.3146
1670,0.00002023,0.001295,6.3123
1671,0.00002910,0.001327,6.3137
1672,0.00002342,0.001311,6.3133
1673,0.00002250,0.001389,6.3135
1674,0.00002834,0.000879,6.3135
1675,0.00002650,0.001317,6.3127
1676,0.00002882,0.000911,6.3107
1677,0.00002811,0.001547,6.3127
1678,0.00003183,0.000915,6.3127
1679,0.00002984,0.001219,6.3137
1680,0.00003409,0.001239,6.3143
1681,0.00002858,0.001181,6.3127
1682,0.00002177,0.001087,6.3127
1683,0.00002473,0.001599,6.3135
1684,0.00003680,0.001265,6.3125
1685,0.00003792,0.001667,6.3148
1686,0.00003266,0.001301,6.3143
1687,0.00003006,0.001399,6.3131
1688,0.00003219,0.001239,6.3135
1689,0.00003063,0.001217,6.3129
1690,0.00002972,0.001041,6.3123
1691,0.00003539,0.001067,6.3137
1692,0.00003182,0.001609,6.3131
1693,0.00002611,0.001461,6.3121
1694,0.00004369,0.001405,6.3123
1695,0.00003041,0.001391,6.3137
1696,0.00002485,0.001405,6.3143
1697,0.00002545,0.001265,6.3129
1698,0.00002629,0.001323,6.3131
1699,0.00003246,0.000921,6.3133
1700,0.00002841,0.000807,6.3119
1701,0.00002383,0.001509,6.3127
1702,0.00003093,0.001025,6.3125
1703,0.00003626,0.001161,6.3127
1704,0.00003181,0.001687,6.3139
1705,0.00002263,0.001237,6.3133
1706,0.00003376,0.001363,6.3117
1707,0.00002181,0.001165,6.3139
1708,0.00001885,0.001457,6.3141
1709,0.00002698,0.001297,6.3137
1710,0.00002880,0.001191,6.3123
1711,0.00003665,0.001479,6.3141
1712,0.00003458,0.001781,6.3129
1713,0.00002593,0.001469,6.3146
1714,0.00002576,0.000995,6.3137
1715,0.00003186,0.001577,6.3139
1716,0.00002332,0.001145,6.3129
1717,0.00002803,0.001123,6.3125
1718,0.00002255,0.001301,6.3129
1719,0.00003805,0.001641,6.3146
1720,0.00002256,0.001359,6.3135
1721,0.00003730,0.000795,6.3129
1722,0.00003856,0.001771,6.3148
1723,0.00002065,0.001123,6.3141
1724,0.00003497,0.001489,6.3129
1725,0.00003680,0.001697,6.3135
1726,0.00003142,0.000711,6.3129
1727,0.00001324,0.000687,6.3117
1728,0.00001924,0.001061,6.3115
1729,0.00003742,0.001509,6.3133
1730,0.00002767,0.001275,6.3143
1731,0.00002964,0.000807,6.3123
1732,0.00003898,0.001045,6.3127
1733,0.00002381,0.001531,6.3125
1734,0.00003401,0.001015,6.3143
1735,0.00002703,0.000879,6.3125
1736,0.00002428,0.000817,6.3113
1737,0.00003563,0.001161,6.3135
1738,0.00002692,0.001531,6.3131
1739,0.00001687,0.000817,6.3127
1740,0.00643068,0.216509,5.6926
1741,0.09272981,0.115269,5.9289
1742,0.03460766,0.114915,5.9193
1743,0.00003502,0.001083,6.2822
1744,0.00003339,0.001453,6.2943
1745,0.00002233,0.000921,6.2986
1746,0.00003211,0.001625,6.3018
1747,0.00002557,0.001265,6.3027
1748,0.00002619,0.001447,6.3039
1749,0.00003868,0.001797,6.3045
1750,0.00002034,0.000791,6.3031
1751,0.00002174,0.000843,6.3047
1752,0.00003782,0.000753,6.3049
1753,0.00002324,0.001139,6.3053
1754,0.00003759,0.001401,6.3068
1755,0.00002936,0.002277,6.3068
1756,0.00003087,0.001453,6.3066
1757,0.00002564,0.001175,6.3064
1758,0.00003088,0.001177,6.3063
1759,0.00003555,0.001717,6.3074
1760,0.00002045,0.001185,6.3066
1761,0.00003766,0.001155,6.3078
1762,0.00002239,0.001129,6.3078
1763,0.00003297,0.000821,6.3076
1764,0.00004871,0.001035,6.3076
1765,0.00003416,0.001119,6.3070
1766,0.00002416,0.001265,6.3074
1767,0.00003510,0.001077,6.3076
1768,0.00003597,0.001739,6.3084
1769,0.00002517,0.001223,6.3086
1770,0.00003599,0.001863,6.3090
1771,0.00001431,0.000967,6.3076
1772,0.00003608,0.001421,6.3096
1773,0.00003688,0.001453,6.3094
1774,0.00001517,0.000211,6.3105
1775,0.00003633,0.001473,6.3111
1776,0.00004431,0.001165,6.3072
1777,0.00002680,0.001071,6.3098
1778,0.00004152,0.001119,6.3082
1779,0.00002575,0.001441,6.3098
1780,0.00002303,0.001275,6.3090
1781,0.00002954,0.001031,6.3076
1782,0.00002687,0.001035,6.3080
1783,0.00004056,0.001047,6.3088
1784,0.00003924,0.000785,6.3080
1785,0.00001946,0.001301,6.3090
1786,0.00002130,0.000651,6.3084
1787,0.00002752,0.000957,6.3076
1788,0.00003219,0.000931,6.3080
1789,0.00003534,0.001197,6.3102
1790,0.00002697,0.001399,6.3092
1791,0.00003053,0.000713,6.3098
1792,0.00002624,0.001515,6.3100
1793,0.00003335,0.001151,6.3092
1794,0.00001698,0.001415,6.3102
1795,0.00002839,0.001447,6.3098
1796,0.00002660,0.001855,6.3092
1797,0.00003024,0.001145,6.3086
1798,0.00002502,0.001191,6.3090
1799,0.00003873,0.001735,6.3102
1800,0.00002606,0.001031,6.3104
1801,0.00003266,0.001337,6.3100
1802,0.00002942,0.000973,6.3105
1803,0.00004756,0.001431,6.3104
1804,0.00002113,0.000753,6.3086
1805,0.00002313,0.001317,6.3098
1806,0.00002332,0.002021,6.3082
1807,0.00002401,0.001249,6.3082
1808,0.00002375,0.000967,6.3086
1809,0.00002246,0.001181,6.3100
1810,0.00003870,0.001499,6.3105
1811,0.00001544,0.001421,6.3109
1812,0.00002324,0.000811,6.3094
1813,0.00003273,0.001303,6.3115
1814,0.00003175,0.001249,6.3104
1815,0.00002908,0.001151,6.3090
1816,0.00003001,0.001359,6.3098
1817,0.00002584,0.000873,6.3100
1818,0.00002186,0.000707,6.3100
1819,0.00003137,0.000749,6.3094
1820,0.00001629,0.000723,6.3082
1821,0.00001219,0.000873,6.3094
1822,0.00002821,0.001093,6.3084
1823,0.00004325,0.001071,6.3098
1824,0.00002671,0.001307,6.3111
1825,0.00001764,0.000853,6.3092
1826,0.00002890,0.000771,6.3105
1827,0.00003725,0.001473,6.3115
1828,0.00003265,0.001651,6.3100
1829,0.00003130,0.001061,6.3109
1830,0.00002900,0.001405,6.3105
1831,0.00002937,0.001295,6.3109
1832,0.00002644,0.000483,6.3096
1833,0.00002403,0.001479,6.3102
1834,0.00002376,0.000973,6.3104
1835,0.00003776,0.001281,6.3094
1836,0.00003087,0.001249,6.3102
1837,0.00003520,0.001037,6.3105
1838,0.00002015,0.000931,6.3096
1839,0.00003831,0.001639,6.3117
1840,0.00001776,0.001437,6.3098
1841,0.00003166,0.001567,6.3109
1842,0.00004473,0.001625,6.3115
1843,0.00001693,0.001187,6.3092
1844,0.00003315,0.001635,6.3121
1845,0.00002987,0.001719,6.3104
1846,0.00003757,0.001349,6.3107
1847,0.00001811,0.001229,6.3096
1848,0.00003024,0.001369,6.3111
1849,0.00002915,0.001297,6.3104
1850,0.00003627,0.000801,6.3096
1851,0.00003887,0.001353,6.3104
1852,0.00002782,0.001223,6.3113
1853,0.00003744,0.001469,6.3111
1854,0.00004080,0.001479,6.3104
1855,0.00003552,0.001275,6.3094
1856,0.00002725,0.000791,6.3102
1857,0.00003186,0.001327,6.3102
1858,0.00002902,0.000973,6.3092
1859,0.00002819,0.000931,6.3113
1860,0.00003213,0.001019,6.3105
1861,0.00003455,0.001385,6.3113
1862,0.00002802,0.001061,6.3102
1863,0.00002742,0.001671,6.3115
1864,0.00002441,0.001469,6.3113
1865,0.00002140,0.000979,6.3107
1866,0.00001898,0.001489,6.3109
1867,0.00003224,0.001327,6.3092
1868,0.00003649,0.001437,6.3107
1869,0.00003488,0.001333,6.3127
1870,0.00002399,0.001143,6.3086
1871,0.00002308,0.000795,6.3088
1872,0.00003075,0.001343,6.3113
1873,0.00002860,0.001567,6.3113
1874,0.00004198,0.001837,6.3109
1875,0.00002833,0.001589,6.3119
1876,0.00004166,0.001443,6.3121
1877,0.00002668,0.001297,6.3109
1878,0.00003013,0.001165,6.3117
1879,0.00003171,0.001203,6.3121
1880,0.00002581,0.001005,6.3104
1881,0.00002371,0.001239,6.3098
1882,0.00002530,0.000905,6.3109
1883,0.00002552,0.000925,6.3100
1884,0.00003487,0.001223,6.3109
1885,0.00003186,0.001349,6.3111
1886,0.00002425,0.001087,6.3098
1887,0.00003465,0.001291,6.3107
1888,0.00003097,0.001217,6.3100
1889,0.00003683,0.001087,6.3105
1890,0.00003428,0.001427,6.3117
1891,0.00002724,0.001149,6.3102
1892,0.00003498,0.001447,6.3121
1893,0.00002517,0.001051,6.3104
1894,0.00004740,0.001009,6.3102
1895,0.00002520,0.001285,6.3105
1896,0.00003445,0.002417,6.3113
1897,0.00003712,0.001415,6.3090
1898,0.00003637,0.001457,6.3113
1899,0.00003103,0.002131,6.3127
1900,0.00003935,0.000885,6.3104
1901,0.00003475,0.001093,6.3102
1902,0.00003013,0.001321,6.3111
1903,0.00002456,0.001047,6.3113
1904,0.00003990,0.001567,6.3115
1905,0.00002488,0.000759,6.3100
1906,0.00001984,0.000805,6.3092
1907,0.00003682,0.001275,6.3100
1908,0.00003692,0.001797,6.3098
1909,0.00001695,0.001239,6.3107
1910,0.00002014,0.000967,6.3096
1911,0.00002071,0.001123,6.3102
1912,0.00003113,0.001457,6.3119
1913,0.00002801,0.001265,6.3127
1914,0.00003512,0.001129,6.3104
1915,0.00002885,0.001025,6.3121
1916,0.00003191,0.000931,6.3107
1917,0.00003426,0.001249,6.3115
1918,0.00003648,0.001479,6.3115
1919,0.00003478,0.001597,6.3100
1920,0.00003555,0.001109,6.3113
1921,0.00002678,0.000969,6.3102
1922,0.00003261,0.001343,6.3109
1923,0.00003261,0.001337,6.3109
1924,0.00002614,0.001177,6.3102
1925,0.00002853,0.001035,6.3107
1926,0.00002092,0.001087,6.3105
1927,0.00003224,0.001943,6.3109
1928,0.00002687,0.001437,6.3107
1929,0.00003098,0.001765,6.3119
1930,0.00002391,0.000989,6.3105
1931,0.00003014,0.001129,6.3102
1932,0.00003888,0.001797,6.3115
1933,0.00003834,0.001333,6.3111
1934,0.00003697,0.001067,6.3133
1935,0.00002876,0.001375,6.3113
1936,0.00002500,0.001333,6.3113
1937,0.00000964,0.001219,6.3113
1938,0.00002045,0.001063,6.3113
1939,0.00003278,0.001343,6.3105
1940,0.00001902,0.001489,6.3123
1941,0.00002806,0.001327,6.3119
1942,0.00002782,0.001149,6.3127
1943,0.00003354,0.001365,6.3105
1944,0.00003451,0.001343,6.3111
1945,0.00002422,0.001421,6.3117
1946,0.00003801,0.000963,6.3115
1947,0.00002060,0.001009,6.3102
1948,0.00002966,0.001149,6.3098
1949,0.00002774,0.001505,6.3098
1950,0.00003826,0.001567,6.3125
1951,0.00003061,0.001525,6.3129
1952,0.00002596,0.001055,6.3117
1953,0.00003554,0.001171,6.3119
1954,0.00004251,0.001573,6.3129
1955,0.00003303,0.000957,6.3107
1956,0.00003559,0.001409,6.3129
1957,0.00002973,0.001483,6.3129
1958,0.00002261,0.001541,6.3119
1959,0.00002576,0.001051,6.3115
1960,0.00002982,0.001161,6.3109
1961,0.00002576,0.001297,6.3119
1962,0.00002009,0.001597,6.3123
1963,0.00001973,0.001307,6.3107
1964,0.00003197,0.001453,6.3117
1965,0.00003129,0.001347,6.3123
1966,0.00001883,0.000795,6.3113
1967,0.00001683,0.000967,6.3094
1968,0.00003404,0.000853,6.3115
1969,0.00003581,0.002407,6.3123
1970,0.00003038,0.001723,6.3121
1971,0.00003868,0.001499,6.3115
1972,0.00003016,0.001515,6.3117
1973,0.00003065,0.001337,6.3105
1974,0.00002502,0.001399,6.3125
1975,0.00002402,0.000441,6.3109
1976,0.00002675,0.000717,6.3119
1977,0.00003547,0.001097,6.3139
1978,0.00003036,0.001265,6.3113
1979,0.00003048,0.001379,6.3123
1980,0.00003935,0.001399,6.3121
1981,0.00003134,0.001593,6.3127
1982,0.00002755,0.001615,6.3117
1983,0.00004087,0.001545,6.3115
1984,0.00002587,0.001243,6.3107
1985,0.00002730,0.001347,6.3111
1986,0.00004375,0.001375,6.3139
1987,0.00003641,0.000593,6.3111
1988,0.00003930,0.001655,6.3123
1989,0.00002846,0.000797,6.3121
1990,0.00003318,0.001447,6.3119
1991,0.00003468,0.001271,6.3127
1992,0.00003963,0.001537,6.3131
1993,0.00002944,0.001119,6.3109
1994,0.00003108,0.001165,6.3117
1995,0.00002703,0.000915,6.3107
1996,0.00002908,0.001139,6.3119
1997,0.00002972,0.000817,6.3117
1998,0.00003532,0.001353,6.3131
1999,0.00002688,0.000927,6.3117
2000,0.00003228,0.001375,6.3111
2001,0.00003498,0.001083,6.3109
2002,0.00001574,0.000927,6.3100
2003,0.00003041,0.001771,6.3127
2004,0.00001780,0.001197,6.3131
2005,0.00003634,0.001743,6.3123
2006,0.00003534,0.001661,6.3121
2007,0.00002527,0.001599,6.3123
2008,0.00003404,0.001557,6.3131
2009,0.00002510,0.001395,6.3119
2010,0.00003564,0.001375,6.3127
2011,0.00002476,0.001067,6.3119
2012,0.00003231,0.001239,6.3119
2013,0.00003922,0.001275,6.3139
2014,0.00003401,0.000863,6.3115
2015,0.00003569,0.001525,6.3121
2016,0.00003361,0.001213,6.3117
2017,0.00002865,0.001169,6.3107
2018,0.00004261,0.001161,6.3123
2019,0.00002717,0.001223,6.3127
2020,0.00002429,0.000785,6.3109
2021,0.00004524,0.001245,6.3109
2022,0.00003166,0.001499,6.3121
2023,0.00003221,0.001385,6.3119
2024,0.00002470,0.000967,6.3125
2025,0.00003325,0.001039,6.3107
2026,0.00003191,0.001359,6.3137
2027,0.00003171,0.001223,6.3119
2028,0.00003395,0.001271,6.3115
2029,0.00003505,0.001599,6.3131
2030,0.00003023,0.001317,6.3123
2031,0.00002678,0.001713,6.3115
2032,0.00002855,0.001625,6.3104
2033,0.00003613,0.001375,6.3123
2034,0.00002946,0.001087,6.3119
2035,0.00003725,0.001391,6.3141
2036,0.00003466,0.001243,6.3117
2037,0.00003552,0.001271,6.3115
2038,0.00003228,0.001171,6.3115
2039,0.00003584,0.000993,6.3119
2040,0.00720339,0.262569,5.7896
2041,0.09486508,0.115795,5.9271
2042,0.03180113,0.114863,5.9197
2043,0.00003243,0.001443,6.2814
2044,0.00003061,0.000987,6.2916
2045,0.00002033,0.001545,6.2967
2046,0.00002420,0.001219,6.2992
2047,0.00003705,0.001379,6.3023
2048,0.00003216,0.001333,6.3023
2049,0.00004592,0.001489,6.3008
2050,0.00003518,0.001525,6.3039
2051,0.00002270,0.000703,6.3027
2052,0.00003283,0.001207,6.3049
2053,0.00002475,0.001395,6.3057
2054,0.00003266,0.001573,6.3061
2055,0.00002487,0.000811,6.3045
2056,0.00003564,0.001421,6.3055
2057,0.00002164,0.000833,6.3051
2058,0.00003736,0.001615,6.3063
2059,0.00003920,0.001583,6.3078
2060,0.00003273,0.001389,6.3068
2061,0.00004843,0.001135,6.3070
2062,0.00004023,0.001541,6.3082
2063,0.00002737,0.000791,6.3084
2064,0.00003527,0.001531,6.3066
2065,0.00002500,0.001327,6.3082
2066,0.00004063,0.001365,6.3082
2067,0.00002429,0.000691,6.3064
2068,0.00002863,0.001107,6.3063
2069,0.00003836,0.001113,6.3068
2070,0.00002880,0.001629,6.3084
2071,0.00002191,0.001197,6.3078
2072,0.00003416,0.001233,6.3068
2073,0.00002542,0.001103,6.3066
2074,0.00002448,0.001213,6.3068
2075,0.00003066,0.000775,6.3055
2076,0.00001658,0.000925,6.3064
2077,0.00001663,0.001013,6.3072
2078,0.00003083,0.001115,6.3074
2079,0.00003819,0.001749,6.3063
2080,0.00001534,0.000915,6.3084
2081,0.00002759,0.001463,6.3086
2082,0.00003036,0.001629,6.3098
2083,0.00003253,0.001343,6.3082
2084,0.00003399,0.001405,6.3070
2085,0.00001408,0.001327,6.3076
2086,0.00002851,0.001353,6.3102
2087,0.00004051,0.001811,6.3076
2088,0.00004910,0.001383,6.3080
2089,0.00003063,0.001243,6.3084
2090,0.00003766,0.001817,6.3084
2091,0.00003199,0.001281,6.3082
2092,0.00003475,0.000979,6.3068
2093,0.00002563,0.000931,6.3068
2094,0.00003974,0.000791,6.3082
2095,0.00003172,0.001259,6.3082
2096,0.00003534,0.001083,6.3074
2097,0.00002747,0.000821,6.3076
2098,0.00003167,0.001551,6.3090
2099,0.00002510,0.001167,6.3088
2100,0.00003113,0.001843,6.3098
2101,0.00001944,0.000921,6.3082
2102,0.00002377,0.001029,6.3078
2103,0.00004471,0.001739,6.3090
2104,0.00001702,0.000541,6.3086
2105,0.00002542,0.001077,6.3064
2106,0.00005011,0.002145,6.3090
2107,0.00002784,0.001311,6.3088
2108,0.00002826,0.001275,6.3082
2109,0.00003967,0.001613,6.3096
2110,0.00003747,0.001587,6.3102
2111,0.00003617,0.000723,6.3082
2112,0.00002855,0.001275,6.3088
2113,0.00003229,0.001415,6.3084
2114,0.00002465,0.001661,6.3094
2115,0.00001848,0.001181,6.3078
2116,0.00003305,0.001275,6.3092
2117,0.00003424,0.001119,6.3088
2118,0.00003251,0.001661,6.3088
2119,0.00004245,0.001801,6.3102
2120,0.00003762,0.001343,6.3082
2121,0.00005453,0.002001,6.3086
2122,0.00001196,0.001151,6.3086
2123,0.00001971,0.001313,6.3104
2124,0.00004011,0.000895,6.3084
2125,0.00003288,0.001323,6.3094
2126,0.00002334,0.001045,6.3086
2127,0.00002330,0.001005,6.3084
2128,0.00004209,0.001567,6.3094
2129,0.00002786,0.000889,6.3084
2130,0.00002875,0.001155,6.3078
2131,0.00003322,0.001187,6.3098
2132,0.00003766,0.001681,6.3094
2133,0.00003406,0.001047,6.3090
2134,0.00004209,0.001395,6.3105
2135,0.00003612,0.001651,6.3092
2136,0.00003540,0.001437,6.3084
2137,0.00002823,0.001847,6.3105
2138,0.00003226,0.000853,6.3096
2139,0.00002453,0.000941,6.3074
2140,0.00002777,0.001025,6.3094
2141,0.00002959,0.001071,6.3080
2142,0.00004441,0.001599,6.3102
2143,0.00001626,0.000879,6.3092
2144,0.00003070,0.001191,6.3098
2145,0.00003784,0.001245,6.3094
2146,0.00003643,0.001739,6.3098
2147,0.00002919,0.000983,6.3094
2148,0.00002846,0.001405,6.3094
2149,0.00003327,0.000789,6.3078
2150,0.00003275,0.001401,6.3084
2151,0.00003016,0.001593,6.3105
2152,0.00003108,0.000869,6.3082
2153,0.00003831,0.001375,6.3096
2154,0.00002944,0.001619,6.3105
2155,0.00003050,0.000967,6.3098
2156,0.00001722,0.000555,6.3084
2157,0.00003308,0.001625,6.3104
2158,0.00001917,0.001369,6.3100
2159,0.00004208,0.001395,6.3115
2160,0.00003108,0.000905,6.3078
2161,0.00002671,0.001187,6.3088
2162,0.00002821,0.001301,6.3092
2163,0.00002910,0.001467,6.3100
2164,0.00003594,0.001233,6.3086
2165,0.00002912,0.000775,6.3084
2166,0.00003108,0.001165,6.3094
2167,0.00003350,0.001103,6.3080
2168,0.00003940,0.001651,6.3094
2169,0.00003391,0.001109,6.3088
2170,0.00002473,0.001259,6.3098
2171,0.00002971,0.001687,6.3094
2172,0.00001972,0.000879,6.3094
2173,0.00003366,0.000947,6.3078
2174,0.00003626,0.001463,6.3104
2175,0.00003920,0.001395,6.3105
2176,0.00003336,0.001347,6.3096
2177,0.00003525,0.001443,6.3084
2178,0.00001992,0.001405,6.3102
2179,0.00004187,0.001291,6.3096
2180,0.00002229,0.000635,6.3090
2181,0.00003053,0.000937,6.3092
2182,0.00002771,0.000263,6.3119
2183,0.00003900,0.001437,6.3094
2184,0.00002898,0.001233,6.3098
2185,0.00003367,0.001187,6.3092
2186,0.00003330,0.000687,6.3082
2187,0.00002083,0.001051,6.3094
2188,0.00002886,0.001047,6.3092
2189,0.00003018,0.001223,6.3094
2190,0.00002364,0.001431,6.3098
2191,0.00003851,0.000875,6.3096
2192,0.00003118,0.001155,6.3090
2193,0.00003298,0.001005,6.3084
2194,0.00002693,0.001509,6.3107
2195,0.00004085,0.001197,6.3109
2196,0.00003298,0.001093,6.3102
2197,0.00003524,0.001317,6.3098
2198,0.00003071,0.001505,6.3096
2199,0.00002411,0.001249,6.3102
2200,0.00003780,0.001161,6.3094
2201,0.00003115,0.001837,6.3105
2202,0.00002651,0.000837,6.3094
2203,0.00002856,0.001333,6.3107
2204,0.00003424,0.001551,6.3102
2205,0.00003426,0.001255,6.3086
2206,0.00003354,0.001557,6.3094
2207,0.00002824,0.000739,6.3098
2208,0.00002819,0.000833,6.3088
2209,0.00003379,0.001505,6.3094
2210,0.00003073,0.001713,6.3098
2211,0.00002824,0.001343,6.3107
2212,0.00003456,0.000973,6.3107
2213,0.00002673,0.000885,6.3082
2214,0.00002887,0.001761,6.3105
2215,0.00002710,0.001807,6.3096
2216,0.00003361,0.001791,6.3102
2217,0.00003836,0.001733,6.3105
2218,0.00003258,0.001219,6.3102
2219,0.00003206,0.001295,6.3102
2220,0.00003181,0.001181,6.3105
2221,0.00002695,0.001651,6.3115
2222,0.00003329,0.000775,6.3098
2223,0.00002458,0.001203,6.3102
2224,0.00003944,0.001277,6.3104
2225,0.00002157,0.001197,6.3096
2226,0.00003722,0.000957,6.3092
2227,0.00001754,0.001087,6.3096
2228,0.00002540,0.001395,6.3109
2229,0.00002557,0.000969,6.3105
2230,0.00002783,0.000847,6.3102
2231,0.00003063,0.001735,6.3111
2232,0.00003325,0.001567,6.3098
2233,0.00002897,0.001739,6.3100
2234,0.00003403,0.001509,6.3105
2235,0.00003480,0.000707,6.3104
2236,0.00003634,0.001311,6.3094
2237,0.00003107,0.000675,6.3094
2238,0.00003482,0.001619,6.3107
2239,0.00003334,0.001291,6.3096
2240,0.00004288,0.001551,6.3105
2241,0.00004218,0.001561,6.3104
2242,0.00003010,0.001671,6.3100
2243,0.00003567,0.001337,6.3113
2244,0.00002149,0.000953,6.3090
2245,0.00003831,0.001333,6.3102
2246,0.00002734,0.001457,6.3102
2247,0.00002692,0.001291,6.3107
2248,0.00003176,0.001009,6.3092
2249,0.00001745,0.001499,6.3105
2250,0.00002992,0.001171,6.3102
2251,0.00002685,0.001353,6.3107
2252,0.00003655,0.001755,6.3109
2253,0.00002703,0.000833,6.3094
2254,0.00003014,0.000515,6.3088
2255,0.00002786,0.000863,6.3105
2256,0.00003458,0.001625,6.3117
2257,0.00003618,0.001427,6.3107
2258,0.00002095,0.000983,6.3086
2259,0.00003660,0.001307,6.3104
2260,0.00003676,0.000983,6.3094
2261,0.00001903,0.001239,6.3094
2262,0.00002159,0.001349,6.3102
2263,0.00002345,0.001031,6.3113
2264,0.00002199,0.001139,6.3100
2265,0.00002848,0.001145,6.3098
2266,0.00003749,0.001547,6.3111
2267,0.00003071,0.001275,6.3123
2268,0.00003796,0.001297,6.3096
2269,0.00002925,0.001097,6.3098
2270,0.00002961,0.000911,6.3094
2271,0.00003399,0.001077,6.3115
2272,0.00002108,0.000753,6.3109
2273,0.00002577,0.000895,6.3102
2274,0.00002651,0.001155,6.3107
2275,0.00004115,0.001269,6.3125
2276,0.00002480,0.000811,6.3111
2277,0.00002432,0.001151,6.3098
2278,0.00003624,0.001635,6.3117
2279,0.00003318,0.001149,6.3104
2280,0.00003678,0.001651,6.3100
2281,0.00002566,0.001109,6.3119
2282,0.00003475,0.001553,6.3105
2283,0.00002897,0.001133,6.3115
2284,0.00003641,0.001217,6.3096
2285,0.00002839,0.001259,6.3119
2286,0.00003611,0.000811,6.3117
2287,0.00003009,0.001311,6.3105
2288,0.00003206,0.001573,6.3115
2289,0.00002900,0.000817,6.3092
2290,0.00002645,0.001333,6.3094
2291,0.00003992,0.001697,6.3113
2292,0.00001803,0.001333,6.3102
2293,0.00003592,0.001453,6.3109
2294,0.00003544,0.001149,6.3109
2295,0.00003298,0.001323,6.3121
2296,0.00004529,0.001619,6.3109
2297,0.00002675,0.000551,6.3094
2298,0.00002707,0.000821,6.3100
2299,0.00003204,0.001025,6.3102
2300,0.00002777,0.001229,6.3111
2301,0.00001341,0.001141,6.3094
2302,0.00002051,0.001071,6.3105
2303,0.00002065,0.000873,6.3094
2304,0.00003737,0.000899,6.3092
2305,0.00001961,0.000993,6.3105
2306,0.00002873,0.001227,6.3107
2307,0.00003549,0.001389,6.3111
2308,0.00003571,0.001227,6.3098
2309,0.00003372,0.001797,6.3117
2310,0.00002392,0.001427,6.3109
2311,0.00002256,0.001029,6.3098
2312,0.00003075,0.000957,6.3092
2313,0.00003200,0.001187,6.3109
2314,0.00003048,0.000967,6.3113
2315,0.00004586,0.001405,6.3111
2316,0.00003174,0.001323,6.3117
2317,0.00002882,0.000973,6.3102
2318,0.00003110,0.001437,6.3105
2319,0.00002551,0.001003,6.3109
2320,0.00003270,0.001029,6.3092
2321,0.00002045,0.001357,6.3109
2322,0.00003534,0.001587,6.3111
2323,0.00003609,0.001305,6.3104
2324,0.00002381,0.001639,6.3113
2325,0.00003171,0.001723,6.3111
2326,0.00003270,0.001333,6.3092
2327,0.00002527,0.001139,6.3113
2328,0.00003557,0.001795,6.3113
2329,0.00002599,0.001115,6.3102
2330,0.00003140,0.001719,6.3121
2331,0.00003697,0.001285,6.3123
2332,0.00002902,0.000691,6.3098
2333,0.00003429,0.001457,6.3111
2334,0.00002347,0.000911,6.3107
2335,0.00003505,0.001265,6.3109
2336,0.00002379,0.001103,6.3090
2337,0.00002678,0.001051,6.3111
2338,0.00003100,0.001521,6.3121
2339,0.00002784,0.001833,6.3119
2340,0.00828759,0.298381,5.5289
2341,0.09742317,0.115743,5.9244
2342,0.02832515,0.114779,5.9156
2343,0.00003975,0.001489,6.2797
2344,0.00002283,0.001567,6.2924
2345,0.00001882,0.001275,6.2965
2346,0.00004439,0.001765,6.2986
2347,0.00002396,0.000665,6.2998
2348,0.00002233,0.001175,6.3016
2349,0.00003695,0.001531,6.3023
2350,0.00003542,0.001327,6.3035
2351,0.00002895,0.001281,6.3039
2352,0.00003246,0.000661,6.3023
2353,0.00003613,0.001535,6.3041
2354,0.00003036,0.001161,6.3045
2355,0.00002368,0.000733,6.3033
2356,0.00002994,0.001123,6.3047
2357,0.00002641,0.001031,6.3043
2358,0.00004140,0.001359,6.3039
2359,0.00002665,0.001443,6.3059
2360,0.00002510,0.000989,6.3053
2361,0.00003176,0.001953,6.3057
2362,0.00003376,0.001415,6.3047
2363,0.00004184,0.001717,6.3063
2364,0.00003468,0.001531,6.3057
2365,0.00003292,0.001697,6.3063
2366,0.00003839,0.001535,6.3055
2367,0.00003331,0.000999,6.3055
2368,0.00002629,0.001661,6.3059
2369,0.00002112,0.001181,6.3045
2370,0.00002929,0.001473,6.3061
2371,0.00002424,0.001145,6.3063
2372,0.00003331,0.000769,6.3063
2373,0.00003127,0.001181,6.3064
2374,0.00002577,0.001009,6.3059
2375,0.00003288,0.001233,6.3066
2376,0.00002280,0.000863,6.3055
2377,0.00001724,0.000483,6.3051
2378,0.00001939,0.000279,6.3082
2379,0.00004742,0.001493,6.3064
2380,0.00002821,0.000853,6.3039
2381,0.00002567,0.001541,6.3068
2382,0.00003522,0.000993,6.3066
2383,0.00003697,0.000843,6.3084
2384,0.00002764,0.000677,6.3066
2385,0.00002676,0.001269,6.3086
2386,0.00002692,0.001123,6.3064
2387,0.00004107,0.001333,6.3076
2388,0.00001873,0.001177,6.3061
2389,0.00003320,0.001333,6.3066
2390,0.00004183,0.001333,6.3084
2391,0.00001875,0.000687,6.3061
2392,0.00003675,0.000941,6.3051
2393,0.00003216,0.000853,6.3064
2394,0.00004223,0.001797,6.3082
2395,0.00001913,0.001229,6.3068
2396,0.00002593,0.000665,6.3070
2397,0.00002994,0.001573,6.3090
2398,0.00003564,0.001057,6.3072
2399,0.00003330,0.000997,6.3059
2400,0.00003710,0.001561,6.3072
2401,0.00003317,0.001089,6.3078
2402,0.00002712,0.001041,6.3070
2403,0.00004080,0.000883,6.3061
2404,0.00002680,0.001229,6.3074
2405,0.00004552,0.001557,6.3082
2406,0.00003161,0.000561,6.3057
2407,0.00002900,0.000937,6.3057
2408,0.00002449,0.000833,6.3064
2409,0.00003786,0.000979,6.3080
2410,0.00002421,0.000713,6.3063
2411,0.00003166,0.001885,6.3086
2412,0.00003673,0.001171,6.3063
2413,0.00002913,0.001391,6.3082
2414,0.00003008,0.001093,6.3076
2415,0.00003502,0.001405,6.3074
2416,0.00003176,0.001921,6.3080
2417,0.00003668,0.001415,6.3082
2418,0.00003263,0.001129,6.3070
2419,0.00003890,0.001165,6.3070
2420,0.00003269,0.001587,6.3076
2421,0.00004080,0.001813,6.3074
2422,0.00003357,0.001181,6.3082
2423,0.00004124,0.000821,6.3084
2424,0.00003693,0.001473,6.3082
2425,0.00002266,0.000755,6.3084
2426,0.00002697,0.000769,6.3068
2427,0.00002127,0.001035,6.3066
2428,0.00003125,0.001135,6.3078
2429,0.00003455,0.001671,6.3092
2430,0.00002924,0.001411,6.3088
2431,0.00003157,0.001327,6.3082
2432,0.00002342,0.001073,6.3082
2433,0.00003478,0.001327,6.3082
2434,0.00002717,0.000791,6.3070
2435,0.00004043,0.000775,6.3074
2436,0.00003260,0.001821,6.3084
2437,0.00002534,0.001229,6.3074
2438,0.00003775,0.000815,6.3068
2439,0.00003463,0.001055,6.3080
2440,0.00003476,0.001065,6.3070
2441,0.00002821,0.001041,6.3072
2442,0.00003725,0.001483,6.3088
2443,0.00003192,0.001511,6.3088
2444,0.00004214,0.000869,6.3088
2445,0.00002671,0.001073,6.3072
2446,0.00003386,0.001281,6.3082
2447,0.00003611,0.001803,6.3086
2448,0.00002930,0.001285,6.3086
2449,0.00003468,0.001051,6.3078
2450,0.00003063,0.001503,6.3094
2451,0.00002507,0.001385,6.3102
2452,0.00003344,0.001025,6.3076
2453,0.00003098,0.001655,6.3086
2454,0.00003320,0.001427,6.3076
2455,0.00003181,0.001661,6.3092
2456,0.00002075,0.001495,6.3092
2457,0.00003266,0.001437,6.3092
2458,0.00003784,0.001625,6.3094
2459,0.00002161,0.000837,6.3090
2460,0.00002310,0.001499,6.3086
2461,0.00003608,0.001365,6.3078
2462,0.00003142,0.001473,6.3090
2463,0.00002339,0.001135,6.3068
2464,0.00003139,0.001207,6.3076
2465,0.00002771,0.001031,6.3078
2466,0.00003512,0.001389,6.3086
2467,0.00004275,0.001233,6.3074
2468,0.00003747,0.001989,6.3072
2469,0.00003745,0.001229,6.3078
2470,0.00002839,0.000905,6.3092
2471,0.00003468,0.001343,6.3092
2472,0.00004414,0.001453,6.3090
2473,0.00003563,0.001405,6.3084
2474,0.00003530,0.001187,6.3098
2475,0.00004283,0.001937,6.3092
2476,0.00003275,0.001399,6.3098
2477,0.00003421,0.000921,6.3082
2478,0.00003209,0.001561,6.3070
2479,0.00004141,0.001859,6.3076
2480,0.00003971,0.001483,6.3082
2481,0.00003172,0.001505,6.3096
2482,0.00003381,0.001359,6.3090
2483,0.00003431,0.001733,6.3086
2484,0.00003470,0.001463,6.3088
2485,0.00004029,0.001791,6.3090
2486,0.00004231,0.001265,6.3096
2487,0.00002381,0.001479,6.3088
2488,0.00003715,0.001505,6.3096
2489,0.00003406,0.001391,6.3080
2490,0.00003397,0.001609,6.3086
2491,0.00003214,0.001191,6.3082
2492,0.00003771,0.000869,6.3080
2493,0.00004276,0.000973,6.3090
2494,0.00004179,0.000765,6.3090
2495,0.00003796,0.001207,6.3082
2496,0.00003821,0.000973,6.3076
2497,0.00004331,0.001561,6.3092
2498,0.00003606,0.001525,6.3104
2499,0.00003613,0.000925,6.3076
2500,0.00003223,0.001469,6.3090
2501,0.00001994,0.001437,6.3102
2502,0.00003836,0.001275,6.3082
2503,0.00003122,0.001425,6.3088
2504,0.00003476,0.000859,6.3088
2505,0.00003103,0.001317,6.3104
2506,0.00003927,0.001353,6.3094
2507,0.00002962,0.001829,6.3098
2508,0.00003223,0.001139,6.3084
2509,0.00002397,0.001135,6.3082
2510,0.00002082,0.000869,6.3090
2511,0.00002834,0.001333,6.3094
2512,0.00001730,0.001003,6.3074
2513,0.00002940,0.001269,6.3084
2514,0.00003530,0.001677,6.3100
2515,0.00003739,0.001219,6.3090
2516,0.00003095,0.001353,6.3100
2517,0.00003767,0.001197,6.3082
2518,0.00003045,0.001441,6.3102
2519,0.00004021,0.001077,6.3084
2520,0.00004095,0.001479,6.3092
2521,0.00002714,0.001437,6.3088
2522,0.00003634,0.001337,6.3102
2523,0.00004191,0.001031,6.3078
2524,0.00003574,0.001379,6.3098
2525,0.00004270,0.001263,6.3102
2526,0.00003929,0.001563,6.3096
2527,0.00003598,0.001671,6.3096
2528,0.00004192,0.001171,6.3080
2529,0.00002875,0.001061,6.3086
2530,0.00003651,0.001133,6.3086
2531,0.00002809,0.001055,6.3090
2532,0.00003139,0.000665,6.3082
2533,0.00003432,0.001213,6.3096
2534,0.00002739,0.001213,6.3090
2535,0.00003295,0.001521,6.3096
2536,0.00003132,0.001197,6.3084
2537,0.00003764,0.001145,6.3098
2538,0.00003702,0.001501,6.3092
2539,0.00003653,0.000765,6.3080
2540,0.00003468,0.001775,6.3109
2541,0.00003502,0.001713,6.3104
2542,0.00002571,0.001193,6.3082
2543,0.00001782,0.000759,6.3084
2544,0.00003893,0.001691,6.3090
2545,0.00003398,0.001271,6.3098
2546,0.00003344,0.001129,6.3088
2547,0.00002908,0.001269,6.3086
2548,0.00002381,0.001531,6.3100
2549,0.00003631,0.001249,6.3084
2550,0.00003382,0.001541,6.3084
2551,0.00003090,0.001541,6.3098
2552,0.00003517,0.001349,6.3096
2553,0.00002335,0.000879,6.3074
2554,0.00003989,0.001723,6.3094
2555,0.00003270,0.001473,6.3084
2556,0.00002654,0.001495,6.3088
2557,0.00002865,0.001077,6.3084
2558,0.00003115,0.001489,6.3088
2559,0.00003219,0.001343,6.3094
2560,0.00003836,0.001479,6.3100
2561,0.00003414,0.000931,6.3105
2562,0.00003293,0.001375,6.3105
2563,0.00002513,0.001077,6.3088
2564,0.00003860,0.001999,6.3088
2565,0.00003915,0.000957,6.3107
2566,0.00003436,0.001107,6.3082
2567,0.00002547,0.001181,6.3094
2568,0.00002810,0.001233,6.3094
2569,0.00003761,0.001395,6.3092
2570,0.00003318,0.001431,6.3107
2571,0.00002524,0.001291,6.3086
2572,0.00003700,0.001593,6.3092
2573,0.00002989,0.001375,6.3096
2574,0.00003727,0.000785,6.3072
2575,0.00003433,0.001005,6.3088
2576,0.00002643,0.000693,6.3086
2577,0.00003034,0.001003,6.3082
2578,0.00001791,0.000259,6.3111
2579,0.00004087,0.001437,6.3100
2580,0.00003810,0.001107,6.3082
2581,0.00003208,0.001509,6.3094
2582,0.00002376,0.000729,6.3066
2583,0.00002858,0.001119,6.3104
2584,0.00002823,0.001441,6.3105
2585,0.00003051,0.000837,6.3096
2586,0.00003356,0.001055,6.3084
2587,0.00003371,0.000957,6.3080
2588,0.00002803,0.001389,6.3102
2589,0.00002439,0.001129,6.3090
2590,0.00003527,0.000905,6.3096
2591,0.00003381,0.001353,6.3088
2592,0.00003847,0.000759,6.3084
2593,0.00002566,0.000863,6.3088
2594,0.00003961,0.001641,6.3102
2595,0.00003540,0.001197,6.3094
2596,0.00002740,0.001125,6.3111
2597,0.00002976,0.001859,6.3098
2598,0.00002456,0.001301,6.3096
2599,0.00003482,0.001249,6.3084
2600,0.00002814,0.001019,6.3082
2601,0.00002700,0.001249,6.3096
2602,0.00002608,0.001489,6.3092
2603,0.00002416,0.001193,6.3088
2604,0.00003424,0.001239,6.3105
2605,0.00003039,0.000729,6.3084
2606,0.00003315,0.001525,6.3098
2607,0.00003335,0.001557,6.3080
2608,0.00002813,0.001239,6.3102
2609,0.00003208,0.001087,6.3086
2610,0.00003127,0.001395,6.3100
2611,0.00002934,0.001463,6.3094
2612,0.00003994,0.001165,6.3080
2613,0.00003766,0.001339,6.3104
2614,0.00002986,0.001151,6.3115
2615,0.00002574,0.001297,6.3107
2616,0.00004634,0.001427,6.3088
2617,0.00003342,0.001067,6.3080
2618,0.00004534,0.001693,6.3102
2619,0.00002955,0.001411,6.3092
2620,0.00002761,0.001489,6.3107
2621,0.00003803,0.000843,6.3096
2622,0.00004947,0.001749,6.3102
2623,0.00002920,0.000915,6.3078
2624,0.00003752,0.001343,6.3094
2625,0.00003922,0.001541,6.3096
2626,0.00002639,0.001119,6.3096
2627,0.00003626,0.000859,6.3096
2628,0.00004261,0.000925,6.3098
2629,0.00003555,0.001483,6.3105
2630,0.00003982,0.001277,6.3102
2631,0.00001845,0.000769,6.3098
2632,0.00003634,0.001443,6.3111
2633,0.00003648,0.001915,6.3115
2634,0.00003120,0.001447,6.3102
2635,0.00002001,0.001197,6.3072
2636,0.00003539,0.001415,6.3111
2637,0.00003554,0.001177,6.3094
2638,0.00002997,0.001187,6.3086
2639,0.00003008,0.001457,6.3092
2640,0.00927936,0.232735,5.8180
2641,0.09931759,0.115545,5.9197
2642,0.02584431,0.114763,5.9139
2643,0.00004564,0.001493,6.2789
2644,0.00002295,0.001093,6.2895
2645,0.00002055,0.001071,6.2941
2646,0.00003668,0.001451,6.2975
2647,0.00002527,0.001145,6.2979
2648,0.00002285,0.001525,6.2990
2649,0.00003717,0.001687,6.3016
2650,0.00003006,0.000629,6.3006
2651,0.00003994,0.001609,6.3023
2652,0.00003325,0.001661,6.3023
2653,0.00003592,0.001775,6.3035
2654,0.00003458,0.000911,6.3037
2655,0.00003918,0.001411,6.3027
2656,0.00002575,0.001593,6.3039
2657,0.00004873,0.001817,6.3051
2658,0.00003732,0.001489,6.3023
2659,0.00003660,0.001363,6.3041
2660,0.00002006,0.001243,6.3033
2661,0.00003653,0.000885,6.3045
2662,0.00002967,0.001807,6.3061
2663,0.00003841,0.001347,6.3047
2664,0.00003090,0.001541,6.3047
2665,0.00003065,0.000837,6.3037
2666,0.00003157,0.000909,6.3047
2667,0.00002655,0.001123,6.3041
2668,0.00003028,0.000743,6.3041
2669,0.00003224,0.001245,6.3043
2670,0.00003337,0.001275,6.3039
2671,0.00002283,0.001097,6.3047
2672,0.00003293,0.001395,6.3055
2673,0.00003431,0.001151,6.3051
2674,0.00003994,0.001307,6.3053
2675,0.00002724,0.001859,6.3059
2676,0.00004624,0.000969,6.3061
2677,0.00002878,0.000805,6.3041
2678,0.00004216,0.001467,6.3063
2679,0.00003379,0.000921,6.3049
2680,0.00004058,0.001305,6.3049
2681,0.00003175,0.001239,6.3049
2682,0.00002466,0.001081,6.3051
2683,0.00003934,0.001593,6.3053
2684,0.00002724,0.001243,6.3045
2685,0.00002851,0.001495,6.3057
2686,0.00002997,0.001239,6.3061
2687,0.00002398,0.001009,6.3053
2688,0.00003251,0.000947,6.3055
2689,0.00003177,0.001233,6.3049
2690,0.00003777,0.001447,6.3057
2691,0.00003330,0.001327,6.3066
2692,0.00002878,0.001411,6.3063
2693,0.00002756,0.001243,6.3055
2694,0.00003028,0.000899,6.3051
2695,0.00003070,0.001427,6.3059
2696,0.00002996,0.001081,6.3057
2697,0.00002797,0.001135,6.3068
2698,0.00003031,0.001745,6.3063
2699,0.00003103,0.001327,6.3070
2700,0.00003527,0.001473,6.3078
2701,0.00002013,0.000915,6.3072
2702,0.00003665,0.001175,6.3070
2703,0.00003445,0.001281,6.3057
2704,0.00003584,0.000873,6.3055
2705,0.00003481,0.001467,6.3063
2706,0.00003663,0.001187,6.3064
2707,0.00003461,0.001691,6.3068
2708,0.00002823,0.000749,6.3063
2709,0.00002228,0.001193,6.3051
2710,0.00004399,0.001687,6.3051
2711,0.00003517,0.001227,6.3055
2712,0.00002705,0.001811,6.3064
2713,0.00002797,0.001255,6.3061
2714,0.00003169,0.001135,6.3066
2715,0.00003290,0.000937,6.3074
2716,0.00002313,0.000779,6.3047
2717,0.00004261,0.001599,6.3059
2718,0.00003569,0.001301,6.3059
2719,0.00003986,0.001691,6.3068
2720,0.00003095,0.001109,6.3053
2721,0.00003994,0.000925,6.3059
2722,0.00002739,0.001301,6.3080
2723,0.00002968,0.000713,6.3074
2724,0.00002011,0.001421,6.3068
2725,0.00003816,0.001811,6.3076
2726,0.00002549,0.000993,6.3061
2727,0.00002152,0.000847,6.3061
2728,0.00003680,0.001109,6.3086
2729,0.00003625,0.001677,6.3063
2730,0.00003046,0.001005,6.3070
2731,0.00002350,0.001087,6.3063
2732,0.00003354,0.001317,6.3082
2733,0.00003718,0.001045,6.3059
2734,0.00003318,0.001557,6.3064
2735,0.00002954,0.001259,6.3057
2736,0.00004221,0.001317,6.3072
2737,0.00003107,0.001313,6.3068
2738,0.00002984,0.001347,6.3084
2739,0.00003199,0.000905,6.3080
2740,0.00003755,0.000889,6.3063
2741,0.00003198,0.001827,6.3084
2742,0.00003310,0.001307,6.3063
2743,0.00004172,0.001753,6.3063
2744,0.00003730,0.001613,6.3080
2745,0.00002641,0.000837,6.3064
2746,0.00004287,0.001639,6.3084
2747,0.00002803,0.001025,6.3053
2748,0.00004036,0.001541,6.3072
2749,0.00003255,0.001327,6.3066
2750,0.00002567,0.001065,6.3068
2751,0.00003616,0.000723,6.3070
2752,0.00002421,0.001593,6.3063
2753,0.00003651,0.001255,6.3061
2754,0.00002971,0.000859,6.3068
2755,0.00003194,0.000847,6.3068
2756,0.00004112,0.001531,6.3072
2757,0.00003947,0.001223,6.3063
2758,0.00003488,0.001097,6.3068
2759,0.00001937,0.000561,6.3064
2760,0.00003579,0.001557,6.3080
2761,0.00003355,0.001259,6.3059
2762,0.00003905,0.001103,6.3061
2763,0.00003246,0.001185,6.3070
2764,0.00003144,0.001385,6.3068
2765,0.00004058,0.001291,6.3078
2766,0.00001887,0.001071,6.3076
2767,0.00002789,0.001703,6.3082
2768,0.00004678,0.001683,6.3086
2769,0.00003300,0.001165,6.3064
2770,0.00003786,0.000983,6.3080
2771,0.00003017,0.001551,6.3072
2772,0.00001666,0.001103,6.3072
2773,0.00002229,0.001077,6.3072
2774,0.00002767,0.001707,6.3080
2775,0.00003478,0.000899,6.3063
2776,0.00003373,0.001683,6.3070
2777,0.00003535,0.001411,6.3068
2778,0.00002199,0.001359,6.3082
2779,0.00003446,0.001427,6.3068
2780,0.00004298,0.001467,6.3078
2781,0.00003634,0.001373,6.3078
2782,0.00002937,0.001041,6.3070
2783,0.00003839,0.000993,6.3063
2784,0.00003421,0.001453,6.3082
2785,0.00003448,0.001505,6.3084
2786,0.00003690,0.001671,6.3076
2787,0.00003298,0.001489,6.3076
2788,0.00003061,0.000273,6.3092
2789,0.00002939,0.001437,6.3084
2790,0.00003613,0.001165,6.3070
2791,0.00001932,0.000863,6.3066
2792,0.00004878,0.001781,6.3084
2793,0.00003382,0.001573,6.3068
2794,0.00003736,0.000529,6.3070
2795,0.00003250,0.001295,6.3078
2796,0.00002576,0.000963,6.3061
2797,0.00002947,0.001301,6.3074
2798,0.00002048,0.000937,6.3084
2799,0.00003208,0.001671,6.3088
2800,0.00002586,0.001139,6.3084
2801,0.00002703,0.000899,6.3066
2802,0.00003878,0.001655,6.3064
2803,0.00003700,0.001359,6.3084
2804,0.00003246,0.000817,6.3057
2805,0.00004011,0.001369,6.3068
2806,0.00002975,0.001233,6.3078
2807,0.00001920,0.000765,6.3063
2808,0.00003166,0.000863,6.3072
2809,0.00003582,0.001687,6.3084
2810,0.00002473,0.001359,6.3080
2811,0.00002927,0.000937,6.3088
2812,0.00003215,0.000759,6.3066
2813,0.00003396,0.001797,6.3076
2814,0.00004522,0.001729,6.3086
2815,0.00002639,0.001103,6.3064
2816,0.00002325,0.001469,6.3080
2817,0.00003971,0.001197,6.3068
2818,0.00003400,0.001473,6.3074
2819,0.00002276,0.001463,6.3080
2820,0.00003137,0.001509,6.3082
2821,0.00003161,0.001723,6.3090
2822,0.00003166,0.001515,6.3049
2823,0.00003831,0.001213,6.3072
2824,0.00003624,0.001525,6.3088
2825,0.00003692,0.001759,6.3096
2826,0.00003613,0.001051,6.3066
2827,0.00002569,0.001775,6.3086
2828,0.00004206,0.001895,6.3084
2829,0.00003095,0.001291,6.3078
2830,0.00003814,0.001301,6.3066
2831,0.00003505,0.001531,6.3078
2832,0.00002897,0.001093,6.3090
2833,0.00003524,0.001139,6.3076
2834,0.00003473,0.001687,6.3084
2835,0.00004001,0.001093,6.3070
2836,0.00002807,0.000765,6.3074
2837,0.00002772,0.001067,6.3070
2838,0.00003589,0.001271,6.3092
2839,0.00002757,0.001295,6.3066
2840,0.00002813,0.001135,6.3072
2841,0.00003846,0.001671,6.3086
2842,0.00002259,0.001259,6.3068
2843,0.00004586,0.001395,6.3094
2844,0.00003824,0.001159,6.3082
2845,0.00003231,0.001077,6.3072
2846,0.00003421,0.001561,6.3078
2847,0.00003438,0.001359,6.3090
2848,0.00003173,0.001255,6.3080
2849,0.00004555,0.001029,6.3076
2850,0.00003218,0.001451,6.3055
2851,0.00003621,0.001541,6.3086
2852,0.00003408,0.001473,6.3082
2853,0.00002752,0.001301,6.3080
2854,0.00002566,0.000805,6.3074
2855,0.00002976,0.000989,6.3080
2856,0.00003772,0.001457,6.3090
2857,0.00003564,0.001071,6.3076
2858,0.00002456,0.001029,6.3070
2859,0.00003428,0.001217,6.3068
2860,0.00002897,0.001087,6.3070
2861,0.00003727,0.001369,6.3080
2862,0.00003460,0.001197,6.3080
2863,0.00001992,0.001415,6.3078
2864,0.00003940,0.001213,6.3078
2865,0.00004154,0.001729,6.3076
2866,0.00003280,0.001343,6.3086
2867,0.00003974,0.001697,6.3078
2868,0.00004100,0.001339,6.3082
2869,0.00003320,0.001219,6.3076
2870,0.00003811,0.001311,6.3092
2871,0.00002544,0.001187,6.3082
2872,0.00002956,0.001229,6.3074
2873,0.00002945,0.001067,6.3068
2874,0.00002310,0.001505,6.3076
2875,0.00003021,0.000983,6.3076
2876,0.00003149,0.001097,6.3082
2877,0.00003186,0.001681,6.3080
2878,0.00003071,0.001227,6.3084
2879,0.00002445,0.001333,6.3092
2880,0.00003392,0.001385,6.3088
2881,0.00002787,0.000989,6.3092
2882,0.00002416,0.001557,6.3088
2883,0.00003653,0.000911,6.3078
2884,0.00003627,0.001243,6.3082
2885,0.00003127,0.001687,6.3096
2886,0.00003734,0.001697,6.3098
2887,0.00003466,0.001907,6.3098
2888,0.00002683,0.000857,6.3064
2889,0.00004134,0.001625,6.3094
2890,0.00003664,0.001401,6.3074
2891,0.00002730,0.001697,6.3084
2892,0.00003861,0.001035,6.3074
2893,0.00003065,0.001197,6.3070
2894,0.00004184,0.001431,6.3092
2895,0.00004275,0.001375,6.3088
2896,0.00001505,0.000999,6.3086
2897,0.00002934,0.001659,6.3094
2898,0.00002621,0.001353,6.3082
2899,0.00003480,0.001405,6.3096
2900,0.00002500,0.001097,6.3074
2901,0.00002742,0.001119,6.3068
2902,0.00002431,0.001067,6.3078
2903,0.00003196,0.000743,6.3072
2904,0.00003226,0.001171,6.3086
2905,0.00003940,0.001547,6.3088
2906,0.00003162,0.001453,6.3086
2907,0.00003980,0.001641,6.3090
2908,0.00003419,0.001619,6.3082
2909,0.00003888,0.001603,6.3096
2910,0.00002579,0.000885,6.3078
2911,0.00002529,0.001107,6.3074
2912,0.00003705,0.000941,6.3086
2913,0.00003185,0.001123,6.3068
2914,0.00003487,0.001603,6.3094
2915,0.00002766,0.000823,6.3076
2916,0.00003354,0.001479,6.3092
2917,0.00003191,0.000905,6.3066
2918,0.00003532,0.001463,6.3078
2919,0.00003290,0.001339,6.3090
2920,0.00002144,0.001473,6.3090
2921,0.00003065,0.001791,6.3090
2922,0.00002836,0.001155,6.3088
2923,0.00002920,0.000983,6.3068
2924,0.00003120,0.001233,6.3084
2925,0.00003964,0.001161,6.3104
2926,0.00002460,0.000759,6.3074
2927,0.00004026,0.001223,6.3086
2928,0.00003537,0.001339,6.3076
2929,0.00003246,0.001609,6.3080
2930,0.00002831,0.000947,6.3066
2931,0.00002929,0.001719,6.3088
2932,0.00002976,0.001041,6.3082
2933,0.00002456,0.001379,6.3102
2934,0.00003334,0.000857,6.3092
2935,0.00003392,0.001567,6.3086
2936,0.00003327,0.001093,6.3076
2937,0.00002390,0.001103,6.3080
2938,0.00003668,0.001619,6.3090
2939,0.00003890,0.001619,6.3098
2940,0.00970871,0.272163,5.5334
2941,0.10140174,0.114815,5.9184
2942,0.02282927,0.114691,5.9123
2943,0.00003668,0.001265,6.2791
2944,0.00002056,0.001019,6.2904
2945,0.00003003,0.001359,6.2945
2946,0.00003574,0.001323,6.2969
2947,0.00003073,0.001233,6.2988
2948,0.00004144,0.001415,6.3004
2949,0.00003037,0.001135,6.3002
2950,0.00003053,0.001411,6.2992
2951,0.00002890,0.000937,6.2996
2952,0.00004075,0.001451,6.3029
2953,0.00004023,0.001417,6.3031
2954,0.00002939,0.001333,6.3012
2955,0.00004031,0.000857,6.3018
2956,0.00004322,0.001567,6.3021
2957,0.00003855,0.001615,6.3027
2958,0.00003596,0.001437,6.3020
2959,0.00003387,0.000963,6.3029
2960,0.00003804,0.000993,6.3016
2961,0.00002319,0.001097,6.3021
2962,0.00002682,0.001103,6.3025
2963,0.00003155,0.001301,6.3029
2964,0.00004295,0.001269,6.3029
2965,0.00003513,0.001723,6.3039
2966,0.00002382,0.000635,6.3045
2967,0.00004395,0.001463,6.3047
2968,0.00003887,0.001311,6.3037
2969,0.00003340,0.001081,6.3023
2970,0.00002596,0.001113,6.3025
2971,0.00004103,0.000977,6.3033
2972,0.00002945,0.001389,6.3029
2973,0.00003364,0.001229,6.3033
2974,0.00003318,0.001463,6.3051
2975,0.00002361,0.000895,6.3031
2976,0.00003216,0.001385,6.3045
2977,0.00003431,0.001431,6.3045
2978,0.00003130,0.001097,6.3031
2979,0.00003920,0.000237,6.3055
2980,0.00003149,0.000909,6.3033
2981,0.00002764,0.000905,6.3043
2982,0.00003547,0.001687,6.3037
2983,0.00002120,0.000811,6.3043
2984,0.00003959,0.001483,6.3037
2985,0.00003473,0.001571,6.3045
2986,0.00002887,0.001071,6.3035
2987,0.00002819,0.000879,6.3035
2988,0.00002542,0.001343,6.3039
2989,0.00002747,0.000833,6.3043
2990,0.00003399,0.000999,6.3033
2991,0.00004190,0.001579,6.3047
2992,0.00002324,0.000921,6.3049
2993,0.00003671,0.000953,6.3053
2994,0.00003303,0.001197,6.3045
2995,0.00003850,0.001133,6.3041
2996,0.00004537,0.001535,6.3039
2997,0.00003152,0.000925,6.3043
2998,0.00003006,0.001337,6.3047
2999,0.00003157,0.001311,6.3051
3000,0.00003480,0.001891,6.3035
3001,0.00003535,0.001447,6.3053
3002,0.00002539,0.000911,6.3035
3003,0.00003414,0.001879,6.3063
3004,0.00002634,0.000937,6.3041
3005,0.00003922,0.001379,6.3061
3006,0.00003601,0.001573,6.3059
3007,0.00003213,0.001181,6.3033
3008,0.00004046,0.001515,6.3053
3009,0.00002623,0.001535,6.3055
3010,0.00002797,0.001087,6.3049
3011,0.00001692,0.000885,6.3039
3012,0.00002445,0.001463,6.3064
3013,0.00003964,0.000665,6.3033
3014,0.00003253,0.001285,6.3055
3015,0.00003707,0.000963,6.3043
3016,0.00003307,0.000905,6.3055
3017,0.00001809,0.000989,6.3051
3018,0.00003293,0.001123,6.3061
3019,0.00004949,0.001071,6.3031
3020,0.00002553,0.000879,6.3039
3021,0.00004028,0.001365,6.3053
3022,0.00002915,0.001405,6.3064
3023,0.00002539,0.000925,6.3055
3024,0.00002767,0.001469,6.3051
3025,0.00003339,0.001135,6.3061
3026,0.00002303,0.000571,6.3047
3027,0.00003330,0.001733,6.3068
3028,0.00002902,0.001139,6.3051
3029,0.00003426,0.001149,6.3061
3030,0.00004814,0.001363,6.3070
3031,0.00004234,0.000823,6.3045
3032,0.00003149,0.000873,6.3043
3033,0.00004214,0.001437,6.3057
3034,0.00002088,0.001187,6.3053
3035,0.00002966,0.000697,6.3055
3036,0.00003167,0.001749,6.3059
3037,0.00002397,0.000947,6.3053
3038,0.00003639,0.001395,6.3076
3039,0.00003455,0.001441,6.3043
3040,0.00003740,0.001375,6.3053
3041,0.00001529,0.000753,6.3047
3042,0.00002624,0.001477,6.3063
3043,0.00002636,0.001755,6.3064
3044,0.00003325,0.001385,6.3063
3045,0.00002961,0.001255,6.3072
3046,0.00003673,0.001415,6.3055
3047,0.00003243,0.001123,6.3061
3048,0.00003204,0.001499,6.3061
3049,0.00003512,0.001191,6.3059
3050,0.00003739,0.001087,6.3047
3051,0.00002645,0.001609,6.3055
3052,0.00003110,0.001145,6.3053
3053,0.00003282,0.000791,6.3051
3054,0.00002646,0.000859,6.3055
3055,0.00003273,0.001071,6.3049
3056,0.00003283,0.001417,6.3039
3057,0.00003051,0.001015,6.3051
3058,0.00002604,0.001023,6.3045
3059,0.00002971,0.001193,6.3064
3060,0.00002942,0.001157,6.3063
3061,0.00004708,0.001463,6.3068
3062,0.00003895,0.001311,6.3049
3063,0.00003934,0.001139,6.3055
3064,0.00004564,0.001485,6.3070
3065,0.00003592,0.002259,6.3064
3066,0.00003853,0.001401,6.3061
3067,0.00003473,0.001427,6.3068
3068,0.00002559,0.000645,6.3049
3069,0.00003676,0.001343,6.3051
3070,0.00003591,0.001093,6.3051
3071,0.00003606,0.001099,6.3070
3072,0.00003053,0.001107,6.3074
3073,0.00003513,0.001291,6.3064
3074,0.00002353,0.001381,6.3070
3075,0.00002888,0.001187,6.3059
3076,0.00003576,0.001869,6.3068
3077,0.00003063,0.001057,6.3070
3078,0.00002629,0.001271,6.3057
3079,0.00003508,0.001155,6.3066
3080,0.00002168,0.001207,6.3068
3081,0.00002871,0.001207,6.3059
3082,0.00004016,0.001307,6.3066
3083,0.00003154,0.001149,6.3057
3084,0.00003910,0.001405,6.3076
3085,0.00004179,0.001311,6.3061
3086,0.00002856,0.001015,6.3055
3087,0.00002997,0.001477,6.3070
3088,0.00003611,0.001369,6.3068
3089,0.00003371,0.001369,6.3068
3090,0.00001984,0.000765,6.3057
3091,0.00002460,0.000781,6.3055
3092,0.00002808,0.001281,6.3063
3093,0.00003203,0.001093,6.3057
3094,0.00003394,0.001077,6.3059
3095,0.00003893,0.001515,6.3064
3096,0.00002591,0.001145,6.3045
3097,0.00003029,0.001211,6.3057
3098,0.00003475,0.000853,6.3059
3099,0.00002283,0.000973,6.3064
3100,0.00002925,0.000817,6.3057
3101,0.00002836,0.001613,6.3059
3102,0.00002572,0.001275,6.3059
3103,0.00002167,0.000879,6.3049
3104,0.00002724,0.001297,6.3053
3105,0.00003382,0.001311,6.3063
3106,0.00003757,0.001573,6.3074
3107,0.00004039,0.001343,6.3076
3108,0.00002732,0.001081,6.3057
3109,0.00003762,0.001609,6.3068
3110,0.00003803,0.000983,6.3063
3111,0.00003110,0.001197,6.3063
3112,0.00003150,0.000911,6.3064
3113,0.00001979,0.001417,6.3084
3114,0.00004118,0.001661,6.3063
3115,0.00003953,0.000993,6.3066
3116,0.00002549,0.000941,6.3057
3117,0.00003429,0.001655,6.3064
3118,0.00003685,0.000993,6.3051
3119,0.00003011,0.001119,6.3057
3120,0.00003908,0.001677,6.3070
3121,0.00003495,0.001187,6.3059
3122,0.00003665,0.001547,6.3068
3123,0.00004429,0.001541,6.3082
3124,0.00003060,0.001041,6.3068
3125,0.00001144,0.000807,6.3051
3126,0.00003476,0.001609,6.3070
3127,0.00002329,0.001021,6.3061
3128,0.00002216,0.000947,6.3063
3129,0.00002902,0.001187,6.3074
3130,0.00003626,0.001467,6.3072
3131,0.00003322,0.001301,6.3076
3132,0.00003174,0.001365,6.3059
3133,0.00003185,0.001009,6.3053
3134,0.00002952,0.001333,6.3074
3135,0.00003497,0.001369,6.3070
3136,0.00003009,0.001151,6.3068
3137,0.00004223,0.001535,6.3063
3138,0.00003641,0.001577,6.3066
3139,0.00003486,0.001151,6.3068
3140,0.00003157,0.001249,6.3057
3141,0.00002584,0.001071,6.3064
3142,0.00003357,0.001197,6.3074
3143,0.00003102,0.001233,6.3064
3144,0.00003039,0.001321,6.3053
3145,0.00003907,0.001093,6.3061
3146,0.00001135,0.000875,6.3064
3147,0.00002579,0.001139,6.3057
3148,0.00003129,0.000967,6.3047
3149,0.00002297,0.001057,6.3068
3150,0.00002623,0.000817,6.3053
3151,0.00002537,0.001791,6.3080
3152,0.00003498,0.001645,6.3066
3153,0.00003552,0.001191,6.3070
3154,0.00002740,0.001441,6.3068
3155,0.00003618,0.001495,6.3066
3156,0.00003172,0.001317,6.3068
3157,0.00002695,0.001045,6.3063
3158,0.00004636,0.001463,6.3072
3159,0.00003115,0.000853,6.3064
3160,0.00002971,0.001369,6.3064
3161,0.00002055,0.001015,6.3064
3162,0.00002428,0.001161,6.3076
3163,0.00003300,0.001073,6.3072
3164,0.00003409,0.001639,6.3068
3165,0.00003177,0.001609,6.3064
3166,0.00002961,0.000707,6.3061
3167,0.00003391,0.001459,6.3084
3168,0.00003320,0.000953,6.3068
3169,0.00003554,0.001629,6.3080
3170,0.00003784,0.001749,6.3084
3171,0.00002940,0.001493,6.3082
3172,0.00003364,0.001149,6.3088
3173,0.00003616,0.001061,6.3066
3174,0.00002779,0.001193,6.3066
3175,0.00002659,0.001139,6.3059
3176,0.00003860,0.001769,6.3078
3177,0.00002552,0.001489,6.3082
3178,0.00003473,0.001615,6.3074
3179,0.00003234,0.001155,6.3061
3180,0.00002950,0.001219,6.3070
3181,0.00003032,0.001077,6.3074
3182,0.00002930,0.000899,6.3064
3183,0.00003702,0.001041,6.3055
3184,0.00002524,0.000327,6.3053
3185,0.00002408,0.000723,6.3092
3186,0.00003337,0.001067,6.3059
3187,0.00003937,0.001573,6.3070
3188,0.00003781,0.000723,6.3057
3189,0.00003668,0.001739,6.3086
3190,0.00002458,0.001087,6.3064
3191,0.00002011,0.001331,6.3064
3192,0.00003251,0.001009,6.3061
3193,0.00003451,0.001333,6.3070
3194,0.00003167,0.001415,6.3066
3195,0.00003597,0.001285,6.3066
3196,0.00003008,0.001041,6.3061
3197,0.00003439,0.001453,6.3080
3198,0.00003804,0.001587,6.3074
3199,0.00001515,0.001135,6.3059
3200,0.00004260,0.001495,6.3074
3201,0.00003569,0.001193,6.3072
3202,0.00003352,0.001265,6.3059
3203,0.00003428,0.001047,6.3086
3204,0.00002898,0.000727,6.3076
3205,0.00003507,0.001587,6.3084
3206,0.00001725,0.000837,6.3063
3207,0.00002939,0.001271,6.3072
3208,0.00001639,0.000817,6.3061
3209,0.00003386,0.001379,6.3066
3210,0.00002043,0.000791,6.3057
3211,0.00002610,0.001693,6.3084
3212,0.00002554,0.001375,6.3072
3213,0.00003599,0.001295,6.3074
3214,0.00003080,0.001339,6.3072
3215,0.00003088,0.001467,6.3074
3216,0.00002396,0.001151,6.3076
3217,0.00003949,0.001515,6.3088
3218,0.00003848,0.001781,6.3080
3219,0.00003379,0.001619,6.3080
3220,0.00002804,0.001071,6.3064
3221,0.00003206,0.001301,6.3084
3222,0.00003261,0.001333,6.3063
3223,0.00004285,0.001227,6.3063
3224,0.00003273,0.001473,6.3070
3225,0.00003166,0.001041,6.3064
3226,0.00002755,0.001693,6.3086
3227,0.00003488,0.001593,6.3070
3228,0.00002854,0.001379,6.3076
3229,0.00003006,0.001025,6.3070
3230,0.00003939,0.001753,6.3086
3231,0.00003932,0.001703,6.3090
3232,0.00003554,0.000879,6.3076
3233,0.00003261,0.001103,6.3070
3234,0.00002614,0.000541,6.3066
3235,0.00003552,0.001541,6.3088
3236,0.00003729,0.000909,6.3066
3237,0.00002371,0.001219,6.3049
3238,0.00003155,0.001269,6.3061
3239,0.00003226,0.001295,6.3072
3240,0.01003186,0.173957,5.3984
3241,0.10277796,0.115927,5.9164
3242,0.02107616,0.114873,5.9123
3243,0.00003258,0.001417,6.2781
3244,0.00003903,0.001447,6.2873
3245,0.00002616,0.000905,6.2910
3246,0.00004464,0.001327,6.2949
3247,0.00003910,0.001701,6.2967
3248,0.00003629,0.001067,6.2967
3249,0.00003470,0.001165,6.2980
3250,0.00002925,0.001473,6.2986
3251,0.00002344,0.001149,6.2984
3252,0.00002727,0.001301,6.3008
3253,0.00002355,0.001343,6.2994
3254,0.00003764,0.001025,6.2996
3255,0.00002861,0.001271,6.3006
3256,0.00003300,0.001307,6.3020
3257,0.00002673,0.001427,6.3020
3258,0.00003064,0.001135,6.3010
3259,0.00003082,0.001119,6.3004
3260,0.00002209,0.000807,6.3014
3261,0.00003164,0.001463,6.3021
3262,0.00002623,0.001457,6.3033
3263,0.00003154,0.001191,6.3027
3264,0.00003225,0.000821,6.3002
3265,0.00002431,0.000613,6.3021
3266,0.00003135,0.001161,6.3020
3267,0.00002320,0.001343,6.3025
3268,0.00002806,0.001113,6.3021
3269,0.00002495,0.000797,6.3025
3270,0.00003125,0.000691,6.3021
3271,0.00003513,0.001521,6.3027
3272,0.00003070,0.001187,6.3025
3273,0.00002715,0.001401,6.3029
3274,0.00003708,0.001175,6.3029
3275,0.00002608,0.001469,6.3041
3276,0.00002322,0.000713,6.3021
3277,0.00003142,0.001755,6.3039
3278,0.00002429,0.001271,6.3031
3279,0.00002581,0.001287,6.3041
3280,0.00003690,0.001071,6.3018
3281,0.00002717,0.001311,6.3031
3282,0.00002737,0.000853,6.3021
3283,0.00002779,0.001395,6.3031
3284,0.00002162,0.001401,6.3029
3285,0.00003502,0.001343,6.3033
3286,0.00003345,0.001269,6.3037
3287,0.00002905,0.001229,6.3037
3288,0.00002802,0.001087,6.3025
3289,0.00003991,0.000957,6.3023
3290,0.00002860,0.000797,6.3027
3291,0.00002945,0.001123,6.3033
3292,0.00002688,0.001197,6.3033
3293,0.00003187,0.001295,6.3031
3294,0.00003341,0.001307,6.3027
3295,0.00003441,0.000801,6.3035
3296,0.00001850,0.001375,6.3023
3297,0.00001710,0.000953,6.3023
3298,0.00003166,0.001109,6.3033
3299,0.00003443,0.001771,6.3051
3300,0.00003392,0.000873,6.3023
3301,0.00003302,0.001207,6.3057
3302,0.00001966,0.000717,6.3025
3303,0.00003540,0.001103,6.3039
3304,0.00002401,0.001305,6.3043
3305,0.00002979,0.001255,6.3039
3306,0.00003376,0.001029,6.3029
3307,0.00002404,0.000727,6.3035
3308,0.00002878,0.000893,6.3033
3309,0.00003902,0.001409,6.3043
3310,0.00003261,0.000701,6.3037
3311,0.00003068,0.000895,6.3035
3312,0.00003608,0.000989,6.3033
3313,0.00001861,0.000821,6.3037
3314,0.00002732,0.000781,6.3051
3315,0.00002100,0.001437,6.3041
3316,0.00004176,0.001683,6.3047
3317,0.00002182,0.000801,6.3025
3318,0.00002524,0.001161,6.3033
3319,0.00003050,0.001775,6.3049
3320,0.00003233,0.001463,6.3041
3321,0.00004229,0.001551,6.3039
3322,0.00002772,0.001385,6.3043
3323,0.00004376,0.001615,6.3045
3324,0.00003680,0.001625,6.3047
3325,0.00003318,0.001755,6.3041
3326,0.00002841,0.001307,6.3043
3327,0.00002431,0.001389,6.3047
3328,0.00003445,0.001629,6.3041
3329,0.00003364,0.001437,6.3047
3330,0.00003406,0.001025,6.3049
3331,0.00003039,0.000723,6.3029
3332,0.00002729,0.001187,6.3055
3333,0.00002977,0.000833,6.3045
3334,0.00003392,0.000999,6.3021
3335,0.00001995,0.000979,6.3035
3336,0.00003166,0.001411,6.3037
3337,0.00003003,0.001275,6.3043
3338,0.00001885,0.001509,6.3045
3339,0.00003134,0.001051,6.3027
3340,0.00003566,0.001817,6.3041
3341,0.00002783,0.001473,6.3053
3342,0.00002318,0.001041,6.3033
3343,0.00003308,0.001145,6.3043
3344,0.00003134,0.001535,6.3043
3345,0.00002028,0.001107,6.3039
3346,0.00002755,0.001061,6.3035
3347,0.00003605,0.001411,6.3057
3348,0.00003876,0.001593,6.3049
3349,0.00002876,0.001099,6.3049
3350,0.00003421,0.001077,6.3025
3351,0.00003229,0.001681,6.3047
3352,0.00003093,0.001197,6.3037
3353,0.00002546,0.001035,6.3033
3354,0.00003453,0.001463,6.3049
3355,0.00002910,0.001733,6.3049
3356,0.00002821,0.001235,6.3043
3357,0.00002584,0.000911,6.3031
3358,0.00003003,0.001119,6.3047
3359,0.00002790,0.001297,6.3045
3360,0.00003621,0.001441,6.3037
3361,0.00003416,0.000779,6.3037
3362,0.00002379,0.001155,6.3043
3363,0.00002950,0.001453,6.3049
3364,0.00003419,0.001661,6.3041
3365,0.00002819,0.001561,6.3057
3366,0.00003507,0.001447,6.3059
3367,0.00002924,0.001119,6.3045
3368,0.00002577,0.001109,6.3043
3369,0.00004315,0.001609,6.3063
3370,0.00003029,0.000983,6.3041
3371,0.00002920,0.000837,6.3041
3372,0.00002663,0.001255,6.3057
3373,0.00002725,0.001239,6.3053
3374,0.00002614,0.001031,6.3033
3375,0.00003142,0.000807,6.3051
3376,0.00002762,0.000727,6.3039
3377,0.00001753,0.001443,6.3057
3378,0.00002355,0.001411,6.3039
3379,0.00003009,0.000701,6.3033
3380,0.00003692,0.001479,6.3066
3381,0.00003239,0.000801,6.3043
3382,0.00002781,0.001151,6.3047
3383,0.00003119,0.001713,6.3064
3384,0.00002629,0.001077,6.3047
3385,0.00003352,0.001337,6.3053
3386,0.00004663,0.001301,6.3047
3387,0.00003663,0.001521,6.3055
3388,0.00002848,0.001197,6.3031
3389,0.00002673,0.000765,6.3047
3390,0.00004144,0.001603,6.3049
3391,0.00003819,0.001285,6.3057
3392,0.00003130,0.001041,6.3063
3393,0.00003117,0.001375,6.3055
3394,0.00000940,0.000201,6.3045
3395,0.00003159,0.001019,6.3068
3396,0.00003989,0.000801,6.3053
3397,0.00003127,0.001113,6.3059
3398,0.00003929,0.001365,6.3043
3399,0.00002892,0.001259,6.3055
3400,0.00003821,0.001333,6.3049
3401,0.00003273,0.000899,6.3035
3402,0.00002860,0.001463,6.3053
3403,0.00002529,0.001249,6.3051
3404,0.00001729,0.000737,6.3047
3405,0.00003355,0.001469,6.3053
3406,0.00003831,0.001291,6.3055
3407,0.00003115,0.000901,6.3033
3408,0.00002107,0.001233,6.3051
3409,0.00003424,0.001139,6.3039
3410,0.00003004,0.001087,6.3045
3411,0.00002804,0.001337,6.3049
3412,0.00003317,0.001327,6.3047
3413,0.00003791,0.001479,6.3055
3414,0.00003241,0.000769,6.3049
3415,0.00003475,0.001159,6.3049
3416,0.00003216,0.001349,6.3064
3417,0.00003297,0.000895,6.3035
3418,0.00004312,0.001213,6.3061
3419,0.00003033,0.000909,6.3049
3420,0.00001468,0.001287,6.3055
3421,0.00003505,0.001463,6.3074
3422,0.00002152,0.001489,6.3057
3423,0.00002004,0.000691,6.3035
3424,0.00003247,0.001281,6.3059
3425,0.00002994,0.001369,6.3055
3426,0.00003766,0.001745,6.3061
3427,0.00003663,0.000729,6.3047
3428,0.00002157,0.000895,6.3045
3429,0.00002623,0.001259,6.3047
3430,0.00002042,0.000875,6.3039
3431,0.00004303,0.000999,6.3035
3432,0.00002282,0.001285,6.3059
3433,0.00003518,0.000833,6.3055
3434,0.00002866,0.000901,6.3037
3435,0.00003174,0.001203,6.3045
3436,0.00002924,0.001879,6.3068
3437,0.00002870,0.001285,6.3041
3438,0.00004048,0.001405,6.3061
3439,0.00002439,0.000791,6.3035
3440,0.00003219,0.001275,6.3053
3441,0.00004127,0.000999,6.3037
3442,0.00002415,0.001239,6.3057
3443,0.00002687,0.001191,6.3047
3444,0.00002794,0.000905,6.3041
3445,0.00003729,0.001463,6.3055
3446,0.00004112,0.001285,6.3049
3447,0.00003213,0.000931,6.3063
3448,0.00002973,0.001525,6.3059
3449,0.00003191,0.001321,6.3061
3450,0.00004213,0.001687,6.3059
3451,0.00002892,0.001791,6.3074
3452,0.00003555,0.001785,6.3061
3453,0.00002922,0.001359,6.3055
3454,0.00003222,0.001041,6.3045
3455,0.00003167,0.000701,6.3061
3456,0.00003752,0.001123,6.3049
3457,0.00002966,0.001165,6.3041
3458,0.00002997,0.001151,6.3051
3459,0.00003893,0.001249,6.3061
3460,0.00003278,0.001029,6.3059
3461,0.00003495,0.001385,6.3053
3462,0.00003142,0.001201,6.3047
3463,0.00004105,0.001869,6.3057
3464,0.00004525,0.001473,6.3055
3465,0.00003860,0.001337,6.3055
3466,0.00003800,0.001197,6.3055
3467,0.00002268,0.000797,6.3061
3468,0.00002880,0.001191,6.3061
3469,0.00002016,0.001849,6.3043
3470,0.00002860,0.001619,6.3053
3471,0.00002088,0.001057,6.3053
3472,0.00004010,0.000963,6.3053
3473,0.00002750,0.001083,6.3049
3474,0.00003137,0.001505,6.3053
3475,0.00003752,0.001687,6.3070
3476,0.00003559,0.001937,6.3066
3477,0.00003414,0.001735,6.3047
3478,0.00003814,0.001343,6.3055
3479,0.00002574,0.001041,6.3066
3480,0.00002591,0.001495,6.3053
3481,0.00003574,0.001041,6.3068
3482,0.00004056,0.001651,6.3061
3483,0.00003206,0.001843,6.3064
3484,0.00003141,0.001125,6.3047
3485,0.00002982,0.001373,6.3061
3486,0.00002364,0.001337,6.3072
3487,0.00004098,0.001213,6.3053
3488,0.00004009,0.001297,6.3049
3489,0.00003372,0.001385,6.3074
3490,0.00003131,0.000827,6.3039
3491,0.00003604,0.001359,6.3072
3492,0.00003705,0.001291,6.3064
3493,0.00002302,0.001129,6.3043
3494,0.00002929,0.001557,6.3053
3495,0.00003676,0.001395,6.3047
3496,0.00003714,0.001201,6.3051
3497,0.00002932,0.001551,6.3049
3498,0.00004761,0.001561,6.3055
3499,0.00003194,0.001197,6.3061
3500,0.00003058,0.001417,6.3063
3501,0.00003087,0.001719,6.3043
3502,0.00003307,0.001025,6.3049
3503,0.00003463,0.001399,6.3049
3504,0.00003433,0.001271,6.3055
3505,0.00003749,0.001755,6.3074
3506,0.00002115,0.001051,6.3057
3507,0.00003407,0.001369,6.3043
3508,0.00004107,0.001457,6.3059
3509,0.00002808,0.001175,6.3063
3510,0.00003925,0.001535,6.3064
3511,0.00003018,0.001129,6.3051
3512,0.00003601,0.001561,6.3043
3513,0.00003122,0.001161,6.3061
3514,0.00003483,0.000755,6.3045
3515,0.00003243,0.001493,6.3061
3516,0.00003196,0.001125,6.3043
3517,0.00003324,0.001067,6.3057
3518,0.00003431,0.001469,6.3072
3519,0.00002864,0.001671,6.3068
3520,0.00003702,0.001129,6.3051
3521,0.00003034,0.001327,6.3070
3522,0.00002966,0.001123,6.3053
3523,0.00003256,0.001015,6.3049
3524,0.00002303,0.000999,6.3057
3525,0.00003214,0.001191,6.3045
3526,0.00003192,0.001399,6.3037
3527,0.00003451,0.001051,6.3061
3528,0.00004024,0.001389,6.3074
3529,0.00003535,0.001109,6.3063
3530,0.00003951,0.001443,6.3070
3531,0.00002961,0.001353,6.3051
3532,0.00003589,0.000927,6.3059
3533,0.00003066,0.001087,6.3057
3534,0.00003927,0.001391,6.3061
3535,0.00003784,0.000859,6.3049
3536,0.00002865,0.001401,6.3070
3537,0.00003654,0.000961,6.3049
3538,0.00004441,0.001645,6.3064
3539,0.00003977,0.001139,6.3064
3540,0.01180712,0.234207,5.8311
3541,0.10442762,0.114889,5.9084
3542,0.01820974,0.114903,5.9037
3543,0.00004071,0.001613,6.2764
3544,0.00003315,0.001473,6.2875
3545,0.00002039,0.001113,6.2922
3546,0.00003924,0.001437,6.2947
3547,0.00002957,0.001703,6.2949
3548,0.00003215,0.001161,6.2963
3549,0.00002666,0.001073,6.2973
3550,0.00001757,0.000931,6.2955
3551,0.00003107,0.001187,6.2979
3552,0.00002749,0.001417,6.3002
3553,0.00003423,0.001103,6.2994
3554,0.00003048,0.001411,6.2992
3555,0.00003625,0.001265,6.2992
3556,0.00002646,0.000739,6.2996
3557,0.00004221,0.001483,6.2998
3558,0.00002318,0.000983,6.2986
3559,0.00001527,0.000749,6.2986
3560,0.00003276,0.001075,6.2990
3561,0.00005071,0.001743,6.2998
3562,0.00002969,0.001055,6.2984
3563,0.00003261,0.001625,6.3014
3564,0.00003349,0.001191,6.3002
3565,0.00002986,0.001431,6.3012
3566,0.00003453,0.001635,6.3023
3567,0.00004263,0.001015,6.3010
3568,0.00004026,0.001615,6.3018
3569,0.00004122,0.001703,6.3020
3570,0.00002972,0.001307,6.3012
3571,0.00005179,0.001719,6.3023
3572,0.00003742,0.001411,6.3010
3573,0.00003187,0.001473,6.3010
3574,0.00002897,0.001317,6.3014
3575,0.00003624,0.001145,6.3016
3576,0.00003608,0.001499,6.3008
3577,0.00002846,0.001213,6.3004
3578,0.00002739,0.001159,6.3014
3579,0.00003039,0.001479,6.3020
3580,0.00002579,0.001489,6.3012
3581,0.00003320,0.001135,6.3012
3582,0.00004167,0.000849,6.3016
3583,0.00003221,0.001139,6.3008
3584,0.00003447,0.001667,6.3020
3585,0.00003572,0.001347,6.3014
3586,0.00002485,0.001535,6.3037
3587,0.00003080,0.001651,6.3027
3588,0.00002656,0.001077,6.3012
3589,0.00002492,0.001145,6.3020
3590,0.00003656,0.001605,6.3025
3591,0.00003837,0.001567,6.3021
3592,0.00002320,0.001161,6.3002
3593,0.00002613,0.001447,6.3025
3594,0.00003209,0.000947,6.3016
3595,0.00003972,0.001729,6.3031
3596,0.00003219,0.001103,6.3039
3597,0.00004087,0.001645,6.3029
3598,0.00002893,0.001093,6.3025
3599,0.00003581,0.001441,6.3029
